metric,real,shadow,diff
cash,20000.0,20896.144434747664,-896.1444347476645
total_assets,20000.0,1003983.1459491824,-983983.1459491824
position_count,0.0,5.0,-5.0
