metric,real,shadow,diff
cash,20000.0,16919.154980926483,3080.8450190735166
total_assets,20000.0,999705.1641972351,-979705.1641972351
position_count,0.0,5.0,-5.0
