trade_date,instrument,rank_min,rank_max,rank_mean,rank_std,rank_range,contested,top_zone
2021-01-04,000001.SZ,371,565,493.6,77.80295624203492,194,False,False
2021-01-04,000002.SZ,322,404,357.0,31.064449134018133,82,False,False
2021-01-04,000009.SZ,231,373,333.4,58.65833274139319,142,False,False
2021-01-04,000021.SZ,96,166,127.0,25.45584412271571,70,False,False
2021-01-04,000027.SZ,499,594,523.8,39.75801805925441,95,False,False
2021-01-04,000032.SZ,18,37,24.6,7.536577472566709,19,True,False
2021-01-04,000034.SZ,115,145,132.8,12.00833044182246,30,False,False
2021-01-04,000039.SZ,273,407,334.4,60.62425257271218,134,False,False
2021-01-04,000050.SZ,496,610,556.0,42.85440467443224,114,False,False
2021-01-04,000060.SZ,261,459,371.6,71.54578953369652,198,False,False
2021-01-04,000062.SZ,226,471,355.0,97.31906288081488,245,False,False
2021-01-04,000063.SZ,301,402,342.2,41.535526961867234,101,False,False
2021-01-04,000088.SZ,380,550,439.4,71.741201551131,170,False,False
2021-01-04,000100.SZ,395,466,434.0,29.478805945967352,71,False,False
2021-01-04,000155.SZ,209,401,320.8,75.93549894482817,192,False,False
2021-01-04,000157.SZ,187,330,266.2,59.61711163751561,143,False,False
2021-01-04,000166.SZ,491,560,524.8,25.489213404889526,69,False,False
2021-01-04,000301.SZ,151,235,194.0,32.32645975048923,84,False,False
2021-01-04,000333.SZ,182,298,229.0,45.14421336118285,116,False,False
2021-01-04,000338.SZ,228,328,298.6,41.57884077268148,100,False,False
2021-01-04,000400.SZ,33,42,35.8,3.63318042491699,9,False,False
2021-01-04,000408.SZ,391,514,462.6,47.63717036096918,123,False,False
2021-01-04,000415.SZ,346,442,383.2,39.90864567985238,96,False,False
2021-01-04,000423.SZ,243,401,313.0,63.96483408873973,158,False,False
2021-01-04,000425.SZ,379,455,415.2,34.098387058627864,76,False,False
2021-01-04,000429.SZ,418,593,540.4,73.15599770353761,175,False,False
2021-01-04,000513.SZ,103,119,112.2,6.418722614352485,16,False,False
2021-01-04,000519.SZ,159,262,231.8,41.73367944478416,103,False,False
2021-01-04,000528.SZ,382,465,422.2,33.47685767810354,83,False,False
2021-01-04,000537.SZ,530,582,566.0,20.97617696340303,52,False,False
2021-01-04,000538.SZ,275,342,315.6,33.15569332708939,67,False,False
2021-01-04,000539.SZ,541,583,558.6,15.773395322504282,42,False,False
2021-01-04,000559.SZ,217,294,255.6,34.760609891082176,77,False,False
2021-01-04,000568.SZ,288,449,362.0,58.65151319446072,161,False,False
2021-01-04,000582.SZ,413,523,467.4,40.389355033226266,110,False,False
2021-01-04,000591.SZ,547,641,594.0,35.67211796347394,94,False,False
2021-01-04,000596.SZ,93,174,125.2,31.53886491299267,81,False,False
2021-01-04,000598.SZ,503,586,541.2,39.00897332665908,83,False,False
2021-01-04,000617.SZ,604,633,618.0,11.937336386313323,29,False,False
2021-01-04,000623.SZ,443,502,471.4,22.210357943986402,59,False,False
2021-01-04,000625.SZ,65,117,86.6,19.2171798139061,52,False,False
2021-01-04,000629.SZ,169,267,197.6,40.034984700883804,98,False,False
2021-01-04,000630.SZ,354,433,391.2,28.891175123210203,79,False,False
2021-01-04,000651.SZ,350,469,424.2,49.07341439109368,119,False,False
2021-01-04,000657.SZ,518,615,561.4,35.83015489779524,97,False,False
2021-01-04,000661.SZ,24,44,33.2,7.12039324756716,20,False,False
2021-01-04,000683.SZ,111,195,164.6,35.500704218367275,84,False,False
2021-01-04,000703.SZ,617,640,628.6,8.619744775803978,23,False,False
2021-01-04,000708.SZ,206,323,255.4,44.10555520566542,117,False,False
2021-01-04,000709.SZ,356,503,441.0,53.58637886627534,147,False,False
2021-01-04,000723.SZ,48,116,76.2,25.163465580082566,68,False,False
2021-01-04,000725.SZ,420,595,520.4,63.18860656795654,175,False,False
2021-01-04,000728.SZ,415,473,440.6,24.99599967994879,58,False,False
2021-01-04,000729.SZ,314,398,368.8,39.9899987496874,84,False,False
2021-01-04,000733.SZ,645,669,660.0,9.246621004453464,24,False,False
2021-01-04,000738.SZ,295,381,344.0,36.932370625238775,86,False,False
2021-01-04,000739.SZ,2,7,3.6,1.9493588689617927,5,True,True
2021-01-04,000750.SZ,546,576,565.2,12.070625501605125,30,False,False
2021-01-04,000768.SZ,618,658,632.0,16.688319268278637,40,False,False
2021-01-04,000776.SZ,613,643,626.6,10.830512453249845,30,False,False
2021-01-04,000783.SZ,241,296,263.4,24.357750306627253,55,False,False
2021-01-04,000785.SZ,146,253,201.0,48.05725751642513,107,False,False
2021-01-04,000786.SZ,472,558,506.8,38.62253228362946,86,False,False
2021-01-04,000792.SZ,376,450,422.0,28.731515797117282,74,False,False
2021-01-04,000807.SZ,176,279,214.4,46.57574476055106,103,False,False
2021-01-04,000825.SZ,457,524,489.6,27.272696969680137,67,False,False
2021-01-04,000830.SZ,178,238,211.0,30.528675044947494,60,False,False
2021-01-04,000831.SZ,92,209,136.0,49.076470940767535,117,False,False
2021-01-04,000858.SZ,384,448,413.4,29.11700534052223,64,False,False
2021-01-04,000878.SZ,269,318,286.4,20.007498594277095,49,False,False
2021-01-04,000883.SZ,424,581,527.4,62.91502205356047,157,False,False
2021-01-04,000887.SZ,63,132,86.2,27.096125184239906,69,False,False
2021-01-04,000893.SZ,116,155,135.6,15.323185047502363,39,False,False
2021-01-04,000895.SZ,247,485,346.0,88.77218032694702,238,False,False
2021-01-04,000898.SZ,264,368,312.4,38.68849958320948,104,False,False
2021-01-04,000921.SZ,51,65,59.8,5.805170109479997,14,False,False
2021-01-04,000932.SZ,426,487,454.8,22.90633100258529,61,False,False
2021-01-04,000937.SZ,391,494,435.4,38.55256152319843,103,False,False
2021-01-04,000938.SZ,252,393,302.0,60.848171706305195,141,False,False
2021-01-04,000951.SZ,152,248,208.8,39.002564018279614,96,False,False
2021-01-04,000959.SZ,478,548,507.4,26.2449995237188,70,False,False
2021-01-04,000960.SZ,436,541,467.4,42.25281055740553,105,False,False
2021-01-04,000963.SZ,288,404,340.4,45.93800169794067,116,False,False
2021-01-04,000967.SZ,293,390,352.8,45.51043836308325,97,False,False
2021-01-04,000975.SZ,288,357,321.2,29.388773366712673,69,False,False
2021-01-04,000977.SZ,430,485,462.2,24.159884105682295,55,False,False
2021-01-04,000983.SZ,292,353,333.6,25.481365740477884,61,False,False
2021-01-04,000987.SZ,571,598,581.2,10.084641788382967,27,False,False
2021-01-04,000997.SZ,120,202,168.0,31.614869919074472,82,False,False
2021-01-04,000999.SZ,121,192,159.0,26.832815729997478,71,False,False
2021-01-04,001696.SZ,43,84,62.4,17.529974329701684,41,False,False
2021-01-04,001965.SZ,533,595,571.6,24.058262613912916,62,False,False
2021-01-04,001979.SZ,621,651,637.4,13.501851724856113,30,False,False
2021-01-04,002001.SZ,132,262,199.6,46.70438951533357,130,False,False
2021-01-04,002007.SZ,113,166,132.6,20.743673734418405,53,False,False
2021-01-04,002008.SZ,90,214,130.6,48.190247976120645,124,False,False
2021-01-04,002025.SZ,364,534,449.6,84.00773773885356,170,False,False
2021-01-04,002027.SZ,187,253,213.6,27.996428343629834,66,False,False
2021-01-04,002028.SZ,67,106,89.6,15.709869509324385,39,False,False
2021-01-04,002032.SZ,178,239,202.0,25.367301787931645,61,False,False
2021-01-04,002044.SZ,299,443,381.2,55.46800879786474,144,False,False
2021-01-04,002049.SZ,343,498,429.2,71.37716721753533,155,False,False
2021-01-04,002050.SZ,164,268,206.8,41.08162606324146,104,False,False
2021-01-04,002056.SZ,244,411,367.4,71.08656694481736,167,False,False
2021-01-04,002064.SZ,93,140,125.2,18.780308836651223,47,False,False
2021-01-04,002065.SZ,293,334,313.4,15.076471735787521,41,False,False
2021-01-04,002074.SZ,638,664,649.4,11.036303729057115,26,False,False
2021-01-04,002078.SZ,79,122,98.2,15.352524222420234,43,False,False
2021-01-04,002085.SZ,317,392,358.2,36.32767540044367,75,False,False
2021-01-04,002120.SZ,221,329,283.8,40.92920717531675,108,False,False
2021-01-04,002126.SZ,157,399,257.2,105.01999809560083,242,False,False
2021-01-04,002130.SZ,52,76,63.2,10.084641788382966,24,False,False
2021-01-04,002131.SZ,371,434,401.4,29.42447960457415,63,False,False
2021-01-04,002138.SZ,32,67,42.4,14.117365193264641,35,False,False
2021-01-04,002142.SZ,526,638,600.8,43.928350754381846,112,False,False
2021-01-04,002152.SZ,256,406,321.6,58.71371219740752,150,False,False
2021-01-04,002153.SZ,405,526,486.4,48.90092023673992,121,False,False
2021-01-04,002155.SZ,135,196,171.8,24.159884105682295,61,False,False
2021-01-04,002157.SZ,470,555,510.6,40.87542048713383,85,False,False
2021-01-04,002179.SZ,451,668,594.8,85.66037590391488,217,False,False
2021-01-04,002185.SZ,228,279,244.6,19.982492337043443,51,False,False
2021-01-04,002195.SZ,357,392,374.0,13.946325680981353,35,False,False
2021-01-04,002202.SZ,644,667,653.6,10.502380682492898,23,False,False
2021-01-04,002203.SZ,539,573,559.8,13.6088206689632,34,False,False
2021-01-04,002223.SZ,121,180,152.8,28.45522799065226,59,False,False
2021-01-04,002230.SZ,241,337,293.6,39.4943033866911,96,False,False
2021-01-04,002236.SZ,79,196,131.0,42.59694824749773,117,False,False
2021-01-04,002241.SZ,45,105,73.4,21.372880011828073,60,False,False
2021-01-04,002244.SZ,498,590,535.6,37.1860188780676,92,False,False
2021-01-04,002252.SZ,240,348,319.6,45.335416618798156,108,False,False
2021-01-04,002261.SZ,121,220,177.0,35.958309192730404,99,False,False
2021-01-04,002262.SZ,105,228,170.4,57.007017111931056,123,False,False
2021-01-04,002265.SZ,75,222,120.2,58.93810312522791,147,False,False
2021-01-04,002266.SZ,353,457,410.2,39.95872870850623,104,False,False
2021-01-04,002271.SZ,210,362,312.8,62.1747537188528,152,False,False
2021-01-04,002273.SZ,288,360,312.6,31.808803812781143,72,False,False
2021-01-04,002281.SZ,35,103,64.2,25.99423012901132,68,False,False
2021-01-04,002299.SZ,348,433,397.6,39.8911017646793,85,False,False
2021-01-04,002304.SZ,623,647,636.0,10.392304845413264,24,False,False
2021-01-04,002311.SZ,160,220,185.8,29.209587467131406,60,False,False
2021-01-04,002312.SZ,265,445,324.2,80.01687322059017,180,False,False
2021-01-04,002318.SZ,98,138,111.0,16.0,40,False,False
2021-01-04,002335.SZ,4,16,9.6,5.128352561983234,12,True,True
2021-01-04,002340.SZ,577,640,604.0,25.67099530598687,63,False,False
2021-01-04,002352.SZ,68,146,104.4,27.75427894938004,78,False,False
2021-01-04,002353.SZ,94,153,124.0,27.08320512790168,59,False,False
2021-01-04,002371.SZ,52,103,75.0,21.621748310439653,51,False,False
2021-01-04,002384.SZ,76,168,106.4,37.380476187443094,92,False,False
2021-01-04,002402.SZ,3,10,6.2,2.7748873851023217,7,True,True
2021-01-04,002409.SZ,2,14,7.8,4.494441010848846,12,True,True
2021-01-04,002410.SZ,108,218,148.0,43.15669125408017,110,False,False
2021-01-04,002414.SZ,309,397,355.2,36.32079294288604,88,False,False
2021-01-04,002415.SZ,126,190,161.4,24.037470748812158,64,False,False
2021-01-04,002422.SZ,134,256,176.8,48.45307007816945,122,False,False
2021-01-04,002423.SZ,419,471,447.6,19.449935732541636,52,False,False
2021-01-04,002429.SZ,176,298,238.2,49.6155217648671,122,False,False
2021-01-04,002430.SZ,8,15,11.0,3.082207001484488,7,True,False
2021-01-04,002432.SZ,318,446,376.4,46.20930642197522,128,False,False
2021-01-04,002436.SZ,20,39,27.6,7.231873892705818,19,True,False
2021-01-04,002444.SZ,81,220,161.4,52.33832247980442,139,False,False
2021-01-04,002460.SZ,470,583,507.6,46.06842736625595,113,False,False
2021-01-04,002461.SZ,267,407,330.2,64.30940833190739,140,False,False
2021-01-04,002463.SZ,391,517,455.4,45.697921178101744,126,False,False
2021-01-04,002465.SZ,199,291,241.0,35.234925854895735,92,False,False
2021-01-04,002466.SZ,582,661,616.6,29.888124732073774,79,False,False
2021-01-04,002472.SZ,226,352,263.2,52.38033982325811,126,False,False
2021-01-04,002475.SZ,105,205,141.4,40.60541835765272,100,False,False
2021-01-04,002493.SZ,494,552,535.0,23.80126047082381,58,False,False
2021-01-04,002500.SZ,551,593,575.0,17.363755354185336,42,False,False
2021-01-04,002508.SZ,325,467,385.2,54.57288704109395,142,False,False
2021-01-04,002517.SZ,19,55,32.2,16.330952207388275,36,True,False
2021-01-04,002532.SZ,374,531,461.8,63.4326414395617,157,False,False
2021-01-04,002558.SZ,150,166,158.6,5.727128425310542,16,False,False
2021-01-04,002568.SZ,43,73,59.8,13.179529581893277,30,False,False
2021-01-04,002583.SZ,151,258,208.0,40.65095324835569,107,False,False
2021-01-04,002594.SZ,447,585,526.4,49.97799515786923,138,False,False
2021-01-04,002600.SZ,46,141,86.0,35.70014005574768,95,False,False
2021-01-04,002601.SZ,175,246,208.4,31.816662301379132,71,False,False
2021-01-04,002603.SZ,54,82,62.4,11.171392035015154,28,False,False
2021-01-04,002608.SZ,598,638,621.8,16.93221781102523,40,False,False
2021-01-04,002624.SZ,72,161,96.4,36.45270908999769,89,False,False
2021-01-04,002625.SZ,167,278,235.4,41.43428532025139,111,False,False
2021-01-04,002648.SZ,321,405,366.6,31.73798985443155,84,False,False
2021-01-04,002670.SZ,205,350,272.4,54.66077203991908,145,False,False
2021-01-04,002673.SZ,134,205,175.4,26.254523419784256,71,False,False
2021-01-04,002683.SZ,34,67,50.0,15.604486534327235,33,False,False
2021-01-04,002709.SZ,344,440,388.2,38.69366873275265,96,False,False
2021-01-04,002714.SZ,277,355,323.8,30.194370336206713,78,False,False
2021-01-04,002736.SZ,593,634,615.4,18.4878338374186,41,False,False
2021-01-04,002738.SZ,193,311,262.8,46.51021393199562,118,False,False
2021-01-04,002739.SZ,215,310,270.0,36.44859393721519,95,False,False
2021-01-04,002756.SZ,98,174,125.0,28.77498913987632,76,False,False
2021-01-04,002773.SZ,54,69,61.8,6.496152707564685,15,False,False
2021-01-04,002797.SZ,303,420,343.6,46.11724189497893,117,False,False
2021-01-04,002821.SZ,173,281,206.2,43.44191524323024,108,False,False
2021-01-04,002831.SZ,97,198,135.2,38.427854480832,101,False,False
2021-01-04,002837.SZ,14,37,23.8,9.038805230781334,23,True,False
2021-01-04,002841.SZ,182,272,222.0,35.26329536501091,90,False,False
2021-01-04,002850.SZ,101,185,145.6,37.360406850033094,84,False,False
2021-01-04,002851.SZ,1,1,1.0,0.0,0,True,True
2021-01-04,002916.SZ,181,252,217.0,27.13853349022382,71,False,False
2021-01-04,002920.SZ,239,363,306.0,49.59334632790976,124,False,False
2021-01-04,002926.SZ,233,303,285.4,30.03830887383642,70,False,False
2021-01-04,002938.SZ,36,63,51.0,10.559356040971437,27,False,False
2021-01-04,002939.SZ,227,343,294.4,43.71269838387925,116,False,False
2021-01-04,002945.SZ,143,229,192.4,31.317726609701413,86,False,False
2021-01-04,002966.SZ,632,663,648.8,11.054410884348384,31,False,False
2021-01-04,002984.SZ,438,517,488.8,30.515569796417044,79,False,False
2021-01-04,003021.SZ,369,481,410.0,43.86342439892262,112,False,False
2021-01-04,003022.SZ,48,118,85.6,27.07027890510181,70,False,False
2021-01-04,003816.SZ,521,589,551.0,29.129023327259016,68,False,False
2021-01-04,300001.SZ,492,608,544.2,46.99148859102039,116,False,False
2021-01-04,300002.SZ,212,266,241.2,22.653917983430592,54,False,False
2021-01-04,300003.SZ,495,594,540.4,48.80881068004014,99,False,False
2021-01-04,300012.SZ,15,32,25.4,6.50384501660364,17,True,False
2021-01-04,300014.SZ,124,192,157.2,29.312113536898018,68,False,False
2021-01-04,300015.SZ,86,117,104.0,12.90348790056394,31,False,False
2021-01-04,300017.SZ,122,231,169.6,45.93800169794067,109,False,False
2021-01-04,300024.SZ,210,289,256.4,32.18384688007324,79,False,False
2021-01-04,300033.SZ,72,152,103.0,37.296112397943034,80,False,False
2021-01-04,300037.SZ,78,133,97.6,21.23205124334434,55,False,False
2021-01-04,300054.SZ,85,162,130.0,33.4888040992807,77,False,False
2021-01-04,300058.SZ,342,482,404.2,57.46477181717509,140,False,False
2021-01-04,300059.SZ,395,567,516.2,69.35200069212135,172,False,False
2021-01-04,300073.SZ,370,453,411.6,30.162891108114955,83,False,False
2021-01-04,300100.SZ,13,42,31.6,12.621410380777577,29,True,False
2021-01-04,300115.SZ,58,132,104.6,30.245660845813898,74,False,False
2021-01-04,300122.SZ,9,23,15.4,6.58027355054484,14,True,False
2021-01-04,300124.SZ,227,349,301.2,47.788073826008095,122,False,False
2021-01-04,300136.SZ,322,390,343.4,27.50999818247904,68,False,False
2021-01-04,300140.SZ,65,161,121.4,39.94120679198364,96,False,False
2021-01-04,300142.SZ,89,199,162.0,45.56862956025779,110,False,False
2021-01-04,300144.SZ,223,300,260.8,35.18096076004747,77,False,False
2021-01-04,300146.SZ,329,376,354.6,17.643695757975422,47,False,False
2021-01-04,300207.SZ,565,631,594.4,29.458445308603782,66,False,False
2021-01-04,300223.SZ,303,457,361.0,72.43963003770796,154,False,False
2021-01-04,300251.SZ,408,471,436.8,25.223005372080465,63,False,False
2021-01-04,300274.SZ,232,363,313.2,48.65901766373835,131,False,False
2021-01-04,300285.SZ,88,167,139.6,30.336446726668566,79,False,False
2021-01-04,300308.SZ,214,385,316.8,78.45826916265742,171,False,False
2021-01-04,300316.SZ,77,95,83.6,8.706319543871567,18,False,False
2021-01-04,300339.SZ,124,230,161.4,40.85706793199923,106,False,False
2021-01-04,300346.SZ,543,655,594.6,41.46444259844813,112,False,False
2021-01-04,300373.SZ,316,479,404.0,60.054142238483436,163,False,False
2021-01-04,300383.SZ,373,464,412.6,44.46684157886638,91,False,False
2021-01-04,300390.SZ,480,642,532.4,63.58694834633913,162,False,False
2021-01-04,300394.SZ,43,89,75.6,18.95521036549054,46,False,False
2021-01-04,300395.SZ,74,157,106.2,38.564232132897445,83,False,False
2021-01-04,300408.SZ,189,254,208.8,27.489998181156725,65,False,False
2021-01-04,300413.SZ,44,71,58.0,12.786711852544421,27,False,False
2021-01-04,300418.SZ,491,587,552.8,39.66358531449218,96,False,False
2021-01-04,300432.SZ,101,265,163.0,64.71475874945375,164,False,False
2021-01-04,300433.SZ,62,140,111.2,30.277054017853192,78,False,False
2021-01-04,300442.SZ,135,191,155.2,21.614809737770074,56,False,False
2021-01-04,300450.SZ,68,109,78.8,17.23948955160796,41,False,False
2021-01-04,300454.SZ,127,222,169.2,36.533546228090145,95,False,False
2021-01-04,300458.SZ,112,200,148.6,33.67194678066595,88,False,False
2021-01-04,300474.SZ,150,214,182.4,25.205158202241062,64,False,False
2021-01-04,300476.SZ,25,37,30.0,5.0,12,False,False
2021-01-04,300487.SZ,2,11,4.8,3.8340579025361627,9,True,True
2021-01-04,300496.SZ,47,66,57.8,7.049822692805827,19,False,False
2021-01-04,300498.SZ,304,410,348.6,50.60928768516704,106,False,False
2021-01-04,300502.SZ,208,280,244.2,27.571724646818886,72,False,False
2021-01-04,300558.SZ,28,52,40.6,9.50263121456368,24,False,False
2021-01-04,300567.SZ,269,373,326.0,45.28796749689701,104,False,False
2021-01-04,300570.SZ,62,140,106.2,32.112302938282085,78,False,False
2021-01-04,300604.SZ,156,341,257.2,81.1584869252748,185,False,False
2021-01-04,300623.SZ,111,147,127.4,16.195678435928517,36,False,False
2021-01-04,300627.SZ,13,30,20.0,7.176350047203662,17,True,False
2021-01-04,300628.SZ,128,211,164.6,30.1711782998278,83,False,False
2021-01-04,300661.SZ,95,218,149.6,51.505339529023594,123,False,False
2021-01-04,300676.SZ,367,488,443.2,55.12440475869104,121,False,False
2021-01-04,300677.SZ,544,577,556.4,13.371611720357423,33,False,False
2021-01-04,300679.SZ,9,41,21.8,12.755391017134675,32,True,False
2021-01-04,300699.SZ,247,482,341.4,92.00978208864534,235,False,False
2021-01-04,300718.SZ,46,86,59.4,15.773395322504284,40,False,False
2021-01-04,300724.SZ,46,86,63.6,14.842506526863984,40,False,False
2021-01-04,300735.SZ,94,221,156.4,50.79665343307568,127,False,False
2021-01-04,300748.SZ,4,10,7.0,2.449489742783178,6,True,True
2021-01-04,300750.SZ,224,408,331.4,85.71930937659262,184,False,False
2021-01-04,300751.SZ,119,305,204.2,82.75989366837055,186,False,False
2021-01-04,300757.SZ,92,195,130.2,41.06945336865345,103,False,False
2021-01-04,300759.SZ,72,164,97.6,37.85894874398918,92,False,False
2021-01-04,300760.SZ,80,169,123.4,37.19946236170625,89,False,False
2021-01-04,300763.SZ,124,257,172.0,50.19462122578474,133,False,False
2021-01-04,300803.SZ,99,252,153.2,68.45217308457052,153,False,False
2021-01-04,300832.SZ,156,292,189.0,57.93099343184095,136,False,False
2021-01-04,300857.SZ,191,303,245.8,39.80829059379465,112,False,False
2021-01-04,300866.SZ,179,282,237.6,40.549969173847714,103,False,False
2021-01-04,300888.SZ,331,437,383.6,43.83263624287273,106,False,False
2021-01-04,300896.SZ,417,523,466.2,47.782842108857444,106,False,False
2021-01-04,300919.SZ,569,652,605.2,33.19186647358054,83,False,False
2021-01-04,300999.SZ,259,414,333.0,55.30370692819786,155,False,False
2021-01-04,302132.SZ,73,243,177.0,64.67998144712165,170,False,False
2021-01-04,600000.SH,647,659,652.8,5.310367218940701,12,False,False
2021-01-04,600004.SH,225,416,295.0,74.52180888840527,191,False,False
2021-01-04,600008.SH,331,427,390.6,36.56911264988529,96,False,False
2021-01-04,600009.SH,493,512,504.2,7.463243262818116,19,False,False
2021-01-04,600010.SH,423,516,470.4,37.55396117588663,93,False,False
2021-01-04,600011.SH,244,334,288.2,36.3001377407855,90,False,False
2021-01-04,600015.SH,654,667,659.8,4.969909455915671,13,False,False
2021-01-04,600016.SH,643,661,650.2,7.563068160475615,18,False,False
2021-01-04,600018.SH,656,668,660.0,5.656854249492381,12,False,False
2021-01-04,600019.SH,238,322,283.4,37.051315766110115,84,False,False
2021-01-04,600021.SH,503,597,537.2,43.74014174645528,94,False,False
2021-01-04,600023.SH,568,648,624.6,32.338831147708476,80,False,False
2021-01-04,600025.SH,595,624,611.2,12.336936410632909,29,False,False
2021-01-04,600026.SH,185,359,268.6,61.8287958802369,174,False,False
2021-01-04,600027.SH,613,641,624.4,11.907980517283356,28,False,False
2021-01-04,600028.SH,525,581,548.0,21.529050141610984,56,False,False
2021-01-04,600029.SH,336,438,383.0,36.46916505762094,102,False,False
2021-01-04,600030.SH,349,460,396.6,57.300087259968464,111,False,False
2021-01-04,600031.SH,19,29,22.8,4.147288270665544,10,True,False
2021-01-04,600036.SH,597,637,615.4,14.926486525636232,40,False,False
2021-01-04,600038.SH,543,594,564.0,19.836834424877374,51,False,False
2021-01-04,600039.SH,394,536,483.4,53.43032846614365,142,False,False
2021-01-04,600048.SH,647,668,653.6,8.792041856133306,21,False,False
2021-01-04,600050.SH,578,623,607.4,17.515707236649053,45,False,False
2021-01-04,600060.SH,341,422,381.0,35.86781286892191,81,False,False
2021-01-04,600061.SH,436,562,491.0,47.644516998286385,126,False,False
2021-01-04,600062.SH,343,403,366.2,25.083859352181037,60,False,False
2021-01-04,600066.SH,193,263,229.0,29.180472922829747,70,False,False
2021-01-04,600085.SH,431,534,480.2,46.22445240346283,103,False,False
2021-01-04,600089.SH,596,633,612.8,15.56277610196844,37,False,False
2021-01-04,600095.SH,210,333,274.0,51.03920062069938,123,False,False
2021-01-04,600098.SH,377,595,518.6,86.59849883225459,218,False,False
2021-01-04,600104.SH,185,307,221.6,48.7831938273828,122,False,False
2021-01-04,600109.SH,399,468,439.8,27.1422180375886,69,False,False
2021-01-04,600111.SH,192,302,268.4,45.05885040699552,110,False,False
2021-01-04,600115.SH,266,332,297.0,24.269322199023193,66,False,False
2021-01-04,600118.SH,152,256,196.4,44.41058432400997,104,False,False
2021-01-04,600126.SH,373,489,430.2,47.683330420598764,116,False,False
2021-01-04,600131.SH,302,388,343.0,31.22498999199199,86,False,False
2021-01-04,600132.SH,108,165,137.6,23.351659469939175,57,False,False
2021-01-04,600141.SH,409,493,437.6,33.463412856431724,84,False,False
2021-01-04,600143.SH,245,422,316.8,74.09250974288831,177,False,False
2021-01-04,600150.SH,352,573,448.2,84.58545974338615,221,False,False
2021-01-04,600153.SH,483,568,513.6,33.049962178495754,85,False,False
2021-01-04,600157.SH,475,590,548.2,47.90302704422759,115,False,False
2021-01-04,600160.SH,263,339,287.4,30.204304329019067,76,False,False
2021-01-04,600161.SH,45,53,49.4,3.286335345030997,8,False,False
2021-01-04,600166.SH,498,609,568.8,41.948778289719,111,False,False
2021-01-04,600170.SH,584,622,597.8,14.549914089093445,38,False,False
2021-01-04,600171.SH,19,52,33.4,13.427583550289308,33,True,False
2021-01-04,600176.SH,277,381,324.2,47.44154297659384,104,False,False
2021-01-04,600177.SH,449,538,496.2,38.751774152933955,89,False,False
2021-01-04,600183.SH,199,316,272.6,46.0575726672607,117,False,False
2021-01-04,600188.SH,568,635,602.4,24.027068069159,67,False,False
2021-01-04,600196.SH,118,183,136.6,26.30209117161599,65,False,False
2021-01-04,600208.SH,530,585,556.0,21.714050750608465,55,False,False
2021-01-04,600219.SH,450,618,540.8,63.94685293272844,168,False,False
2021-01-04,600233.SH,533,619,591.2,34.60057802985378,86,False,False
2021-01-04,600276.SH,245,289,270.0,20.18662923818635,44,False,False
2021-01-04,600282.SH,518,638,573.2,52.179497889496794,120,False,False
2021-01-04,600295.SH,650,669,657.4,8.384509526501832,19,False,False
2021-01-04,600298.SH,148,222,176.0,32.45766473423496,74,False,False
2021-01-04,600299.SH,89,176,128.6,37.58058009131844,87,False,False
2021-01-04,600309.SH,169,268,204.2,42.04997027347344,99,False,False
2021-01-04,600312.SH,287,366,330.2,31.815090758946454,79,False,False
2021-01-04,600316.SH,550,612,576.8,26.252618916976644,62,False,False
2021-01-04,600329.SH,194,278,252.2,35.17385392589217,84,False,False
2021-01-04,600332.SH,476,579,519.0,38.203402989786134,103,False,False
2021-01-04,600339.SH,427,519,458.8,36.03054259930039,92,False,False
2021-01-04,600346.SH,201,345,260.0,53.225933528685054,144,False,False
2021-01-04,600348.SH,347,451,398.0,37.013511046643494,104,False,False
2021-01-04,600352.SH,423,571,502.2,54.8014598345701,148,False,False
2021-01-04,600362.SH,387,496,454.4,40.537636832948216,109,False,False
2021-01-04,600363.SH,96,233,143.4,52.39561050317097,137,False,False
2021-01-04,600369.SH,488,576,538.6,33.35865704730932,88,False,False
2021-01-04,600372.SH,283,431,362.8,65.73583497606158,148,False,False
2021-01-04,600377.SH,427,598,516.2,63.0452218649439,171,False,False
2021-01-04,600378.SH,75,138,103.8,26.147657638878478,63,False,False
2021-01-04,600380.SH,119,152,138.8,14.805404418657398,33,False,False
2021-01-04,600390.SH,561,629,599.0,25.93260495977988,68,False,False
2021-01-04,600392.SH,483,605,535.4,46.33896848226124,122,False,False
2021-01-04,600398.SH,99,239,176.8,58.64042973921661,140,False,False
2021-01-04,600406.SH,443,609,537.8,60.40860865803813,166,False,False
2021-01-04,600415.SH,548,654,605.4,46.83801874545934,106,False,False
2021-01-04,600426.SH,136,175,156.2,16.48332490731163,39,False,False
2021-01-04,600435.SH,242,388,297.2,63.061081500399276,146,False,False
2021-01-04,600436.SH,199,298,236.4,38.207329139839125,99,False,False
2021-01-04,600438.SH,268,480,385.0,89.45389874119518,212,False,False
2021-01-04,600460.SH,400,562,482.6,63.94372525901193,162,False,False
2021-01-04,600482.SH,339,425,377.4,37.31353641776668,86,False,False
2021-01-04,600483.SH,513,562,534.0,18.614510468986285,49,False,False
2021-01-04,600486.SH,154,239,190.6,40.47591876659503,85,False,False
2021-01-04,600489.SH,287,370,318.0,32.21024681681281,83,False,False
2021-01-04,600497.SH,248,427,347.4,69.68715807091003,179,False,False
2021-01-04,600498.SH,454,525,477.6,28.684490582891655,71,False,False
2021-01-04,600499.SH,364,476,431.8,43.67150100465978,112,False,False
2021-01-04,600511.SH,500,603,537.0,39.43982758583004,103,False,False
2021-01-04,600515.SH,419,496,464.0,31.64648479689332,77,False,False
2021-01-04,600516.SH,222,367,311.0,53.744767187141115,145,False,False
2021-01-04,600517.SH,449,602,539.6,58.80306114480776,153,False,False
2021-01-04,600519.SH,383,491,436.0,49.714183086921985,108,False,False
2021-01-04,600521.SH,54,111,76.0,21.783020910791965,57,False,False
2021-01-04,600522.SH,452,501,482.6,20.59854363784003,49,False,False
2021-01-04,600535.SH,62,104,79.0,16.0,42,False,False
2021-01-04,600536.SH,286,415,335.6,54.13224547346987,129,False,False
2021-01-04,600546.SH,428,560,498.8,49.31227027829889,132,False,False
2021-01-04,600547.SH,57,160,100.6,39.449968314309196,103,False,False
2021-01-04,600549.SH,265,429,326.4,70.0985021237972,164,False,False
2021-01-04,600562.SH,305,464,380.4,56.66833330882425,159,False,False
2021-01-04,600563.SH,110,216,150.6,48.09157930448947,106,False,False
2021-01-04,600566.SH,295,372,318.2,31.775776937787057,77,False,False
2021-01-04,600570.SH,310,384,347.2,30.654526582545685,74,False,False
2021-01-04,600578.SH,656,669,664.2,5.167204273105526,13,False,False
2021-01-04,600582.SH,212,428,342.0,85.85161617581815,216,False,False
2021-01-04,600583.SH,405,474,444.0,27.39525506360545,69,False,False
2021-01-04,600584.SH,264,320,298.2,21.787611158637837,56,False,False
2021-01-04,600585.SH,173,231,205.0,23.16246964380094,58,False,False
2021-01-04,600588.SH,170,263,216.2,40.34476422040411,93,False,False
2021-01-04,600598.SH,150,268,201.2,49.766454565299306,118,False,False
2021-01-04,600600.SH,30,40,34.0,4.636809247747852,10,False,False
2021-01-04,600601.SH,179,226,201.6,16.949926253526886,47,False,False
2021-01-04,600602.SH,355,483,416.8,51.2757252508436,128,False,False
2021-01-04,600606.SH,590,644,628.0,21.920310216782973,54,False,False
2021-01-04,600637.SH,457,508,477.4,23.765521244020718,51,False,False
2021-01-04,600642.SH,513,566,539.0,23.717082451262844,53,False,False
2021-01-04,600655.SH,541,604,573.6,27.88010043023518,63,False,False
2021-01-04,600660.SH,179,285,242.8,43.58554806354969,106,False,False
2021-01-04,600663.SH,532,579,564.0,18.748333259252675,47,False,False
2021-01-04,600674.SH,307,518,410.0,78.41555968046137,211,False,False
2021-01-04,600685.SH,522,591,553.2,29.57532755524442,69,False,False
2021-01-04,600688.SH,170,248,208.8,36.51985761198967,78,False,False
2021-01-04,600690.SH,436,562,496.2,46.32709790176803,126,False,False
2021-01-04,600699.SH,116,304,233.2,77.0629612719366,188,False,False
2021-01-04,600704.SH,422,487,458.6,32.439173848912986,65,False,False
2021-01-04,600707.SH,219,277,238.0,25.199206336708304,58,False,False
2021-01-04,600737.SH,190,256,216.6,25.83215051055564,66,False,False
2021-01-04,600741.SH,15,29,21.0,5.244044240850758,14,True,False
2021-01-04,600754.SH,375,520,420.2,58.97202726717134,145,False,False
2021-01-04,600760.SH,437,570,491.0,50.83797792989017,133,False,False
2021-01-04,600763.SH,144,241,178.2,41.166734142994635,97,False,False
2021-01-04,600764.SH,120,227,166.4,38.66910911826131,107,False,False
2021-01-04,600765.SH,469,645,535.2,71.29656373206215,176,False,False
2021-01-04,600795.SH,553,584,575.6,12.915107432770352,31,False,False
2021-01-04,600801.SH,221,319,268.4,35.65529413705628,98,False,False
2021-01-04,600803.SH,233,297,260.0,26.627053911388696,64,False,False
2021-01-04,600808.SH,490,536,514.2,17.89413311675086,46,False,False
2021-01-04,600809.SH,191,290,234.4,37.64704503676218,99,False,False
2021-01-04,600816.SH,271,430,384.4,64.80200614178545,159,False,False
2021-01-04,600820.SH,475,547,503.4,30.021658848238218,72,False,False
2021-01-04,600845.SH,62,87,71.6,9.91463564635635,25,False,False
2021-01-04,600848.SH,354,509,424.2,59.68416875520677,155,False,False
2021-01-04,600862.SH,365,465,426.4,41.955929259164314,100,False,False
2021-01-04,600863.SH,610,663,643.0,21.283796653792763,53,False,False
2021-01-04,600871.SH,528,618,581.6,39.13182847759609,90,False,False
2021-01-04,600873.SH,372,478,414.2,39.25812017914255,106,False,False
2021-01-04,600875.SH,312,395,356.0,40.26164427839479,83,False,False
2021-01-04,600879.SH,602,632,617.2,13.179529581893277,30,False,False
2021-01-04,600884.SH,384,525,443.6,53.19116467986013,141,False,False
2021-01-04,600885.SH,396,565,459.2,71.88671643634865,169,False,False
2021-01-04,600886.SH,387,524,446.8,52.11237856786044,137,False,False
2021-01-04,600887.SH,53,167,97.2,42.06780241467339,114,False,False
2021-01-04,600893.SH,396,617,526.6,80.3822119625978,221,False,False
2021-01-04,600900.SH,485,574,522.4,44.99777772290538,89,False,False
2021-01-04,600901.SH,378,413,393.0,15.016657417681207,35,False,False
2021-01-04,600909.SH,506,593,554.0,36.810324638611924,87,False,False
2021-01-04,600918.SH,639,653,647.6,5.813776741499453,14,False,False
2021-01-04,600919.SH,596,635,613.8,17.527121840165314,39,False,False
2021-01-04,600926.SH,634,665,656.8,12.911235417263521,31,False,False
2021-01-04,600958.SH,329,445,403.2,47.01276422419767,116,False,False
2021-01-04,600967.SH,640,669,660.4,11.92895636675732,29,False,False
2021-01-04,600968.SH,430,544,486.2,45.04664249419706,114,False,False
2021-01-04,600970.SH,511,601,576.2,37.11738137315186,90,False,False
2021-01-04,600977.SH,433,504,470.4,27.39160455322032,71,False,False
2021-01-04,600985.SH,249,413,327.2,66.91188235283775,164,False,False
2021-01-04,600988.SH,42,130,81.2,35.59072912992932,88,False,False
2021-01-04,600989.SH,98,203,136.8,40.898655234616214,105,False,False
2021-01-04,600995.SH,551,586,565.4,15.241391012633985,35,False,False
2021-01-04,600998.SH,405,537,482.6,49.96298629986002,132,False,False
2021-01-04,600999.SH,458,519,490.0,24.849547279578356,61,False,False
2021-01-04,601000.SH,581,624,601.2,17.46997424153796,43,False,False
2021-01-04,601001.SH,291,356,329.6,23.67065694060898,65,False,False
2021-01-04,601006.SH,528,639,567.0,45.896622969451684,111,False,False
2021-01-04,601009.SH,487,549,529.8,24.42744358298674,62,False,False
2021-01-04,601012.SH,48,66,58.8,6.833739825307955,18,False,False
2021-01-04,601016.SH,621,649,634.4,13.277801022759755,28,False,False
2021-01-04,601018.SH,442,553,518.6,46.859364058851675,111,False,False
2021-01-04,601019.SH,510,561,540.0,26.105554964413226,51,False,False
2021-01-04,601021.SH,274,385,320.0,43.36473221409305,111,False,False
2021-01-04,601058.SH,87,184,138.8,36.04441704342019,97,False,False
2021-01-04,601066.SH,208,241,225.6,14.67310464761974,33,False,False
2021-01-04,601077.SH,597,647,626.2,18.26745740380965,50,False,False
2021-01-04,601088.SH,554,605,574.0,26.086394921491163,51,False,False
2021-01-04,601098.SH,323,419,375.8,45.41695718561516,96,False,False
2021-01-04,601099.SH,622,646,636.2,8.843076387773658,24,False,False
2021-01-04,601100.SH,362,468,412.6,41.34972793139031,106,False,False
2021-01-04,601106.SH,535,588,561.0,23.706539182259394,53,False,False
2021-01-04,601108.SH,389,457,414.6,29.00517195260183,68,False,False
2021-01-04,601111.SH,345,433,395.4,33.027261466854924,88,False,False
2021-01-04,601117.SH,460,499,478.6,17.1697408250678,39,False,False
2021-01-04,601118.SH,130,218,177.2,36.31390918091854,88,False,False
2021-01-04,601127.SH,370,527,435.4,64.16229422332091,157,False,False
2021-01-04,601128.SH,580,643,621.6,25.12568407028951,63,False,False
2021-01-04,601138.SH,372,473,440.2,40.03373577371965,101,False,False
2021-01-04,601139.SH,171,271,226.6,45.36849126872085,100,False,False
2021-01-04,601155.SH,421,522,472.2,42.11531787841569,101,False,False
2021-01-04,601162.SH,246,318,287.2,27.188232748746287,72,False,False
2021-01-04,601166.SH,607,657,642.4,21.04281350010022,50,False,False
2021-01-04,601169.SH,666,670,667.2,1.6431676725154984,4,False,False
2021-01-04,601179.SH,406,490,453.0,38.91015291668744,84,False,False
2021-01-04,601186.SH,615,633,622.8,6.723094525588644,18,False,False
2021-01-04,601198.SH,414,466,446.6,23.233596363886498,52,False,False
2021-01-04,601211.SH,276,300,287.2,10.756393447619885,24,False,False
2021-01-04,601212.SH,210,452,365.6,110.8548600648614,242,False,False
2021-01-04,601216.SH,245,341,295.6,37.44729629759671,96,False,False
2021-01-04,601225.SH,506,600,556.4,37.620473149602994,94,False,False
2021-01-04,601228.SH,510,606,543.0,39.71145930332956,96,False,False
2021-01-04,601229.SH,595,614,602.8,7.259476565152615,19,False,False
2021-01-04,601233.SH,131,217,190.6,37.977624991565754,86,False,False
2021-01-04,601236.SH,53,137,93.0,31.32890039564108,84,False,False
2021-01-04,601238.SH,378,539,453.0,67.73108592072033,161,False,False
2021-01-04,601288.SH,662,667,665.0,1.8708286933869707,5,False,False
2021-01-04,601298.SH,543,609,566.2,26.185874054535585,66,False,False
2021-01-04,601318.SH,325,439,392.6,48.70626243102625,114,False,False
2021-01-04,601319.SH,454,553,509.4,39.05508929704297,99,False,False
2021-01-04,601328.SH,645,659,653.8,6.058052492344384,14,False,False
2021-01-04,601336.SH,327,419,359.0,38.76209488662861,92,False,False
2021-01-04,601360.SH,424,561,496.6,50.16273517263586,137,False,False
2021-01-04,601377.SH,344,448,398.6,41.04631530356897,104,False,False
2021-01-04,601390.SH,633,652,644.2,8.012490249604053,19,False,False
2021-01-04,601398.SH,659,664,661.2,2.588435821108957,5,False,False
2021-01-04,601399.SH,432,542,490.0,42.13668235635074,110,False,False
2021-01-04,601456.SH,561,623,598.8,23.85791273351464,62,False,False
2021-01-04,601555.SH,288,377,339.8,34.02499081557554,89,False,False
2021-01-04,601567.SH,396,520,447.6,47.85707889121525,124,False,False
2021-01-04,601577.SH,494,547,526.4,22.378561169118985,53,False,False
2021-01-04,601598.SH,481,563,512.6,34.0117626711701,82,False,False
2021-01-04,601600.SH,358,541,461.2,71.3070823971925,183,False,False
2021-01-04,601601.SH,360,470,416.6,42.25872690936158,110,False,False
2021-01-04,601607.SH,289,374,330.0,32.07023542164915,85,False,False
2021-01-04,601608.SH,345,458,397.0,47.17520535196429,113,False,False
2021-01-04,601611.SH,517,572,550.8,24.13917977065501,55,False,False
2021-01-04,601615.SH,197,285,241.2,37.92360742334516,88,False,False
2021-01-04,601618.SH,591,629,610.2,18.253766734567417,38,False,False
2021-01-04,601628.SH,580,619,601.6,17.558473737771173,39,False,False
2021-01-04,601633.SH,668,670,669.6,0.894427190999916,2,False,False
2021-01-04,601658.SH,507,613,558.6,38.5136339495509,106,False,False
2021-01-04,601666.SH,439,474,452.4,13.334166640626627,35,False,False
2021-01-04,601668.SH,546,576,561.6,12.581732790041283,30,False,False
2021-01-04,601669.SH,612,645,627.0,12.083045973594572,33,False,False
2021-01-04,601688.SH,400,465,435.4,31.50079364079578,65,False,False
2021-01-04,601689.SH,161,271,218.4,42.559370296093434,110,False,False
2021-01-04,601696.SH,202,306,255.0,42.46763473517215,104,False,False
2021-01-04,601698.SH,47,139,107.8,36.506163863106735,92,False,False
2021-01-04,601699.SH,472,530,513.4,23.765521244020718,58,False,False
2021-01-04,601717.SH,186,273,234.4,35.68332944107094,87,False,False
2021-01-04,601766.SH,522,594,568.0,28.284271247461902,72,False,False
2021-01-04,601788.SH,133,272,214.0,53.427520998077384,139,False,False
2021-01-04,601799.SH,34,51,43.0,6.363961030678928,17,False,False
2021-01-04,601800.SH,637,655,648.2,7.52994023880668,18,False,False
2021-01-04,601808.SH,616,640,624.6,9.581231653602787,24,False,False
2021-01-04,601816.SH,544,602,572.2,27.734455105518116,58,False,False
2021-01-04,601818.SH,645,660,650.2,5.932958789676531,15,False,False
2021-01-04,601838.SH,524,584,549.6,26.4253666010521,60,False,False
2021-01-04,601857.SH,269,376,330.8,44.54997194162977,107,False,False
2021-01-04,601865.SH,186,294,233.0,43.32435804486894,108,False,False
2021-01-04,601866.SH,518,565,539.0,19.849433241279208,47,False,False
2021-01-04,601872.SH,431,471,449.0,16.56804152578089,40,False,False
2021-01-04,601877.SH,424,533,486.8,47.40464112299554,109,False,False
2021-01-04,601878.SH,238,342,282.6,40.92432039753379,104,False,False
2021-01-04,601880.SH,575,637,609.2,24.92388412747901,62,False,False
2021-01-04,601881.SH,315,399,357.0,36.31115531073061,84,False,False
2021-01-04,601888.SH,32,49,41.0,6.59545297913646,17,False,False
2021-01-04,601898.SH,583,620,605.0,14.404860290887934,37,False,False
2021-01-04,601899.SH,16,30,23.6,5.319774431308154,14,True,False
2021-01-04,601901.SH,266,411,342.4,53.54717546239017,145,False,False
2021-01-04,601916.SH,588,636,610.2,18.566098136118963,48,False,False
2021-01-04,601919.SH,500,638,553.6,56.63302923206563,138,False,False
2021-01-04,601928.SH,426,488,462.2,26.157216977346806,62,False,False
2021-01-04,601939.SH,589,641,622.4,20.218803129760182,52,False,False
2021-01-04,601958.SH,428,532,475.6,46.93932253452323,104,False,False
2021-01-04,601966.SH,69,157,117.0,41.27953488110059,88,False,False
2021-01-04,601985.SH,590,629,604.6,15.43696861433617,39,False,False
2021-01-04,601988.SH,658,666,662.6,3.2093613071762426,8,False,False
2021-01-04,601990.SH,296,378,327.0,32.38826948140329,82,False,False
2021-01-04,601991.SH,605,634,617.8,13.9534941860453,29,False,False
2021-01-04,601995.SH,537,632,601.8,37.151043053997824,95,False,False
2021-01-04,601997.SH,475,548,516.4,28.797569341873285,73,False,False
2021-01-04,601998.SH,628,658,644.2,11.924764148611073,30,False,False
2021-01-04,603000.SH,249,374,321.0,47.60777247467056,125,False,False
2021-01-04,603019.SH,289,340,323.0,20.310096011589902,51,False,False
2021-01-04,603077.SH,310,446,378.4,57.334980596491,136,False,False
2021-01-04,603087.SH,573,636,605.0,25.971137826441105,63,False,False
2021-01-04,603129.SH,12,24,18.0,4.743416490252569,12,True,False
2021-01-04,603156.SH,343,488,410.2,57.660211584766145,145,False,False
2021-01-04,603160.SH,406,509,473.2,39.68248984123854,103,False,False
2021-01-04,603179.SH,65,151,97.0,33.80088756231114,86,False,False
2021-01-04,603225.SH,204,324,266.2,44.127089185669156,120,False,False
2021-01-04,603233.SH,7,20,12.8,5.06951674225463,13,True,False
2021-01-04,603259.SH,48,114,68.4,26.02498799231231,66,False,False
2021-01-04,603260.SH,59,172,133.8,43.894190959624716,113,False,False
2021-01-04,603288.SH,184,361,283.6,66.30837051232672,177,False,False
2021-01-04,603290.SH,578,661,624.8,41.28801278821736,83,False,False
2021-01-04,603298.SH,27,55,43.0,11.379806676741042,28,False,False
2021-01-04,603338.SH,181,279,219.0,37.12815643147395,98,False,False
2021-01-04,603345.SH,8,17,12.4,4.505552130427524,9,True,False
2021-01-04,603369.SH,308,366,339.0,24.43358344574123,58,False,False
2021-01-04,603379.SH,181,312,251.4,56.976310866885726,131,False,False
2021-01-04,603392.SH,133,222,186.8,35.77988261579403,89,False,False
2021-01-04,603444.SH,73,184,112.8,45.455472717814736,111,False,False
2021-01-04,603486.SH,4,18,9.0,5.70087712549569,14,True,True
2021-01-04,603501.SH,83,190,122.0,43.04067843331469,107,False,False
2021-01-04,603565.SH,163,295,214.4,51.14489221808957,132,False,False
2021-01-04,603568.SH,305,497,393.0,76.42970626660814,192,False,False
2021-01-04,603589.SH,583,655,621.8,31.5705559026128,72,False,False
2021-01-04,603596.SH,12,31,24.0,7.7781745930520225,19,True,False
2021-01-04,603605.SH,35,82,54.2,19.94241710525582,47,False,False
2021-01-04,603606.SH,72,136,95.0,25.41653005427767,64,False,False
2021-01-04,603650.SH,27,64,45.2,14.515508947329405,37,False,False
2021-01-04,603658.SH,169,324,210.6,64.7479729412435,155,False,False
2021-01-04,603659.SH,106,188,141.6,32.33109957919773,82,False,False
2021-01-04,603688.SH,220,433,378.8,91.52431370952748,213,False,False
2021-01-04,603699.SH,187,307,246.8,52.65643360502115,120,False,False
2021-01-04,603728.SH,13,38,22.6,9.813256340277675,25,True,False
2021-01-04,603737.SH,234,380,287.8,58.882934709472494,146,False,False
2021-01-04,603766.SH,99,168,136.2,25.33179819910146,69,False,False
2021-01-04,603786.SH,22,54,35.6,12.177848742696717,32,False,False
2021-01-04,603799.SH,459,600,520.8,60.01416499460773,141,False,False
2021-01-04,603806.SH,82,182,136.4,36.08739392086938,100,False,False
2021-01-04,603816.SH,92,117,106.6,9.710818709048173,25,False,False
2021-01-04,603833.SH,73,104,93.2,13.103434664239755,31,False,False
2021-01-04,603858.SH,80,111,97.0,11.979148550710939,31,False,False
2021-01-04,603885.SH,250,407,318.4,63.30323846376266,157,False,False
2021-01-04,603893.SH,37,63,52.8,9.959919678390987,26,False,False
2021-01-04,603899.SH,70,120,99.0,23.302360395462088,50,False,False
2021-01-04,603920.SH,4,9,5.6,2.073644135332772,5,True,True
2021-01-04,603939.SH,2,12,8.4,4.037325847637271,10,True,True
2021-01-04,603979.SH,389,486,449.2,39.44870086580799,97,False,False
2021-01-04,603986.SH,84,112,99.2,10.894952959971878,28,False,False
2021-01-04,603993.SH,143,247,209.4,39.85348165468106,104,False,False
2021-01-04,605358.SH,476,574,538.0,37.23573552382174,98,False,False
2021-01-04,688002.SH,380,475,434.2,34.92420364160076,95,False,False
2021-01-04,688008.SH,249,325,277.2,29.123873368767416,76,False,False
2021-01-04,688009.SH,207,280,236.6,29.61925049693189,73,False,False
2021-01-04,688012.SH,14,66,35.4,21.732464195300082,52,True,False
2021-01-04,688017.SH,260,529,403.4,118.54661530385421,269,False,False
2021-01-04,688018.SH,53,177,108.0,49.7543967906355,124,False,False
2021-01-04,688019.SH,30,50,37.0,8.0,20,False,False
2021-01-04,688027.SH,236,320,274.6,39.042284769208884,84,False,False
2021-01-04,688036.SH,39,61,48.4,9.016651263079881,22,False,False
2021-01-04,688037.SH,57,166,109.0,40.34228550788862,109,False,False
2021-01-04,688065.SH,220,321,263.4,49.67192365914572,101,False,False
2021-01-04,688099.SH,164,333,246.0,77.76567366132694,169,False,False
2021-01-04,688111.SH,89,191,143.2,43.17059184213253,102,False,False
2021-01-04,688122.SH,71,227,149.0,56.28498911788115,156,False,False
2021-01-04,688126.SH,451,542,497.4,34.74622281630048,91,False,False
2021-01-04,688166.SH,17,31,23.2,5.761944116355173,14,True,False
2021-01-04,688169.SH,261,460,375.8,74.7743271450837,199,False,False
2021-01-04,688180.SH,465,620,542.4,61.14981602588842,155,False,False
2021-01-04,688188.SH,21,39,33.2,7.224956747275377,18,False,False
2021-01-04,688256.SH,162,257,208.8,36.20359098211115,95,False,False
2021-01-04,688266.SH,300,416,368.8,52.03556476103627,116,False,False
2021-01-04,688278.SH,100,161,124.4,27.31849190566712,61,False,False
2021-01-04,688301.SH,44,158,93.8,51.11946791585374,114,False,False
2021-01-04,688318.SH,348,439,387.0,37.72929895982696,91,False,False
2021-01-04,688336.SH,188,259,229.2,27.77048793233565,71,False,False
2021-01-04,688363.SH,26,67,46.6,14.707141122597553,41,False,False
2021-01-04,688396.SH,90,171,144.6,33.17077026540083,81,False,False
2021-01-04,688520.SH,171,273,233.6,47.8518547184955,102,False,False
2021-01-04,688561.SH,262,415,340.0,56.28943062422998,153,False,False
2021-01-04,688568.SH,229,359,311.0,50.813384063650005,130,False,False
2021-01-04,688578.SH,237,346,286.8,40.02124435846542,109,False,False
2021-01-04,688599.SH,490,600,557.6,46.03042472104727,110,False,False
2021-01-04,688608.SH,209,362,298.4,64.33739192724553,153,False,False
2021-01-04,688777.SH,337,430,368.2,35.814801409473155,93,False,False
2021-01-04,688981.SH,275,361,310.2,36.56774535024001,86,False,False
2021-01-04,689009.SH,406,516,462.8,42.10938137755054,110,False,False
2021-02-01,000001.SZ,582,648,620.0,25.32785028382788,66,False,False
2021-02-01,000002.SZ,447,528,486.4,33.11042132018257,81,False,False
2021-02-01,000009.SZ,85,183,128.6,37.25989801381641,98,False,False
2021-02-01,000021.SZ,374,511,440.0,53.53503525729669,137,False,False
2021-02-01,000027.SZ,614,658,631.4,19.282116066448722,44,False,False
2021-02-01,000032.SZ,104,190,139.0,34.785054261852174,86,False,False
2021-02-01,000034.SZ,341,443,390.0,36.99324262618783,102,False,False
2021-02-01,000039.SZ,352,485,431.8,59.726041221564316,133,False,False
2021-02-01,000050.SZ,454,572,503.2,48.95610278606744,118,False,False
2021-02-01,000060.SZ,192,251,223.6,24.2755020545405,59,False,False
2021-02-01,000062.SZ,259,358,305.8,35.814801409473155,99,False,False
2021-02-01,000063.SZ,253,403,323.2,59.14558309797951,150,False,False
2021-02-01,000088.SZ,476,571,513.2,36.32767540044367,95,False,False
2021-02-01,000100.SZ,428,548,484.4,46.661547338252724,120,False,False
2021-02-01,000155.SZ,110,222,152.2,46.48333034540447,112,False,False
2021-02-01,000157.SZ,290,403,335.6,43.81552236365555,113,False,False
2021-02-01,000166.SZ,467,490,482.8,9.909591313469996,23,False,False
2021-02-01,000301.SZ,233,340,282.2,38.73886936914912,107,False,False
2021-02-01,000333.SZ,152,165,160.6,5.029910535983717,13,False,False
2021-02-01,000338.SZ,591,646,613.4,20.15688467993008,55,False,False
2021-02-01,000400.SZ,34,80,46.6,18.95521036549054,46,False,False
2021-02-01,000408.SZ,507,612,578.0,42.23150482755735,105,False,False
2021-02-01,000415.SZ,416,446,433.6,12.421755109484327,30,False,False
2021-02-01,000423.SZ,188,292,245.6,37.29343105695693,104,False,False
2021-02-01,000425.SZ,347,493,423.4,58.77329325467478,146,False,False
2021-02-01,000429.SZ,385,490,457.6,42.71182506051456,105,False,False
2021-02-01,000513.SZ,96,137,120.8,16.48332490731163,41,False,False
2021-02-01,000519.SZ,123,200,153.8,30.605555051330146,77,False,False
2021-02-01,000528.SZ,615,635,626.0,9.591663046625438,20,False,False
2021-02-01,000537.SZ,575,586,580.4,5.504543577809154,11,False,False
2021-02-01,000538.SZ,206,269,229.6,26.482069405543065,63,False,False
2021-02-01,000539.SZ,566,595,582.4,12.680693987317886,29,False,False
2021-02-01,000559.SZ,200,242,221.6,16.816658407662327,42,False,False
2021-02-01,000568.SZ,326,405,362.8,30.16123339653072,79,False,False
2021-02-01,000582.SZ,265,355,304.8,38.20602046798384,90,False,False
2021-02-01,000591.SZ,503,543,524.8,19.136352839556444,40,False,False
2021-02-01,000596.SZ,20,31,25.8,5.263078946776307,11,True,False
2021-02-01,000598.SZ,503,594,541.8,37.91042073098108,91,False,False
2021-02-01,000617.SZ,581,630,601.6,19.32097306038182,49,False,False
2021-02-01,000623.SZ,549,592,565.2,17.311845655504207,43,False,False
2021-02-01,000625.SZ,100,149,128.0,21.27204738618265,49,False,False
2021-02-01,000629.SZ,180,265,217.4,37.004053831979,85,False,False
2021-02-01,000630.SZ,313,466,381.6,60.1107311550941,153,False,False
2021-02-01,000651.SZ,177,236,205.6,28.05886669129742,59,False,False
2021-02-01,000657.SZ,287,369,321.4,30.835044997534865,82,False,False
2021-02-01,000661.SZ,58,117,78.8,23.026072179162473,59,False,False
2021-02-01,000683.SZ,169,288,236.0,51.8411033833193,119,False,False
2021-02-01,000703.SZ,297,349,329.2,20.98094373473224,52,False,False
2021-02-01,000708.SZ,66,111,94.8,17.31184565550421,45,False,False
2021-02-01,000709.SZ,532,577,554.8,19.123284236762263,45,False,False
2021-02-01,000723.SZ,56,151,114.2,37.765063219859705,95,False,False
2021-02-01,000725.SZ,540,580,562.2,14.855975228843107,40,False,False
2021-02-01,000728.SZ,440,508,478.2,31.035463586033316,68,False,False
2021-02-01,000729.SZ,123,176,151.0,20.334699407662754,53,False,False
2021-02-01,000733.SZ,427,526,497.2,40.530235627245,99,False,False
2021-02-01,000738.SZ,306,395,370.4,36.50068492508051,89,False,False
2021-02-01,000739.SZ,11,29,19.0,8.12403840463596,18,True,False
2021-02-01,000750.SZ,428,489,453.6,25.16545250934304,61,False,False
2021-02-01,000768.SZ,608,652,624.0,17.073371078963874,44,False,False
2021-02-01,000776.SZ,491,549,528.2,22.75302177733762,58,False,False
2021-02-01,000783.SZ,352,414,388.0,25.602734228984215,62,False,False
2021-02-01,000785.SZ,211,320,270.8,42.880065298457744,109,False,False
2021-02-01,000786.SZ,298,480,415.0,86.59676668328905,182,False,False
2021-02-01,000792.SZ,461,566,516.4,41.902267241761514,105,False,False
2021-02-01,000807.SZ,246,293,271.8,17.049926686059386,47,False,False
2021-02-01,000825.SZ,569,596,587.2,10.686440005914037,27,False,False
2021-02-01,000830.SZ,29,58,44.2,12.477980605851252,29,False,False
2021-02-01,000831.SZ,359,477,437.6,46.38749831581781,118,False,False
2021-02-01,000858.SZ,206,330,284.0,48.61584103972696,124,False,False
2021-02-01,000878.SZ,177,235,202.2,24.793144213673266,58,False,False
2021-02-01,000883.SZ,560,643,601.0,32.96209944769902,83,False,False
2021-02-01,000887.SZ,8,18,12.6,4.33589667773576,10,True,False
2021-02-01,000893.SZ,215,305,261.0,40.422765862815474,90,False,False
2021-02-01,000895.SZ,87,143,114.0,20.73644135332772,56,False,False
2021-02-01,000898.SZ,435,502,463.0,26.258332011001766,67,False,False
2021-02-01,000921.SZ,36,74,48.2,14.822280526288793,38,False,False
2021-02-01,000932.SZ,441,526,485.2,38.648415232710384,85,False,False
2021-02-01,000937.SZ,326,467,418.0,59.0042371359888,141,False,False
2021-02-01,000938.SZ,309,509,411.4,74.11005329913074,200,False,False
2021-02-01,000951.SZ,155,275,213.4,55.2295210915322,120,False,False
2021-02-01,000959.SZ,460,552,499.0,35.510561809129406,92,False,False
2021-02-01,000960.SZ,545,631,587.6,34.01911227530783,86,False,False
2021-02-01,000963.SZ,329,429,375.4,41.72888687707833,100,False,False
2021-02-01,000967.SZ,46,110,67.2,24.752777621915484,64,False,False
2021-02-01,000975.SZ,363,416,388.0,23.16246964380094,53,False,False
2021-02-01,000977.SZ,480,580,533.8,36.785866851278634,100,False,False
2021-02-01,000983.SZ,276,388,340.6,41.596874882615886,112,False,False
2021-02-01,000987.SZ,486,564,528.0,35.54574517435244,78,False,False
2021-02-01,000997.SZ,67,137,99.2,27.6983754036225,70,False,False
2021-02-01,000999.SZ,166,210,190.0,18.748333259252675,44,False,False
2021-02-01,001696.SZ,94,161,117.2,26.0710567488163,67,False,False
2021-02-01,001965.SZ,581,634,609.0,21.083168642308014,53,False,False
2021-02-01,001979.SZ,301,457,377.2,55.52206768484041,156,False,False
2021-02-01,002001.SZ,117,210,157.2,33.921969282457646,93,False,False
2021-02-01,002007.SZ,244,341,284.6,37.89854878488093,97,False,False
2021-02-01,002008.SZ,37,64,48.4,10.78424777163433,27,False,False
2021-02-01,002025.SZ,112,130,124.4,7.231873892705818,18,False,False
2021-02-01,002027.SZ,294,378,341.4,34.56587912956938,84,False,False
2021-02-01,002028.SZ,160,295,226.6,53.673084502383496,135,False,False
2021-02-01,002032.SZ,114,244,190.2,52.87437942898243,130,False,False
2021-02-01,002044.SZ,55,115,76.4,22.88667734731278,60,False,False
2021-02-01,002049.SZ,158,222,198.0,26.076809620810597,64,False,False
2021-02-01,002050.SZ,102,220,162.8,46.916947897321705,118,False,False
2021-02-01,002056.SZ,332,481,383.0,57.736470276593806,149,False,False
2021-02-01,002064.SZ,193,223,208.6,11.436782764396638,30,False,False
2021-02-01,002065.SZ,471,520,494.4,18.809572031282368,49,False,False
2021-02-01,002074.SZ,429,551,494.6,44.90322928253602,122,False,False
2021-02-01,002078.SZ,119,156,140.8,14.096098751072937,37,False,False
2021-02-01,002085.SZ,73,112,89.6,14.67310464761974,39,False,False
2021-02-01,002120.SZ,349,445,407.8,39.72027190239261,96,False,False
2021-02-01,002126.SZ,3,21,10.2,8.5848704125339,18,True,True
2021-02-01,002130.SZ,242,303,274.2,24.170229622409465,61,False,False
2021-02-01,002131.SZ,424,476,450.4,23.212065827926647,52,False,False
2021-02-01,002138.SZ,311,473,403.0,70.37044834303673,162,False,False
2021-02-01,002142.SZ,573,621,595.0,19.8997487421324,48,False,False
2021-02-01,002152.SZ,312,384,347.2,27.12379029560581,72,False,False
2021-02-01,002153.SZ,322,393,368.8,29.861346252304166,71,False,False
2021-02-01,002155.SZ,129,249,185.6,50.79173161056827,120,False,False
2021-02-01,002157.SZ,230,322,280.0,37.59654239421492,92,False,False
2021-02-01,002179.SZ,202,282,244.6,31.109484084439586,80,False,False
2021-02-01,002185.SZ,217,321,256.0,40.779897008207364,104,False,False
2021-02-01,002195.SZ,472,557,504.8,34.84537272006141,85,False,False
2021-02-01,002202.SZ,372,500,439.8,54.874402046856055,128,False,False
2021-02-01,002203.SZ,387,453,423.8,24.772969139770066,66,False,False
2021-02-01,002223.SZ,142,173,153.6,12.601587201618692,31,False,False
2021-02-01,002230.SZ,335,392,360.8,24.221890925359236,57,False,False
2021-02-01,002236.SZ,272,379,321.4,52.79488611598665,107,False,False
2021-02-01,002241.SZ,49,73,64.4,11.523888232710346,24,False,False
2021-02-01,002244.SZ,492,586,562.6,39.69634743902768,94,False,False
2021-02-01,002252.SZ,231,307,260.6,32.56224807963971,76,False,False
2021-02-01,002261.SZ,219,296,256.4,33.91607288587522,77,False,False
2021-02-01,002262.SZ,255,325,281.0,26.229754097208,70,False,False
2021-02-01,002265.SZ,101,164,128.0,25.278449319529077,63,False,False
2021-02-01,002266.SZ,86,124,102.4,14.010710188994704,38,False,False
2021-02-01,002271.SZ,166,272,216.6,45.51153699887535,106,False,False
2021-02-01,002273.SZ,328,434,399.2,42.9033798202426,106,False,False
2021-02-01,002281.SZ,68,128,98.6,25.383065220733293,60,False,False
2021-02-01,002299.SZ,166,233,195.6,24.88573888796553,67,False,False
2021-02-01,002304.SZ,258,408,350.8,57.816087726514326,150,False,False
2021-02-01,002311.SZ,45,88,67.4,19.743353311937668,43,False,False
2021-02-01,002312.SZ,181,261,219.4,32.323366161339074,80,False,False
2021-02-01,002318.SZ,165,362,246.8,73.72041779588609,197,False,False
2021-02-01,002335.SZ,28,58,41.8,13.311649033834989,30,False,False
2021-02-01,002340.SZ,520,625,582.0,38.57460304397182,105,False,False
2021-02-01,002352.SZ,25,54,46.2,11.987493482792807,29,False,False
2021-02-01,002353.SZ,112,219,168.8,40.49320930724064,107,False,False
2021-02-01,002371.SZ,87,182,128.8,38.816233717350784,95,False,False
2021-02-01,002384.SZ,26,48,39.6,8.414273587185052,22,False,False
2021-02-01,002402.SZ,91,196,145.6,38.12872932579842,105,False,False
2021-02-01,002409.SZ,44,63,52.4,7.402702209328699,19,False,False
2021-02-01,002410.SZ,96,141,115.4,19.449935732541636,45,False,False
2021-02-01,002414.SZ,134,243,189.6,41.87242529398076,109,False,False
2021-02-01,002415.SZ,219,320,273.6,38.13528549781685,101,False,False
2021-02-01,002422.SZ,133,180,147.4,19.43707796969493,47,False,False
2021-02-01,002423.SZ,544,583,558.4,17.21336689901194,39,False,False
2021-02-01,002429.SZ,322,407,372.2,31.316130029108002,85,False,False
2021-02-01,002430.SZ,4,40,16.0,14.611639196202457,36,True,True
2021-02-01,002432.SZ,194,275,236.6,29.254059547351716,81,False,False
2021-02-01,002436.SZ,97,155,129.2,27.13300573102803,58,False,False
2021-02-01,002444.SZ,128,261,194.2,51.24158467494931,133,False,False
2021-02-01,002460.SZ,265,457,328.4,76.79713536324125,192,False,False
2021-02-01,002461.SZ,54,98,71.8,16.976454282328802,44,False,False
2021-02-01,002463.SZ,301,350,318.6,19.07354188398159,49,False,False
2021-02-01,002465.SZ,144,173,160.0,12.349089035228468,29,False,False
2021-02-01,002466.SZ,480,553,522.6,27.573538039214334,73,False,False
2021-02-01,002472.SZ,187,416,262.0,89.30565491613619,229,False,False
2021-02-01,002475.SZ,90,136,111.4,17.31473361042554,46,False,False
2021-02-01,002493.SZ,248,466,402.2,87.62533880105686,218,False,False
2021-02-01,002500.SZ,412,538,476.8,47.336032786873886,126,False,False
2021-02-01,002508.SZ,92,160,127.4,28.49210416940104,68,False,False
2021-02-01,002517.SZ,187,255,218.6,30.56632133574467,68,False,False
2021-02-01,002532.SZ,407,473,445.2,24.883729623993265,66,False,False
2021-02-01,002558.SZ,462,542,506.2,37.592552453910336,80,False,False
2021-02-01,002568.SZ,267,379,345.0,45.42576361493552,112,False,False
2021-02-01,002583.SZ,155,220,188.8,26.65895721891612,65,False,False
2021-02-01,002594.SZ,394,498,445.2,39.80829059379465,104,False,False
2021-02-01,002600.SZ,38,52,45.4,5.89915248150105,14,False,False
2021-02-01,002601.SZ,201,267,220.8,26.414011433328337,66,False,False
2021-02-01,002603.SZ,295,371,327.8,30.621887596946078,76,False,False
2021-02-01,002608.SZ,607,644,633.2,15.738487856207787,37,False,False
2021-02-01,002624.SZ,192,216,203.0,11.874342087037917,24,False,False
2021-02-01,002625.SZ,191,444,310.4,93.82856707847561,253,False,False
2021-02-01,002648.SZ,594,637,612.8,20.29039181484675,43,False,False
2021-02-01,002670.SZ,411,521,447.0,47.32335575590556,110,False,False
2021-02-01,002673.SZ,240,385,314.4,54.770429978228215,145,False,False
2021-02-01,002683.SZ,185,271,233.0,34.51811118818641,86,False,False
2021-02-01,002709.SZ,168,225,182.0,24.361855430159665,57,False,False
2021-02-01,002714.SZ,343,531,422.0,74.24284477308234,188,False,False
2021-02-01,002736.SZ,253,356,291.2,38.8419875907503,103,False,False
2021-02-01,002738.SZ,36,83,64.6,17.429859437184227,47,False,False
2021-02-01,002739.SZ,370,430,402.2,29.53303235362058,60,False,False
2021-02-01,002756.SZ,105,197,152.2,38.848423391432505,92,False,False
2021-02-01,002773.SZ,7,22,13.6,6.54217089351845,15,True,False
2021-02-01,002797.SZ,268,337,313.0,28.0178514522438,69,False,False
2021-02-01,002821.SZ,108,187,142.2,34.15699049974983,79,False,False
2021-02-01,002831.SZ,7,17,11.2,4.919349550499538,10,True,False
2021-02-01,002837.SZ,89,128,110.6,14.976648490233053,39,False,False
2021-02-01,002841.SZ,131,161,150.0,12.409673645990857,30,False,False
2021-02-01,002850.SZ,15,42,27.0,11.510864433221338,27,True,False
2021-02-01,002851.SZ,1,6,3.2,1.9235384061671346,5,True,True
2021-02-01,002916.SZ,187,238,209.4,25.870832997798892,51,False,False
2021-02-01,002920.SZ,172,317,223.2,57.19003409685992,145,False,False
2021-02-01,002926.SZ,425,515,471.8,34.85254653536811,90,False,False
2021-02-01,002938.SZ,43,86,61.6,15.69394787808345,43,False,False
2021-02-01,002939.SZ,425,499,450.8,31.94056981332675,74,False,False
2021-02-01,002945.SZ,347,456,391.2,48.121720667490685,109,False,False
2021-02-01,002966.SZ,579,650,620.6,29.228410836034175,71,False,False
2021-02-01,002984.SZ,417,500,472.0,33.279122584587476,83,False,False
2021-02-01,003021.SZ,471,545,503.8,28.99482712485108,74,False,False
2021-02-01,003022.SZ,220,401,298.4,73.53434571681453,181,False,False
2021-02-01,003031.SZ,117,302,186.2,81.80892371862619,185,False,False
2021-02-01,003035.SZ,421,496,457.4,31.706466217476837,75,False,False
2021-02-01,003816.SZ,437,547,499.6,41.30133169765837,110,False,False
2021-02-01,300001.SZ,622,662,639.6,14.518953130305228,40,False,False
2021-02-01,300002.SZ,243,282,255.0,16.170961628796228,39,False,False
2021-02-01,300003.SZ,277,413,351.8,50.12683911838048,136,False,False
2021-02-01,300012.SZ,105,174,126.8,27.851391347650836,69,False,False
2021-02-01,300014.SZ,125,202,177.8,31.775776937787057,77,False,False
2021-02-01,300015.SZ,205,363,272.4,59.04066395290622,158,False,False
2021-02-01,300017.SZ,212,316,263.8,39.041004085448414,104,False,False
2021-02-01,300024.SZ,208,305,245.2,38.61605883567095,97,False,False
2021-02-01,300033.SZ,62,90,73.2,11.256109452204168,28,False,False
2021-02-01,300037.SZ,23,42,32.4,6.8044103344816,19,False,False
2021-02-01,300054.SZ,386,449,421.4,25.92874852359828,63,False,False
2021-02-01,300058.SZ,108,164,138.6,20.51341024793294,56,False,False
2021-02-01,300059.SZ,555,588,568.4,14.741099009232656,33,False,False
2021-02-01,300073.SZ,67,150,109.6,30.468016016800306,83,False,False
2021-02-01,300100.SZ,36,100,65.2,24.232209969377536,64,False,False
2021-02-01,300115.SZ,75,98,90.8,9.257429448826493,23,False,False
2021-02-01,300122.SZ,10,26,17.6,6.54217089351845,16,True,False
2021-02-01,300124.SZ,235,347,296.0,44.51965857910413,112,False,False
2021-02-01,300136.SZ,390,431,402.8,16.376812876747415,41,False,False
2021-02-01,300140.SZ,229,304,269.4,29.979993328885183,75,False,False
2021-02-01,300142.SZ,391,473,435.4,33.575288531895,82,False,False
2021-02-01,300144.SZ,284,331,312.4,21.80137610335641,47,False,False
2021-02-01,300146.SZ,88,155,119.2,30.954805765825764,67,False,False
2021-02-01,300207.SZ,171,246,217.0,28.42534080710379,75,False,False
2021-02-01,300223.SZ,280,457,350.8,69.55357647166679,177,False,False
2021-02-01,300251.SZ,394,484,439.4,31.855925665407998,90,False,False
2021-02-01,300274.SZ,273,414,336.4,60.143993881351115,141,False,False
2021-02-01,300285.SZ,119,218,155.2,38.088055870574436,99,False,False
2021-02-01,300308.SZ,66,157,107.8,36.065218701679875,91,False,False
2021-02-01,300316.SZ,68,93,83.8,10.56882207249228,25,False,False
2021-02-01,300339.SZ,188,249,222.4,28.970674828177543,61,False,False
2021-02-01,300346.SZ,523,600,569.2,29.54995769878529,77,False,False
2021-02-01,300373.SZ,146,223,190.4,30.038308873836424,77,False,False
2021-02-01,300383.SZ,448,557,486.6,45.28023851527286,109,False,False
2021-02-01,300390.SZ,186,389,295.4,77.0798287491611,203,False,False
2021-02-01,300394.SZ,164,202,190.0,15.215124054702938,38,False,False
2021-02-01,300395.SZ,75,133,95.6,22.333830840229805,58,False,False
2021-02-01,300408.SZ,234,409,320.4,72.34155099249669,175,False,False
2021-02-01,300413.SZ,26,44,34.6,7.334848328356899,18,False,False
2021-02-01,300418.SZ,458,546,511.2,35.19517012318594,88,False,False
2021-02-01,300432.SZ,63,162,106.6,38.095931541307664,99,False,False
2021-02-01,300433.SZ,113,169,149.0,21.760055146988943,56,False,False
2021-02-01,300442.SZ,120,219,193.8,41.81746046808677,99,False,False
2021-02-01,300450.SZ,24,48,33.6,9.289779329994873,24,False,False
2021-02-01,300454.SZ,87,138,111.4,21.290843102141352,51,False,False
2021-02-01,300458.SZ,172,270,202.4,39.30394382247155,98,False,False
2021-02-01,300474.SZ,312,460,376.4,57.2083909929304,148,False,False
2021-02-01,300476.SZ,6,25,11.4,7.733045971672482,19,True,False
2021-02-01,300487.SZ,1,4,2.4,1.140175425099138,3,True,True
2021-02-01,300496.SZ,40,57,48.8,7.5960516059331775,17,False,False
2021-02-01,300498.SZ,292,413,366.6,51.27670036186026,121,False,False
2021-02-01,300502.SZ,93,139,114.2,16.66433316997713,46,False,False
2021-02-01,300558.SZ,18,39,27.0,9.246621004453464,21,True,False
2021-02-01,300567.SZ,179,224,207.0,17.131841699011815,45,False,False
2021-02-01,300570.SZ,277,365,312.2,35.884537059853514,88,False,False
2021-02-01,300604.SZ,132,200,175.0,26.448062310876388,68,False,False
2021-02-01,300623.SZ,244,343,285.4,38.095931541307664,99,False,False
2021-02-01,300627.SZ,12,51,30.6,15.709869509324385,39,True,False
2021-02-01,300628.SZ,148,209,187.2,27.67128475513922,61,False,False
2021-02-01,300661.SZ,235,394,305.0,63.25741063306338,159,False,False
2021-02-01,300676.SZ,453,554,502.4,43.55226744958292,101,False,False
2021-02-01,300677.SZ,252,373,301.4,47.18898176481455,121,False,False
2021-02-01,300679.SZ,40,106,77.0,26.758176320519304,66,False,False
2021-02-01,300699.SZ,67,109,92.6,17.910890541790486,42,False,False
2021-02-01,300718.SZ,172,214,191.8,20.19158240455661,42,False,False
2021-02-01,300724.SZ,9,14,11.6,2.073644135332772,5,True,False
2021-02-01,300735.SZ,229,419,319.2,77.28001035196618,190,False,False
2021-02-01,300748.SZ,1,3,1.8,0.8366600265340756,2,True,True
2021-02-01,300750.SZ,229,336,270.8,39.61943967296862,107,False,False
2021-02-01,300751.SZ,5,37,20.6,11.781341180018513,32,True,True
2021-02-01,300757.SZ,110,169,142.2,22.731036052058865,59,False,False
2021-02-01,300759.SZ,110,200,154.0,35.14967994164385,90,False,False
2021-02-01,300760.SZ,30,64,49.4,14.99333185119305,34,False,False
2021-02-01,300763.SZ,59,121,86.8,22.454398232862978,62,False,False
2021-02-01,300803.SZ,44,122,71.2,32.44533864825578,78,False,False
2021-02-01,300832.SZ,207,278,244.0,28.50438562747845,71,False,False
2021-02-01,300857.SZ,224,313,264.2,31.94839589087377,89,False,False
2021-02-01,300866.SZ,336,428,382.4,35.976381140965245,92,False,False
2021-02-01,300888.SZ,348,455,385.6,43.28163582860519,107,False,False
2021-02-01,300896.SZ,294,440,381.4,54.852529567924215,146,False,False
2021-02-01,300919.SZ,321,541,454.6,93.79392304408638,220,False,False
2021-02-01,300999.SZ,252,469,343.2,78.87141434005099,217,False,False
2021-02-01,302132.SZ,76,93,82.8,6.260990336999411,17,False,False
2021-02-01,600000.SH,600,626,615.2,11.64903429473877,26,False,False
2021-02-01,600004.SH,240,372,276.0,55.3579262617378,132,False,False
2021-02-01,600008.SH,437,513,491.8,32.4530430006186,76,False,False
2021-02-01,600009.SH,481,572,524.8,38.93199198602609,91,False,False
2021-02-01,600010.SH,589,601,594.4,5.272570530585627,12,False,False
2021-02-01,600011.SH,422,577,532.0,63.65139432879691,155,False,False
2021-02-01,600015.SH,610,638,623.2,12.617448236470002,28,False,False
2021-02-01,600016.SH,574,604,586.2,12.091319200153471,30,False,False
2021-02-01,600018.SH,649,664,656.0,5.958187643906492,15,False,False
2021-02-01,600019.SH,423,467,441.2,21.45227260688247,44,False,False
2021-02-01,600021.SH,636,663,653.6,10.549881515922346,27,False,False
2021-02-01,600023.SH,632,671,649.2,15.514509338035799,39,False,False
2021-02-01,600025.SH,482,605,554.2,46.38642042667229,123,False,False
2021-02-01,600026.SH,217,371,312.6,57.67841884101887,154,False,False
2021-02-01,600027.SH,608,664,636.0,24.9098374141623,56,False,False
2021-02-01,600028.SH,613,643,622.2,11.882760622010357,30,False,False
2021-02-01,600029.SH,458,549,505.0,37.134889255254286,91,False,False
2021-02-01,600030.SH,463,506,486.8,15.514509338035799,43,False,False
2021-02-01,600031.SH,61,128,95.6,24.5010203869145,67,False,False
2021-02-01,600036.SH,553,583,572.4,12.381437719424994,30,False,False
2021-02-01,600038.SH,300,408,349.8,48.42210239136669,108,False,False
2021-02-01,600039.SH,415,568,502.2,60.44997932174998,153,False,False
2021-02-01,600048.SH,519,572,548.0,20.820662813657012,53,False,False
2021-02-01,600050.SH,641,667,658.8,10.401922899156675,26,False,False
2021-02-01,600060.SH,297,460,384.2,64.02109027500235,163,False,False
2021-02-01,600061.SH,266,418,317.4,60.595379361796226,152,False,False
2021-02-01,600062.SH,452,542,485.2,34.404941505545395,90,False,False
2021-02-01,600066.SH,1,27,13.2,10.009995004993758,26,True,True
2021-02-01,600085.SH,349,424,403.4,31.261797773000836,75,False,False
2021-02-01,600089.SH,598,673,655.8,32.35274331490299,75,False,False
2021-02-01,600095.SH,181,213,197.0,12.509996003196804,32,False,False
2021-02-01,600098.SH,559,623,587.8,22.91724241700995,64,False,False
2021-02-01,600104.SH,333,477,397.0,63.549193543270086,144,False,False
2021-02-01,600109.SH,519,607,554.4,35.73233829460367,88,False,False
2021-02-01,600111.SH,639,673,661.8,13.442470011125186,34,False,False
2021-02-01,600115.SH,355,475,401.8,47.908245636842096,120,False,False
2021-02-01,600118.SH,431,561,509.4,51.40817055682881,130,False,False
2021-02-01,600126.SH,397,540,472.2,53.941635125383435,143,False,False
2021-02-01,600131.SH,241,308,278.6,26.894237300953524,67,False,False
2021-02-01,600132.SH,85,147,109.0,24.443813123160634,62,False,False
2021-02-01,600141.SH,245,341,300.0,44.14748010928823,96,False,False
2021-02-01,600143.SH,349,453,400.0,41.32795663954365,104,False,False
2021-02-01,600150.SH,373,452,417.8,29.226700121635353,79,False,False
2021-02-01,600153.SH,497,558,533.8,23.910248848558645,61,False,False
2021-02-01,600157.SH,589,659,634.0,29.393876913398138,70,False,False
2021-02-01,600160.SH,294,441,360.0,53.23063027994314,147,False,False
2021-02-01,600161.SH,30,47,36.8,6.833739825307955,17,False,False
2021-02-01,600166.SH,386,475,435.4,34.79655155327895,89,False,False
2021-02-01,600170.SH,637,667,651.8,10.709808588392232,30,False,False
2021-02-01,600171.SH,146,309,199.8,64.7819419282874,163,False,False
2021-02-01,600176.SH,222,264,242.6,15.836666315863324,42,False,False
2021-02-01,600177.SH,563,628,592.8,31.107876816009156,65,False,False
2021-02-01,600183.SH,39,63,53.8,10.329569206893384,24,False,False
2021-02-01,600188.SH,469,554,507.2,35.87756959438585,85,False,False
2021-02-01,600196.SH,52,106,76.2,20.0922870773837,54,False,False
2021-02-01,600208.SH,528,564,541.8,15.336231610144651,36,False,False
2021-02-01,600219.SH,541,609,575.6,29.946619174791667,68,False,False
2021-02-01,600233.SH,292,362,332.2,36.30702411379925,70,False,False
2021-02-01,600276.SH,195,268,237.8,30.898220013457088,73,False,False
2021-02-01,600282.SH,378,461,416.0,36.31115531073061,83,False,False
2021-02-01,600295.SH,351,512,437.4,60.838310298692555,161,False,False
2021-02-01,600298.SH,69,111,92.4,15.224979474534605,42,False,False
2021-02-01,600299.SH,173,301,210.6,51.713634565750645,128,False,False
2021-02-01,600309.SH,221,325,249.8,43.21110968258048,104,False,False
2021-02-01,600312.SH,315,421,387.4,44.11689018958612,106,False,False
2021-02-01,600316.SH,366,507,448.0,58.92792207434435,141,False,False
2021-02-01,600329.SH,197,333,267.2,50.111874840201295,136,False,False
2021-02-01,600332.SH,297,403,345.4,38.926854483762234,106,False,False
2021-02-01,600339.SH,517,522,518.8,1.9235384061671346,5,False,False
2021-02-01,600346.SH,310,406,366.0,36.62649314362488,96,False,False
2021-02-01,600348.SH,357,489,404.8,51.83820984563414,132,False,False
2021-02-01,600352.SH,576,615,594.4,15.224979474534605,39,False,False
2021-02-01,600362.SH,381,484,428.6,40.414106448120314,103,False,False
2021-02-01,600363.SH,102,166,139.8,27.896236305279604,64,False,False
2021-02-01,600369.SH,548,574,558.2,9.654014708917737,26,False,False
2021-02-01,600372.SH,304,398,356.6,36.34281221919955,94,False,False
2021-02-01,600377.SH,454,494,468.4,17.126003620226175,40,False,False
2021-02-01,600378.SH,57,106,79.4,18.03607496103296,49,False,False
2021-02-01,600380.SH,140,215,183.2,27.85139134765084,75,False,False
2021-02-01,600390.SH,526,569,550.0,20.71231517720798,43,False,False
2021-02-01,600392.SH,674,674,674.0,0.0,0,False,False
2021-02-01,600398.SH,306,429,371.4,51.75229463511739,123,False,False
2021-02-01,600406.SH,554,600,578.8,22.731036052058865,46,False,False
2021-02-01,600415.SH,566,617,598.6,20.44015655517345,51,False,False
2021-02-01,600426.SH,159,303,225.8,53.88135113376427,144,False,False
2021-02-01,600435.SH,228,316,277.8,37.05671329192594,88,False,False
2021-02-01,600436.SH,94,143,124.4,19.16507239746305,49,False,False
2021-02-01,600438.SH,389,563,465.6,75.37108198772258,174,False,False
2021-02-01,600460.SH,257,396,321.2,49.43379410888871,139,False,False
2021-02-01,600482.SH,402,468,432.8,31.649644547767043,66,False,False
2021-02-01,600483.SH,586,661,614.2,30.67083305031019,75,False,False
2021-02-01,600486.SH,118,245,165.2,52.83654038636519,127,False,False
2021-02-01,600489.SH,254,363,325.6,46.50053763130057,109,False,False
2021-02-01,600497.SH,316,407,366.6,39.4499683143092,91,False,False
2021-02-01,600498.SH,483,539,512.4,21.31431443889294,56,False,False
2021-02-01,600499.SH,323,392,357.8,24.92388412747901,69,False,False
2021-02-01,600511.SH,198,300,259.8,40.511726697340364,102,False,False
2021-02-01,600515.SH,449,553,503.6,47.36876608061477,104,False,False
2021-02-01,600516.SH,425,499,462.0,28.74021572639983,74,False,False
2021-02-01,600517.SH,290,418,347.8,51.3926064721376,128,False,False
2021-02-01,600519.SH,276,381,333.8,43.83719881561777,105,False,False
2021-02-01,600521.SH,44,61,51.8,7.259476565152615,17,False,False
2021-02-01,600522.SH,300,372,339.4,32.29241396984747,72,False,False
2021-02-01,600535.SH,183,202,188.6,7.829431652425353,19,False,False
2021-02-01,600536.SH,340,445,384.8,38.401822873400164,105,False,False
2021-02-01,600546.SH,254,325,280.2,26.789923478800755,71,False,False
2021-02-01,600547.SH,28,51,40.2,10.848963084092414,23,False,False
2021-02-01,600549.SH,186,274,236.0,34.351128074635334,88,False,False
2021-02-01,600562.SH,132,194,152.2,24.893774322107124,62,False,False
2021-02-01,600563.SH,96,124,113.0,11.269427669584644,28,False,False
2021-02-01,600566.SH,164,223,189.4,22.578751072634642,59,False,False
2021-02-01,600570.SH,53,84,66.0,13.038404810405298,31,False,False
2021-02-01,600578.SH,669,673,671.6,1.5165750888103102,4,False,False
2021-02-01,600582.SH,525,564,541.8,17.22498185775532,39,False,False
2021-02-01,600583.SH,439,562,523.8,52.150743043603896,123,False,False
2021-02-01,600584.SH,185,311,238.8,50.992156259566045,126,False,False
2021-02-01,600585.SH,405,478,425.2,31.697003012903284,73,False,False
2021-02-01,600588.SH,65,151,99.2,33.55890343858095,86,False,False
2021-02-01,600598.SH,71,98,79.0,11.180339887498949,27,False,False
2021-02-01,600600.SH,4,8,6.2,1.4832396974191326,4,True,True
2021-02-01,600601.SH,313,439,384.8,56.12664251494115,126,False,False
2021-02-01,600602.SH,432,585,511.4,62.36425258110611,153,False,False
2021-02-01,600606.SH,551,584,564.2,12.31665539016173,33,False,False
2021-02-01,600637.SH,436,553,512.4,45.335416618798156,117,False,False
2021-02-01,600642.SH,591,630,613.6,18.92881401461803,39,False,False
2021-02-01,600655.SH,351,454,406.2,40.65341314084218,103,False,False
2021-02-01,600660.SH,139,222,186.8,34.931361267491425,83,False,False
2021-02-01,600663.SH,569,639,613.4,28.579713084634,70,False,False
2021-02-01,600674.SH,459,510,495.8,21.5916650585359,51,False,False
2021-02-01,600685.SH,364,526,449.8,59.005931905190685,162,False,False
2021-02-01,600688.SH,355,505,416.6,57.71308343867966,150,False,False
2021-02-01,600690.SH,322,400,350.4,32.65424934062947,78,False,False
2021-02-01,600699.SH,300,395,344.4,43.10800389718828,95,False,False
2021-02-01,600704.SH,521,572,552.6,20.67123605399542,51,False,False
2021-02-01,600707.SH,436,538,509.4,42.506470095739544,102,False,False
2021-02-01,600737.SH,114,171,143.0,21.783020910791965,57,False,False
2021-02-01,600741.SH,31,74,48.2,15.959323293924463,43,False,False
2021-02-01,600754.SH,144,191,171.4,17.558473737771173,47,False,False
2021-02-01,600760.SH,282,390,325.6,42.524110807869924,108,False,False
2021-02-01,600763.SH,77,119,90.8,16.34625339336204,42,False,False
2021-02-01,600764.SH,92,157,128.0,24.114311103574988,65,False,False
2021-02-01,600765.SH,230,323,292.8,37.87743391519547,93,False,False
2021-02-01,600795.SH,620,664,648.2,17.005881335585048,44,False,False
2021-02-01,600801.SH,246,311,265.6,26.17823523463719,65,False,False
2021-02-01,600803.SH,248,345,303.6,36.21187650481538,97,False,False
2021-02-01,600808.SH,524,598,558.2,30.92248372948072,74,False,False
2021-02-01,600809.SH,291,493,405.8,73.81531006505358,202,False,False
2021-02-01,600816.SH,400,547,461.2,59.97249369502656,147,False,False
2021-02-01,600820.SH,573,608,590.4,14.825653442597394,35,False,False
2021-02-01,600845.SH,14,35,24.6,7.956129712366434,21,True,False
2021-02-01,600848.SH,391,445,411.4,20.94755355644186,54,False,False
2021-02-01,600862.SH,165,259,204.0,42.69660408041839,94,False,False
2021-02-01,600863.SH,644,669,657.0,11.113055385446435,25,False,False
2021-02-01,600871.SH,647,667,655.6,7.765307463326869,20,False,False
2021-02-01,600873.SH,296,426,343.2,52.03556476103627,130,False,False
2021-02-01,600875.SH,551,597,576.8,21.94766502386985,46,False,False
2021-02-01,600879.SH,366,519,424.0,61.644140029689765,153,False,False
2021-02-01,600884.SH,170,226,190.0,22.259829289552066,56,False,False
2021-02-01,600885.SH,157,317,241.2,58.06203578931762,160,False,False
2021-02-01,600886.SH,390,560,482.0,72.93490248159657,170,False,False
2021-02-01,600887.SH,69,140,102.2,33.83341543503996,71,False,False
2021-02-01,600893.SH,552,627,589.2,31.93274181776441,75,False,False
2021-02-01,600900.SH,359,527,465.6,65.83160335279705,168,False,False
2021-02-01,600901.SH,496,526,510.2,13.16054710108968,30,False,False
2021-02-01,600909.SH,448,520,480.2,31.83080269173242,72,False,False
2021-02-01,600918.SH,521,608,563.0,39.11521443121589,87,False,False
2021-02-01,600919.SH,613,672,648.0,23.345235059857504,59,False,False
2021-02-01,600926.SH,578,633,607.8,21.53369452741447,55,False,False
2021-02-01,600958.SH,447,495,472.2,20.849460424672866,48,False,False
2021-02-01,600967.SH,261,446,368.6,69.23366233271211,185,False,False
2021-02-01,600968.SH,486,531,513.8,17.569860557215584,45,False,False
2021-02-01,600970.SH,556,642,609.2,32.75973137863007,86,False,False
2021-02-01,600977.SH,328,448,382.0,42.941821107167776,120,False,False
2021-02-01,600985.SH,268,314,287.2,17.31184565550421,46,False,False
2021-02-01,600988.SH,35,129,74.6,35.23208764748407,94,False,False
2021-02-01,600989.SH,78,148,109.8,25.17339865810733,70,False,False
2021-02-01,600995.SH,256,395,313.6,54.224533193011446,139,False,False
2021-02-01,600998.SH,182,289,233.4,40.19079496601181,107,False,False
2021-02-01,600999.SH,599,650,632.8,20.81345718519631,51,False,False
2021-02-01,601000.SH,649,670,662.8,8.64291617453276,21,False,False
2021-02-01,601001.SH,257,410,304.8,60.98114462684347,153,False,False
2021-02-01,601006.SH,511,586,554.8,33.26710086556987,75,False,False
2021-02-01,601009.SH,584,622,607.6,15.043270920913443,38,False,False
2021-02-01,601012.SH,188,259,224.2,30.752235691084316,71,False,False
2021-02-01,601016.SH,448,515,494.4,26.566896694947264,67,False,False
2021-02-01,601018.SH,630,665,647.2,12.794530081249565,35,False,False
2021-02-01,601019.SH,611,666,642.4,21.12581359380036,55,False,False
2021-02-01,601021.SH,283,382,315.6,38.604403893856464,99,False,False
2021-02-01,601058.SH,224,360,282.0,58.6557755042076,136,False,False
2021-02-01,601066.SH,400,491,447.8,35.10982768399754,91,False,False
2021-02-01,601077.SH,594,621,607.0,12.186057606953941,27,False,False
2021-02-01,601088.SH,645,671,655.2,11.497825881443848,26,False,False
2021-02-01,601098.SH,471,548,514.2,30.572863784735638,77,False,False
2021-02-01,601099.SH,396,488,461.8,37.7385744298854,92,False,False
2021-02-01,601100.SH,334,462,407.0,56.806689746895124,128,False,False
2021-02-01,601106.SH,565,603,589.8,15.417522498767433,38,False,False
2021-02-01,601108.SH,427,561,487.2,53.13379338989453,134,False,False
2021-02-01,601111.SH,517,581,542.6,23.839043604977107,64,False,False
2021-02-01,601117.SH,599,641,618.0,20.688160865577203,42,False,False
2021-02-01,601118.SH,225,392,321.4,68.28835918368519,167,False,False
2021-02-01,601127.SH,504,556,533.6,19.552493447128427,52,False,False
2021-02-01,601128.SH,533,606,581.4,28.307242889409064,73,False,False
2021-02-01,601138.SH,584,637,615.2,22.32039426175084,53,False,False
2021-02-01,601139.SH,127,162,146.4,14.724129855444769,35,False,False
2021-02-01,601155.SH,508,585,551.4,29.151329300736872,77,False,False
2021-02-01,601162.SH,337,442,385.2,42.880065298457744,105,False,False
2021-02-01,601166.SH,609,646,625.0,15.132745950421556,37,False,False
2021-02-01,601169.SH,646,668,658.8,9.444575162494075,22,False,False
2021-02-01,601179.SH,518,604,571.4,36.76683287964847,86,False,False
2021-02-01,601186.SH,652,670,661.4,6.730527468185536,18,False,False
2021-02-01,601198.SH,481,554,519.8,30.556505035753023,73,False,False
2021-02-01,601211.SH,421,525,494.2,42.34028814261896,104,False,False
2021-02-01,601212.SH,235,281,263.2,17.75387281693772,46,False,False
2021-02-01,601216.SH,389,541,458.0,62.10877554742164,152,False,False
2021-02-01,601225.SH,324,459,398.2,53.81635439157877,135,False,False
2021-02-01,601228.SH,537,624,581.8,33.707565916274646,87,False,False
2021-02-01,601229.SH,631,660,649.0,11.467344941179714,29,False,False
2021-02-01,601233.SH,178,280,222.2,40.88642806604656,102,False,False
2021-02-01,601236.SH,223,402,313.6,69.61896293395931,179,False,False
2021-02-01,601238.SH,321,421,375.4,41.24075654010241,100,False,False
2021-02-01,601288.SH,605,639,621.4,15.469324484281787,34,False,False
2021-02-01,601298.SH,530,610,559.2,35.50633746248689,80,False,False
2021-02-01,601318.SH,434,487,457.0,21.38924963620744,53,False,False
2021-02-01,601319.SH,409,492,468.2,33.551453023676935,83,False,False
2021-02-01,601328.SH,578,625,602.4,18.609137540466513,47,False,False
2021-02-01,601336.SH,306,420,362.2,41.90107397191628,114,False,False
2021-02-01,601360.SH,494,571,546.6,31.309742892588563,77,False,False
2021-02-01,601377.SH,374,458,419.6,30.204304329019067,84,False,False
2021-02-01,601390.SH,670,673,671.4,1.5165750888103102,3,False,False
2021-02-01,601398.SH,628,649,637.0,8.689073598491383,21,False,False
2021-02-01,601399.SH,287,402,355.8,44.87426879627121,115,False,False
2021-02-01,601456.SH,606,659,629.6,20.743673734418405,53,False,False
2021-02-01,601555.SH,400,503,452.2,39.53100049328375,103,False,False
2021-02-01,601567.SH,583,656,628.8,28.630403420140624,73,False,False
2021-02-01,601577.SH,592,620,608.0,11.40175425099138,28,False,False
2021-02-01,601598.SH,239,334,302.6,44.20746543288814,95,False,False
2021-02-01,601600.SH,461,538,493.8,33.259585084603806,77,False,False
2021-02-01,601601.SH,471,529,512.0,23.759208741033444,58,False,False
2021-02-01,601607.SH,230,387,330.8,59.85565971568604,157,False,False
2021-02-01,601608.SH,418,533,462.4,47.51105134597634,115,False,False
2021-02-01,601611.SH,619,648,634.0,13.509256086106296,29,False,False
2021-02-01,601615.SH,283,393,327.8,40.0149971885542,110,False,False
2021-02-01,601618.SH,654,671,662.0,6.041522986797286,17,False,False
2021-02-01,601628.SH,446,513,492.0,26.73013280924732,67,False,False
2021-02-01,601633.SH,441,541,486.2,45.75150270756142,100,False,False
2021-02-01,601658.SH,590,636,616.0,20.554804791094465,46,False,False
2021-02-01,601666.SH,474,522,497.6,19.52690451658941,48,False,False
2021-02-01,601668.SH,614,657,637.6,17.952715672009067,43,False,False
2021-02-01,601669.SH,636,663,647.8,11.562871615649808,27,False,False
2021-02-01,601688.SH,455,530,490.8,26.873779042032776,75,False,False
2021-02-01,601689.SH,64,149,110.8,33.70014836762592,85,False,False
2021-02-01,601696.SH,295,383,335.4,31.769482211707512,88,False,False
2021-02-01,601698.SH,206,264,230.2,26.252618916976648,58,False,False
2021-02-01,601699.SH,524,607,571.8,33.28212733585399,83,False,False
2021-02-01,601717.SH,143,168,156.2,11.819475453673906,25,False,False
2021-02-01,601766.SH,614,657,632.8,15.546703830716014,43,False,False
2021-02-01,601788.SH,285,386,323.8,41.28801278821736,101,False,False
2021-02-01,601799.SH,38,86,65.4,21.651789764358973,48,False,False
2021-02-01,601800.SH,654,664,657.2,4.324349662087931,10,False,False
2021-02-01,601808.SH,196,214,203.0,7.245688373094719,18,False,False
2021-02-01,601816.SH,538,573,559.8,15.801898620102586,35,False,False
2021-02-01,601818.SH,611,638,622.6,9.813256340277675,27,False,False
2021-02-01,601838.SH,623,660,646.8,14.669696656713796,37,False,False
2021-02-01,601857.SH,546,582,568.2,17.69745744450315,36,False,False
2021-02-01,601865.SH,62,139,100.4,28.745434420095307,77,False,False
2021-02-01,601866.SH,573,611,594.6,14.293355099485915,38,False,False
2021-02-01,601872.SH,444,537,485.8,34.33220062856443,93,False,False
2021-02-01,601877.SH,236,362,306.8,53.68146793820005,126,False,False
2021-02-01,601878.SH,308,412,357.0,41.15823125451335,104,False,False
2021-02-01,601880.SH,657,672,665.0,5.958187643906492,15,False,False
2021-02-01,601881.SH,354,449,412.2,38.816233717350784,95,False,False
2021-02-01,601888.SH,43,131,77.8,32.46074552440224,88,False,False
2021-02-01,601898.SH,627,666,653.4,17.155174146594955,39,False,False
2021-02-01,601899.SH,16,71,42.0,22.704625079485456,55,True,False
2021-02-01,601901.SH,419,497,453.2,31.075713990188543,78,False,False
2021-02-01,601916.SH,590,638,615.0,17.363755354185336,48,False,False
2021-02-01,601919.SH,439,561,499.2,57.1812906465043,122,False,False
2021-02-01,601928.SH,468,650,570.0,66.30610831590103,182,False,False
2021-02-01,601939.SH,616,642,632.8,10.059821071967434,26,False,False
2021-02-01,601958.SH,398,514,465.6,47.33708905287692,116,False,False
2021-02-01,601966.SH,172,260,208.2,39.200765298652016,88,False,False
2021-02-01,601985.SH,628,665,647.8,17.626684316683043,37,False,False
2021-02-01,601988.SH,627,647,634.4,7.668115805072325,20,False,False
2021-02-01,601990.SH,479,568,518.4,39.20841746360085,89,False,False
2021-02-01,601991.SH,624,655,639.8,12.336936410632909,31,False,False
2021-02-01,601995.SH,530,588,559.0,28.124722220850465,58,False,False
2021-02-01,601997.SH,613,658,631.0,17.53567791675018,45,False,False
2021-02-01,601998.SH,651,671,661.6,8.473488065725943,20,False,False
2021-02-01,603000.SH,249,375,317.4,46.24175602201975,126,False,False
2021-02-01,603019.SH,238,367,302.8,56.724774129122814,129,False,False
2021-02-01,603077.SH,256,414,341.6,63.247924867144846,158,False,False
2021-02-01,603087.SH,515,571,541.2,23.34951819631403,56,False,False
2021-02-01,603129.SH,13,28,19.6,6.5038450166036395,15,True,False
2021-02-01,603156.SH,303,396,353.0,33.56337289367682,93,False,False
2021-02-01,603160.SH,513,579,555.0,27.230497608380205,66,False,False
2021-02-01,603179.SH,30,76,53.0,16.688319268278637,46,False,False
2021-02-01,603225.SH,204,296,249.8,40.57339029462537,92,False,False
2021-02-01,603233.SH,15,23,19.0,3.7416573867739413,8,True,False
2021-02-01,603259.SH,136,276,191.8,56.59681969863678,140,False,False
2021-02-01,603260.SH,9,32,21.4,9.633275663033837,23,True,False
2021-02-01,603288.SH,98,167,127.2,25.68462575160479,69,False,False
2021-02-01,603290.SH,213,348,284.8,58.469650246944354,135,False,False
2021-02-01,603298.SH,66,151,107.8,35.33694950048744,85,False,False
2021-02-01,603338.SH,207,318,279.4,44.83636916611335,111,False,False
2021-02-01,603345.SH,66,141,89.0,30.215889859476256,75,False,False
2021-02-01,603369.SH,63,87,72.4,9.423375191511797,24,False,False
2021-02-01,603379.SH,323,424,384.6,40.078672632710784,101,False,False
2021-02-01,603392.SH,180,289,235.6,43.258525171346285,109,False,False
2021-02-01,603444.SH,153,251,197.0,44.090815370097204,98,False,False
2021-02-01,603486.SH,33,80,52.8,18.376615575235828,47,False,False
2021-02-01,603501.SH,58,116,83.0,23.759208741033444,58,False,False
2021-02-01,603565.SH,307,440,366.4,53.83586165373412,133,False,False
2021-02-01,603568.SH,154,228,198.0,29.52117883825102,74,False,False
2021-02-01,603589.SH,285,365,320.6,33.90132740763996,80,False,False
2021-02-01,603596.SH,16,50,32.8,12.637246535539298,34,True,False
2021-02-01,603605.SH,33,59,48.6,12.25969004502153,26,False,False
2021-02-01,603606.SH,17,50,34.4,13.867227552759058,33,True,False
2021-02-01,603650.SH,57,123,77.6,26.548069609672186,66,False,False
2021-02-01,603658.SH,53,80,66.0,9.797958971132712,27,False,False
2021-02-01,603659.SH,3,8,5.2,1.7888543819998317,5,True,True
2021-02-01,603688.SH,272,381,321.6,46.0575726672607,109,False,False
2021-02-01,603699.SH,84,136,108.8,19.86705816169067,52,False,False
2021-02-01,603728.SH,11,24,16.2,4.868264577855234,13,True,False
2021-02-01,603737.SH,51,150,115.0,40.13726448077895,99,False,False
2021-02-01,603766.SH,284,410,342.2,51.79961389817496,126,False,False
2021-02-01,603786.SH,97,128,115.6,12.198360545581526,31,False,False
2021-02-01,603799.SH,434,589,531.4,60.409436348967866,155,False,False
2021-02-01,603806.SH,410,496,460.6,33.55294323900662,86,False,False
2021-02-01,603816.SH,144,196,176.8,20.166804407243106,52,False,False
2021-02-01,603833.SH,16,34,26.0,8.455767262643882,18,True,False
2021-02-01,603858.SH,137,165,148.0,11.726039399558575,28,False,False
2021-02-01,603885.SH,210,352,283.8,63.59009356810226,142,False,False
2021-02-01,603893.SH,90,179,123.0,34.70590727815655,89,False,False
2021-02-01,603899.SH,116,174,153.2,22.353970564532826,58,False,False
2021-02-01,603920.SH,10,30,17.4,7.63544366752843,20,True,False
2021-02-01,603939.SH,10,21,15.4,4.878524367060187,11,True,False
2021-02-01,603979.SH,41,113,71.0,27.883686987197372,72,False,False
2021-02-01,603986.SH,232,357,298.4,54.94815738493876,125,False,False
2021-02-01,603993.SH,190,263,222.4,26.884940022250372,73,False,False
2021-02-01,605358.SH,300,404,349.8,38.49935064387451,104,False,False
2021-02-01,688002.SH,237,390,317.2,59.251160326191076,153,False,False
2021-02-01,688008.SH,218,294,262.8,32.182293268193305,76,False,False
2021-02-01,688009.SH,249,463,341.0,85.44881508833227,214,False,False
2021-02-01,688012.SH,75,112,86.4,15.274161188098022,37,False,False
2021-02-01,688017.SH,383,559,461.0,64.84982652251277,176,False,False
2021-02-01,688018.SH,228,352,276.0,49.24936547814601,124,False,False
2021-02-01,688019.SH,156,231,194.8,32.01874451005224,75,False,False
2021-02-01,688027.SH,253,408,338.4,69.65127421662866,155,False,False
2021-02-01,688036.SH,22,39,27.8,6.760177512462229,17,False,False
2021-02-01,688037.SH,95,182,125.4,34.93279261668039,87,False,False
2021-02-01,688065.SH,238,357,308.2,51.65462225203084,119,False,False
2021-02-01,688099.SH,99,177,135.2,30.45816803420718,78,False,False
2021-02-01,688111.SH,120,288,194.4,65.21732898547748,168,False,False
2021-02-01,688122.SH,32,59,43.8,10.802777420645118,27,False,False
2021-02-01,688126.SH,210,259,237.4,19.424211695716252,49,False,False
2021-02-01,688166.SH,88,144,109.0,26.448062310876388,56,False,False
2021-02-01,688169.SH,285,390,342.0,38.77499194068259,105,False,False
2021-02-01,688180.SH,187,404,281.2,82.87158741088528,217,False,False
2021-02-01,688188.SH,130,184,161.6,23.41580662714825,54,False,False
2021-02-01,688256.SH,434,565,489.2,53.28883560371722,131,False,False
2021-02-01,688266.SH,432,592,510.8,62.09025688463529,160,False,False
2021-02-01,688278.SH,82,154,120.6,35.22499112845878,72,False,False
2021-02-01,688301.SH,100,204,157.2,40.33856715353187,104,False,False
2021-02-01,688318.SH,260,394,339.2,57.90682170521881,134,False,False
2021-02-01,688336.SH,237,305,276.2,30.90631003533097,68,False,False
2021-02-01,688363.SH,308,371,345.0,31.176914536239792,63,False,False
2021-02-01,688396.SH,152,219,176.4,25.22498761149349,67,False,False
2021-02-01,688520.SH,144,280,203.2,49.47423571921046,136,False,False
2021-02-01,688561.SH,309,499,408.2,72.79216990858289,190,False,False
2021-02-01,688568.SH,404,469,441.4,24.306377763870948,65,False,False
2021-02-01,688578.SH,476,537,507.6,23.797058641773358,61,False,False
2021-02-01,688599.SH,565,623,586.0,23.643180835073778,58,False,False
2021-02-01,688608.SH,380,544,437.6,66.59053986866303,164,False,False
2021-02-01,688617.SH,398,504,449.8,49.59032163638385,106,False,False
2021-02-01,688777.SH,363,449,406.2,35.96109008358896,86,False,False
2021-02-01,688819.SH,498,621,532.4,50.698126198115055,123,False,False
2021-02-01,688981.SH,479,568,526.6,32.53152317368494,89,False,False
2021-02-01,689009.SH,506,634,571.2,51.13902619330955,128,False,False
2021-03-08,000001.SZ,523,597,559.0,33.25657829663178,74,False,False
2021-03-08,000002.SZ,494,539,515.8,21.87921387984495,45,False,False
2021-03-08,000009.SZ,321,422,364.0,43.60619222083029,101,False,False
2021-03-08,000021.SZ,424,494,468.6,33.14815228636432,70,False,False
2021-03-08,000027.SZ,651,657,654.2,2.3874672772626644,6,False,False
2021-03-08,000032.SZ,288,415,352.0,53.24002253943926,127,False,False
2021-03-08,000034.SZ,234,354,314.8,46.612230154756595,120,False,False
2021-03-08,000039.SZ,199,461,312.2,101.42829979842904,262,False,False
2021-03-08,000050.SZ,336,378,357.2,15.023315213360863,42,False,False
2021-03-08,000060.SZ,213,303,259.6,43.48333013926141,90,False,False
2021-03-08,000062.SZ,60,122,87.6,23.35165946993918,62,False,False
2021-03-08,000063.SZ,345,426,392.2,33.714981833007116,81,False,False
2021-03-08,000088.SZ,292,376,337.0,39.7994974842648,84,False,False
2021-03-08,000100.SZ,403,475,438.6,27.2176413379264,72,False,False
2021-03-08,000155.SZ,115,193,145.2,36.629223305988894,78,False,False
2021-03-08,000157.SZ,408,504,443.0,37.403208418530085,96,False,False
2021-03-08,000166.SZ,347,408,383.6,22.766203021145184,61,False,False
2021-03-08,000301.SZ,342,469,432.6,51.447060168682135,127,False,False
2021-03-08,000333.SZ,198,342,248.4,54.720197368065115,144,False,False
2021-03-08,000338.SZ,653,664,659.2,4.024922359499622,11,False,False
2021-03-08,000400.SZ,118,261,176.0,53.87021440462252,143,False,False
2021-03-08,000408.SZ,570,637,610.2,25.013996082193664,67,False,False
2021-03-08,000415.SZ,465,516,482.6,20.255863348670182,51,False,False
2021-03-08,000423.SZ,286,386,331.4,40.2777854406123,100,False,False
2021-03-08,000425.SZ,149,231,203.0,32.96209944769902,82,False,False
2021-03-08,000429.SZ,521,619,582.4,37.010809231898726,98,False,False
2021-03-08,000513.SZ,101,135,120.2,15.08973160795115,34,False,False
2021-03-08,000519.SZ,90,193,145.0,37.51666296460814,103,False,False
2021-03-08,000528.SZ,531,570,551.0,13.96424004376894,39,False,False
2021-03-08,000537.SZ,574,633,605.6,20.959484726490775,59,False,False
2021-03-08,000538.SZ,168,284,247.8,45.838848153067715,116,False,False
2021-03-08,000539.SZ,533,599,567.8,25.80116276449571,66,False,False
2021-03-08,000559.SZ,101,134,117.4,14.993331851193052,33,False,False
2021-03-08,000568.SZ,45,79,66.8,13.971399357258385,34,False,False
2021-03-08,000582.SZ,48,107,70.2,24.863628053846046,59,False,False
2021-03-08,000591.SZ,524,592,570.2,28.58671019897183,68,False,False
2021-03-08,000596.SZ,70,123,96.6,22.88667734731278,53,False,False
2021-03-08,000598.SZ,480,564,534.6,33.82011235936392,84,False,False
2021-03-08,000617.SZ,621,652,635.2,12.417729261020309,31,False,False
2021-03-08,000623.SZ,534,604,564.0,27.193749281774295,70,False,False
2021-03-08,000625.SZ,25,79,49.8,20.42547429069886,54,False,False
2021-03-08,000629.SZ,330,449,384.4,51.110664249254285,119,False,False
2021-03-08,000630.SZ,556,616,589.2,22.873565528793275,60,False,False
2021-03-08,000651.SZ,99,201,165.4,41.08892794902296,102,False,False
2021-03-08,000657.SZ,496,623,558.4,46.344363195538676,127,False,False
2021-03-08,000661.SZ,91,182,122.0,35.742132001323036,91,False,False
2021-03-08,000683.SZ,233,333,297.2,43.85430423573039,100,False,False
2021-03-08,000703.SZ,572,639,608.8,31.689114850370938,67,False,False
2021-03-08,000708.SZ,114,184,142.0,27.81186797034676,70,False,False
2021-03-08,000709.SZ,569,619,600.4,18.70294094520966,50,False,False
2021-03-08,000723.SZ,85,140,114.0,20.868636754709208,55,False,False
2021-03-08,000725.SZ,495,589,549.8,35.25195030065713,94,False,False
2021-03-08,000728.SZ,486,545,513.0,21.15419580130618,59,False,False
2021-03-08,000729.SZ,415,530,459.0,45.17189391646093,115,False,False
2021-03-08,000733.SZ,218,380,289.6,72.70006877575838,162,False,False
2021-03-08,000738.SZ,156,260,207.2,39.13055072446591,104,False,False
2021-03-08,000739.SZ,2,7,4.6,1.9493588689617927,5,True,True
2021-03-08,000750.SZ,217,281,251.0,24.49489742783178,64,False,False
2021-03-08,000768.SZ,588,649,624.2,28.11938832905154,61,False,False
2021-03-08,000776.SZ,420,492,459.6,29.279685790663805,72,False,False
2021-03-08,000783.SZ,396,463,435.6,25.676837811537464,67,False,False
2021-03-08,000785.SZ,211,259,240.6,17.78482499211055,48,False,False
2021-03-08,000786.SZ,246,439,341.2,73.67292582760643,193,False,False
2021-03-08,000792.SZ,454,514,476.6,25.304149857286255,60,False,False
2021-03-08,000807.SZ,339,402,363.6,23.754999473794985,63,False,False
2021-03-08,000825.SZ,550,601,574.0,19.557607215607945,51,False,False
2021-03-08,000830.SZ,125,250,171.8,47.53630191758715,125,False,False
2021-03-08,000831.SZ,442,534,494.0,38.658763560155414,92,False,False
2021-03-08,000858.SZ,142,212,163.6,29.194177501686873,70,False,False
2021-03-08,000878.SZ,296,419,353.0,46.92547282660026,123,False,False
2021-03-08,000883.SZ,601,643,621.4,16.71227094083865,42,False,False
2021-03-08,000887.SZ,8,46,25.0,13.946325680981353,38,True,False
2021-03-08,000893.SZ,350,433,389.6,34.82527817548627,83,False,False
2021-03-08,000895.SZ,130,249,197.0,53.995370171895296,119,False,False
2021-03-08,000898.SZ,551,592,568.4,16.2265215003093,41,False,False
2021-03-08,000921.SZ,32,68,46.0,16.015617378046965,36,False,False
2021-03-08,000932.SZ,462,567,510.8,41.20315521898778,105,False,False
2021-03-08,000937.SZ,397,539,478.2,57.52564645442935,142,False,False
2021-03-08,000938.SZ,196,314,256.6,43.46032673600142,118,False,False
2021-03-08,000951.SZ,254,460,383.4,80.60893250750813,206,False,False
2021-03-08,000959.SZ,565,606,591.2,16.84339633209407,41,False,False
2021-03-08,000960.SZ,605,633,623.2,11.054410884348384,28,False,False
2021-03-08,000963.SZ,634,662,648.6,12.116104984688768,28,False,False
2021-03-08,000967.SZ,211,307,258.2,35.898467933882635,96,False,False
2021-03-08,000975.SZ,416,490,442.4,34.70302580467588,74,False,False
2021-03-08,000977.SZ,412,489,441.4,28.588459209967926,77,False,False
2021-03-08,000983.SZ,191,252,210.4,27.373344698812385,61,False,False
2021-03-08,000987.SZ,365,406,381.4,15.646085772486357,41,False,False
2021-03-08,000997.SZ,117,172,140.2,27.35324478009876,55,False,False
2021-03-08,000999.SZ,370,464,414.8,42.41697773297857,94,False,False
2021-03-08,001696.SZ,17,41,34.2,9.731392500562292,24,True,False
2021-03-08,001965.SZ,451,610,555.8,64.57321426102313,159,False,False
2021-03-08,001979.SZ,568,581,574.6,5.856620185738529,13,False,False
2021-03-08,002001.SZ,208,288,244.8,33.521634805003174,80,False,False
2021-03-08,002007.SZ,182,308,241.8,52.513807708068555,126,False,False
2021-03-08,002008.SZ,12,48,27.0,14.38749456993816,36,True,False
2021-03-08,002025.SZ,82,166,110.6,32.15276037916496,84,False,False
2021-03-08,002027.SZ,240,306,277.4,31.548375552474962,66,False,False
2021-03-08,002028.SZ,175,272,233.0,47.765049984271975,97,False,False
2021-03-08,002032.SZ,179,332,244.2,61.23479403084492,153,False,False
2021-03-08,002044.SZ,150,249,196.6,44.936622035929666,99,False,False
2021-03-08,002049.SZ,167,188,176.4,8.203657720797473,21,False,False
2021-03-08,002050.SZ,184,301,235.2,51.77547682059529,117,False,False
2021-03-08,002056.SZ,249,389,330.2,54.13594000292227,140,False,False
2021-03-08,002064.SZ,69,171,113.2,40.68414924758781,102,False,False
2021-03-08,002065.SZ,237,304,270.0,30.63494736408078,67,False,False
2021-03-08,002074.SZ,529,578,555.0,23.947860029656095,49,False,False
2021-03-08,002078.SZ,136,240,204.4,43.17754045797421,104,False,False
2021-03-08,002085.SZ,125,231,194.2,41.62571320710313,106,False,False
2021-03-08,002120.SZ,263,411,346.2,58.27263508714876,148,False,False
2021-03-08,002126.SZ,3,10,5.8,2.949576240750525,7,True,True
2021-03-08,002130.SZ,405,481,447.8,28.314307337457507,76,False,False
2021-03-08,002131.SZ,201,312,248.6,46.48440598738463,111,False,False
2021-03-08,002138.SZ,393,531,437.0,54.83156025502101,138,False,False
2021-03-08,002142.SZ,424,564,514.6,53.70102419879904,140,False,False
2021-03-08,002152.SZ,204,295,246.6,34.500724630071176,91,False,False
2021-03-08,002153.SZ,421,528,492.8,44.09875281683145,107,False,False
2021-03-08,002155.SZ,326,377,350.0,23.08679276123039,51,False,False
2021-03-08,002157.SZ,138,230,175.4,37.573927130391894,92,False,False
2021-03-08,002179.SZ,422,460,435.6,17.03819239238717,38,False,False
2021-03-08,002185.SZ,254,378,310.0,49.381170500505554,124,False,False
2021-03-08,002195.SZ,500,567,533.0,32.00781154655844,67,False,False
2021-03-08,002202.SZ,262,369,325.4,44.92549387597202,107,False,False
2021-03-08,002203.SZ,321,485,441.0,68.36665854054884,164,False,False
2021-03-08,002223.SZ,258,333,289.0,29.180472922829747,75,False,False
2021-03-08,002230.SZ,375,476,413.4,40.1721296423279,101,False,False
2021-03-08,002236.SZ,216,286,265.2,28.048172846016193,70,False,False
2021-03-08,002241.SZ,62,145,105.0,32.96968304366907,83,False,False
2021-03-08,002244.SZ,497,562,541.8,26.042273326267043,65,False,False
2021-03-08,002252.SZ,111,205,163.4,34.52969736328426,94,False,False
2021-03-08,002261.SZ,308,508,359.6,84.44702481437697,200,False,False
2021-03-08,002262.SZ,273,394,341.8,46.175751212080996,121,False,False
2021-03-08,002265.SZ,142,274,209.4,49.293001531657616,132,False,False
2021-03-08,002266.SZ,30,152,89.8,44.9911102330227,122,False,False
2021-03-08,002271.SZ,267,375,320.2,44.20067872782046,108,False,False
2021-03-08,002273.SZ,309,359,337.8,25.013996082193664,50,False,False
2021-03-08,002281.SZ,154,286,215.6,48.57262603565922,132,False,False
2021-03-08,002299.SZ,173,293,231.8,44.26285124119322,120,False,False
2021-03-08,002304.SZ,174,191,182.2,6.833739825307955,17,False,False
2021-03-08,002311.SZ,86,157,116.6,28.5447017850949,71,False,False
2021-03-08,002312.SZ,185,425,305.8,90.1204749210744,240,False,False
2021-03-08,002318.SZ,225,322,263.6,41.277112302097876,97,False,False
2021-03-08,002335.SZ,60,127,93.2,26.28117196777952,67,False,False
2021-03-08,002340.SZ,623,655,637.4,12.095453691366851,32,False,False
2021-03-08,002352.SZ,105,214,151.4,42.1224405750664,109,False,False
2021-03-08,002353.SZ,214,313,258.0,36.88495628301598,99,False,False
2021-03-08,002371.SZ,58,157,110.8,40.12106678541836,99,False,False
2021-03-08,002384.SZ,25,87,58.2,24.47856204927079,62,False,False
2021-03-08,002402.SZ,144,252,208.4,43.91241282371079,108,False,False
2021-03-08,002409.SZ,32,83,46.6,20.983326714322494,51,False,False
2021-03-08,002410.SZ,133,277,187.6,54.91629994819389,144,False,False
2021-03-08,002414.SZ,180,279,229.2,39.94621383810986,99,False,False
2021-03-08,002415.SZ,214,310,268.4,40.13477295313878,96,False,False
2021-03-08,002422.SZ,63,189,135.0,51.268898954434356,126,False,False
2021-03-08,002423.SZ,546,582,560.8,14.618481453283716,36,False,False
2021-03-08,002429.SZ,86,147,116.6,27.482721844824614,61,False,False
2021-03-08,002430.SZ,44,82,58.2,16.2234398325386,38,False,False
2021-03-08,002432.SZ,296,422,351.6,48.59320940213766,126,False,False
2021-03-08,002436.SZ,75,158,117.4,38.64970892516527,83,False,False
2021-03-08,002444.SZ,39,93,66.8,20.571825392998065,54,False,False
2021-03-08,002460.SZ,174,327,231.8,58.06634136916153,153,False,False
2021-03-08,002461.SZ,210,291,240.2,30.96288100290411,81,False,False
2021-03-08,002463.SZ,228,345,301.8,45.367389168873274,117,False,False
2021-03-08,002465.SZ,140,224,173.6,31.069277429641005,84,False,False
2021-03-08,002466.SZ,428,502,471.8,27.55358415887124,74,False,False
2021-03-08,002472.SZ,278,390,339.2,40.70257977082043,112,False,False
2021-03-08,002475.SZ,34,72,47.6,14.38054240979804,38,False,False
2021-03-08,002493.SZ,463,517,486.8,23.952035404115453,54,False,False
2021-03-08,002500.SZ,413,501,445.8,35.43585754571208,88,False,False
2021-03-08,002508.SZ,134,244,177.8,40.782349123119424,110,False,False
2021-03-08,002517.SZ,211,315,271.8,39.20714220649089,104,False,False
2021-03-08,002532.SZ,404,499,447.4,39.02307009962183,95,False,False
2021-03-08,002558.SZ,464,544,497.2,35.77289476684826,80,False,False
2021-03-08,002568.SZ,51,61,55.2,4.266145801540309,10,False,False
2021-03-08,002583.SZ,49,67,57.4,8.96102672688794,18,False,False
2021-03-08,002594.SZ,265,307,286.4,15.126136320951229,42,False,False
2021-03-08,002600.SZ,48,81,67.4,13.334166640626627,33,False,False
2021-03-08,002601.SZ,112,143,123.2,13.179529581893277,31,False,False
2021-03-08,002603.SZ,293,347,320.4,22.400892839349062,54,False,False
2021-03-08,002608.SZ,609,654,624.8,17.880156598866797,45,False,False
2021-03-08,002624.SZ,170,272,214.2,48.70523585817032,102,False,False
2021-03-08,002625.SZ,417,441,430.0,9.565563234854496,24,False,False
2021-03-08,002648.SZ,472,602,543.4,53.8961965262856,130,False,False
2021-03-08,002670.SZ,399,484,449.4,33.87919715695754,85,False,False
2021-03-08,002673.SZ,349,409,379.6,25.4911749434976,60,False,False
2021-03-08,002683.SZ,78,187,147.4,41.02194534636308,109,False,False
2021-03-08,002709.SZ,32,99,67.0,26.767517628648346,67,False,False
2021-03-08,002714.SZ,432,487,471.0,22.64950330581225,55,False,False
2021-03-08,002736.SZ,261,333,296.8,33.33466664000107,72,False,False
2021-03-08,002738.SZ,36,61,44.0,10.41633332799983,25,False,False
2021-03-08,002739.SZ,105,146,124.2,16.69431040804022,41,False,False
2021-03-08,002756.SZ,99,194,168.4,39.106265482656354,95,False,False
2021-03-08,002773.SZ,9,35,20.4,9.864076236526156,26,True,False
2021-03-08,002797.SZ,281,395,356.4,45.44007042248064,114,False,False
2021-03-08,002821.SZ,72,103,88.2,11.64903429473877,31,False,False
2021-03-08,002831.SZ,7,26,14.2,8.04363102087608,19,True,False
2021-03-08,002837.SZ,209,276,239.8,25.528415540334656,67,False,False
2021-03-08,002841.SZ,89,129,111.2,16.946976131451887,40,False,False
2021-03-08,002850.SZ,12,64,43.8,19.421637418096342,52,True,False
2021-03-08,002851.SZ,18,37,27.0,6.819090848492928,19,True,False
2021-03-08,002916.SZ,113,230,157.2,48.42210239136669,117,False,False
2021-03-08,002920.SZ,139,247,198.2,40.959736327276325,108,False,False
2021-03-08,002926.SZ,414,488,457.2,27.878306978724517,74,False,False
2021-03-08,002938.SZ,99,130,113.2,13.367871932360812,31,False,False
2021-03-08,002939.SZ,401,531,467.6,56.033918299544254,130,False,False
2021-03-08,002945.SZ,468,506,489.6,15.076471735787521,38,False,False
2021-03-08,002966.SZ,601,646,615.8,17.59829537199555,45,False,False
2021-03-08,002984.SZ,434,504,473.8,31.11591232793922,70,False,False
2021-03-08,003021.SZ,366,473,399.4,43.38548144252868,107,False,False
2021-03-08,003022.SZ,153,285,235.8,58.55937158132762,132,False,False
2021-03-08,003031.SZ,62,162,105.0,36.64696440361739,100,False,False
2021-03-08,003035.SZ,556,584,570.8,13.292855223765885,28,False,False
2021-03-08,003816.SZ,505,528,517.4,11.081516141756055,23,False,False
2021-03-08,300001.SZ,392,570,462.4,65.33222788180424,178,False,False
2021-03-08,300002.SZ,188,246,217.8,26.4990565869806,58,False,False
2021-03-08,300003.SZ,298,398,332.0,38.67815921162743,100,False,False
2021-03-08,300012.SZ,36,117,71.2,30.817202987941656,81,False,False
2021-03-08,300014.SZ,80,98,92.0,7.842193570679061,18,False,False
2021-03-08,300015.SZ,138,224,183.4,32.05152102475014,86,False,False
2021-03-08,300017.SZ,168,260,211.6,43.895330047739705,92,False,False
2021-03-08,300024.SZ,175,305,260.6,51.60717004448122,130,False,False
2021-03-08,300033.SZ,250,307,279.0,20.554804791094465,57,False,False
2021-03-08,300037.SZ,5,23,11.0,7.3484692283495345,18,True,True
2021-03-08,300054.SZ,159,322,226.2,59.33127337248039,163,False,False
2021-03-08,300058.SZ,71,131,92.6,25.234896472940008,60,False,False
2021-03-08,300059.SZ,365,439,397.0,27.212129648375555,74,False,False
2021-03-08,300073.SZ,147,197,178.8,18.766992300312804,50,False,False
2021-03-08,300100.SZ,58,150,84.6,38.01052485825472,92,False,False
2021-03-08,300115.SZ,53,102,79.6,18.447222013083703,49,False,False
2021-03-08,300122.SZ,14,26,18.2,4.919349550499537,12,True,False
2021-03-08,300124.SZ,51,113,73.6,28.901557051480808,62,False,False
2021-03-08,300136.SZ,205,335,268.8,48.3135591733832,130,False,False
2021-03-08,300140.SZ,158,226,190.4,28.076680715497695,68,False,False
2021-03-08,300142.SZ,229,392,316.8,64.13813218359262,163,False,False
2021-03-08,300144.SZ,385,445,418.8,29.676590100616345,60,False,False
2021-03-08,300146.SZ,345,498,421.2,71.95623669981637,153,False,False
2021-03-08,300207.SZ,233,336,305.8,41.73966938057847,103,False,False
2021-03-08,300223.SZ,363,478,403.0,46.96275119709236,115,False,False
2021-03-08,300251.SZ,423,506,456.6,41.186162724876425,83,False,False
2021-03-08,300274.SZ,410,480,443.8,25.341665296503308,70,False,False
2021-03-08,300285.SZ,89,135,114.0,19.078784028338912,46,False,False
2021-03-08,300308.SZ,189,281,224.6,37.54064464017633,92,False,False
2021-03-08,300316.SZ,76,124,96.6,19.125898671696447,48,False,False
2021-03-08,300339.SZ,235,294,255.6,23.964557162609953,59,False,False
2021-03-08,300346.SZ,485,560,529.4,35.865024745565144,75,False,False
2021-03-08,300373.SZ,27,55,44.0,11.0,28,False,False
2021-03-08,300383.SZ,403,455,419.8,20.777391559096152,52,False,False
2021-03-08,300390.SZ,174,328,230.8,57.6341912409639,154,False,False
2021-03-08,300394.SZ,190,353,263.2,59.23850099386378,163,False,False
2021-03-08,300395.SZ,82,142,104.2,25.830214865540704,60,False,False
2021-03-08,300408.SZ,284,322,302.0,15.443445211480501,38,False,False
2021-03-08,300413.SZ,13,50,30.6,13.992855319769443,37,True,False
2021-03-08,300418.SZ,506,561,522.0,22.38302928559939,55,False,False
2021-03-08,300432.SZ,155,229,194.0,34.48187929913333,74,False,False
2021-03-08,300433.SZ,17,70,51.2,20.55966925804012,53,True,False
2021-03-08,300442.SZ,54,226,142.6,62.81958293398644,172,False,False
2021-03-08,300450.SZ,20,43,31.0,10.723805294763608,23,True,False
2021-03-08,300454.SZ,57,92,73.2,12.93058390019569,35,False,False
2021-03-08,300458.SZ,85,186,148.4,41.620908207294086,101,False,False
2021-03-08,300474.SZ,483,538,517.4,20.875823337056673,55,False,False
2021-03-08,300476.SZ,6,13,9.8,2.8635642126552705,7,True,False
2021-03-08,300487.SZ,1,16,6.0,6.2048368229954285,15,True,True
2021-03-08,300496.SZ,26,57,42.2,11.077003204838391,31,False,False
2021-03-08,300498.SZ,149,231,192.2,31.188138771013577,82,False,False
2021-03-08,300502.SZ,297,408,354.6,48.5623310807873,111,False,False
2021-03-08,300558.SZ,27,71,46.4,16.87601848778319,44,False,False
2021-03-08,300567.SZ,12,38,24.6,9.989994994993742,26,True,False
2021-03-08,300570.SZ,303,452,375.6,53.444363594302445,149,False,False
2021-03-08,300604.SZ,63,133,99.8,28.314307337457507,70,False,False
2021-03-08,300623.SZ,136,283,216.8,56.54820952072665,147,False,False
2021-03-08,300627.SZ,143,216,166.2,29.490676492749365,73,False,False
2021-03-08,300628.SZ,148,191,167.0,21.482551058940835,43,False,False
2021-03-08,300661.SZ,170,248,218.2,34.178940884702676,78,False,False
2021-03-08,300676.SZ,306,418,359.0,41.83300132670378,112,False,False
2021-03-08,300677.SZ,314,413,352.6,41.27105523245074,99,False,False
2021-03-08,300679.SZ,21,39,31.2,8.136338242723197,18,False,False
2021-03-08,300699.SZ,65,123,91.2,24.702226620286684,58,False,False
2021-03-08,300718.SZ,95,164,124.4,25.73518991575543,69,False,False
2021-03-08,300724.SZ,17,61,32.4,19.12589867169645,44,True,False
2021-03-08,300735.SZ,328,436,399.8,41.94281821718708,108,False,False
2021-03-08,300748.SZ,28,54,37.8,10.686440005914038,26,False,False
2021-03-08,300750.SZ,265,400,327.0,53.81449618829484,135,False,False
2021-03-08,300751.SZ,7,20,13.2,5.263078946776307,13,True,False
2021-03-08,300757.SZ,378,458,422.2,34.73758771129624,80,False,False
2021-03-08,300759.SZ,74,105,86.8,11.903780911962384,31,False,False
2021-03-08,300760.SZ,64,114,87.8,22.653917983430592,50,False,False
2021-03-08,300763.SZ,8,34,21.2,10.134100848126588,26,True,False
2021-03-08,300803.SZ,116,148,129.0,13.45362404707371,32,False,False
2021-03-08,300832.SZ,253,348,297.6,40.327410033375564,95,False,False
2021-03-08,300857.SZ,154,269,218.0,43.23193264243457,115,False,False
2021-03-08,300866.SZ,52,77,64.4,9.528903399657276,25,False,False
2021-03-08,300888.SZ,337,462,397.2,53.64885832895235,125,False,False
2021-03-08,300896.SZ,535,611,562.2,30.01166439902992,76,False,False
2021-03-08,300919.SZ,401,546,504.0,60.212125024782175,145,False,False
2021-03-08,300999.SZ,291,428,377.4,56.703615405016286,137,False,False
2021-03-08,302132.SZ,137,185,152.8,19.3183850256692,48,False,False
2021-03-08,600000.SH,614,629,622.0,5.612486080160912,15,False,False
2021-03-08,600004.SH,257,311,283.0,26.115129714401192,54,False,False
2021-03-08,600008.SH,307,468,394.8,63.9273024614679,161,False,False
2021-03-08,600009.SH,453,542,520.0,37.62313118282422,89,False,False
2021-03-08,600010.SH,641,658,646.4,7.021395872616782,17,False,False
2021-03-08,600011.SH,491,545,516.0,24.677925358506133,54,False,False
2021-03-08,600015.SH,590,628,610.6,17.314733610425545,38,False,False
2021-03-08,600016.SH,624,652,636.2,10.779610382569492,28,False,False
2021-03-08,600018.SH,634,662,650.0,10.36822067666386,28,False,False
2021-03-08,600019.SH,400,476,431.0,32.41913015489465,76,False,False
2021-03-08,600021.SH,630,671,659.8,17.10847743079436,41,False,False
2021-03-08,600023.SH,648,670,661.2,8.228000972289685,22,False,False
2021-03-08,600025.SH,503,566,544.2,24.68197723035981,63,False,False
2021-03-08,600026.SH,372,450,415.6,28.465768916366898,78,False,False
2021-03-08,600027.SH,525,628,582.4,36.98378022863536,103,False,False
2021-03-08,600028.SH,574,617,594.2,15.401298646542765,43,False,False
2021-03-08,600029.SH,415,445,433.6,11.523888232710346,30,False,False
2021-03-08,600030.SH,470,523,488.0,21.20141504711419,53,False,False
2021-03-08,600031.SH,127,246,195.6,51.22792207380658,119,False,False
2021-03-08,600036.SH,553,595,579.8,15.78606980853689,42,False,False
2021-03-08,600038.SH,141,214,179.8,29.337689070545416,73,False,False
2021-03-08,600039.SH,604,640,617.6,13.520355024924456,36,False,False
2021-03-08,600048.SH,477,535,517.4,23.522329816580672,58,False,False
2021-03-08,600050.SH,635,669,657.0,15.921683328090658,34,False,False
2021-03-08,600060.SH,287,460,369.8,61.36122554186805,173,False,False
2021-03-08,600061.SH,395,466,436.8,28.092703679069412,71,False,False
2021-03-08,600062.SH,537,614,581.8,29.11528808031959,77,False,False
2021-03-08,600066.SH,2,9,4.4,2.701851217221259,7,True,True
2021-03-08,600085.SH,238,320,279.0,31.25699921617557,82,False,False
2021-03-08,600089.SH,652,663,657.6,4.8270073544588685,11,False,False
2021-03-08,600095.SH,199,351,272.0,59.139665200269775,152,False,False
2021-03-08,600098.SH,523,599,564.4,30.72132809629167,76,False,False
2021-03-08,600104.SH,288,491,400.2,75.6617472703347,203,False,False
2021-03-08,600109.SH,340,537,426.0,71.70774016799024,197,False,False
2021-03-08,600111.SH,670,675,673.2,2.16794833886788,5,False,False
2021-03-08,600115.SH,318,371,350.4,22.052210773525633,53,False,False
2021-03-08,600118.SH,304,437,359.2,54.6232551208732,133,False,False
2021-03-08,600126.SH,510,603,550.6,33.500746260344705,93,False,False
2021-03-08,600131.SH,119,179,147.8,28.19042390600042,60,False,False
2021-03-08,600132.SH,48,110,72.4,22.7771815640127,62,False,False
2021-03-08,600141.SH,594,649,622.6,21.361179742701477,55,False,False
2021-03-08,600143.SH,413,490,442.8,28.674030062061384,77,False,False
2021-03-08,600150.SH,312,446,379.4,56.522561866921784,134,False,False
2021-03-08,600153.SH,556,600,571.6,19.269146322554093,44,False,False
2021-03-08,600157.SH,519,587,552.6,32.06711711395335,68,False,False
2021-03-08,600160.SH,512,580,550.6,31.99687484739721,68,False,False
2021-03-08,600161.SH,58,100,77.2,17.92205345377588,42,False,False
2021-03-08,600166.SH,380,561,454.6,66.75552411598609,181,False,False
2021-03-08,600170.SH,658,665,662.2,3.03315017762062,7,False,False
2021-03-08,600171.SH,251,357,293.2,44.70123040812188,106,False,False
2021-03-08,600176.SH,117,200,174.6,32.97423236407483,83,False,False
2021-03-08,600177.SH,538,576,557.2,17.340703561274555,38,False,False
2021-03-08,600183.SH,18,33,26.4,6.54217089351845,15,True,False
2021-03-08,600188.SH,471,575,528.6,39.221167754160504,104,False,False
2021-03-08,600196.SH,210,341,292.6,53.03112293738461,131,False,False
2021-03-08,600208.SH,547,596,562.4,19.781304304822775,49,False,False
2021-03-08,600219.SH,552,635,587.6,33.80532502432124,83,False,False
2021-03-08,600233.SH,381,474,425.0,39.99374951164244,93,False,False
2021-03-08,600276.SH,342,395,361.0,21.760055146988943,53,False,False
2021-03-08,600282.SH,558,614,585.0,25.92296279363144,56,False,False
2021-03-08,600295.SH,420,561,495.6,52.771204268995035,141,False,False
2021-03-08,600298.SH,80,143,105.0,23.926972228010797,63,False,False
2021-03-08,600299.SH,199,290,230.6,36.73281911315819,91,False,False
2021-03-08,600309.SH,119,280,175.6,61.553228997348306,161,False,False
2021-03-08,600312.SH,208,400,313.4,75.59298909290465,192,False,False
2021-03-08,600316.SH,451,570,511.0,45.94562003064057,119,False,False
2021-03-08,600329.SH,335,511,449.6,68.72990615445362,176,False,False
2021-03-08,600332.SH,287,371,329.2,36.04441704342019,84,False,False
2021-03-08,600339.SH,585,655,610.4,26.857028875138067,70,False,False
2021-03-08,600346.SH,287,450,379.2,58.627638533374345,163,False,False
2021-03-08,600348.SH,400,468,429.2,25.282404948896772,68,False,False
2021-03-08,600352.SH,493,563,533.8,25.645662401271682,70,False,False
2021-03-08,600362.SH,488,525,507.2,13.773162309360911,37,False,False
2021-03-08,600363.SH,80,181,141.4,41.01585059461769,101,False,False
2021-03-08,600369.SH,541,572,551.8,12.477980605851252,31,False,False
2021-03-08,600372.SH,290,402,344.2,41.0146315355874,112,False,False
2021-03-08,600377.SH,470,571,525.2,41.40289844926318,101,False,False
2021-03-08,600378.SH,161,254,187.8,38.46036921299638,93,False,False
2021-03-08,600380.SH,91,205,120.0,49.22397789695587,114,False,False
2021-03-08,600390.SH,500,564,539.2,23.562682360037023,64,False,False
2021-03-08,600392.SH,637,675,658.8,15.466091943344964,38,False,False
2021-03-08,600398.SH,270,320,293.4,21.51278689523977,50,False,False
2021-03-08,600406.SH,346,482,414.4,57.88177606120946,136,False,False
2021-03-08,600415.SH,317,517,440.2,76.41792983325314,200,False,False
2021-03-08,600426.SH,79,169,135.2,35.09558376776201,90,False,False
2021-03-08,600435.SH,357,441,383.8,33.4619186538967,84,False,False
2021-03-08,600436.SH,140,235,164.4,39.77813469734346,95,False,False
2021-03-08,600438.SH,379,507,424.8,52.12197233413179,128,False,False
2021-03-08,600460.SH,364,497,429.8,61.99758059795559,133,False,False
2021-03-08,600482.SH,426,525,494.8,42.99069666800016,99,False,False
2021-03-08,600483.SH,488,552,512.2,25.381095327034252,64,False,False
2021-03-08,600486.SH,13,35,25.0,8.276472678623424,22,True,False
2021-03-08,600489.SH,121,266,181.8,57.47782180980765,145,False,False
2021-03-08,600497.SH,283,427,343.2,53.26067968022939,144,False,False
2021-03-08,600498.SH,334,385,352.6,21.232051243344344,51,False,False
2021-03-08,600499.SH,511,573,526.4,26.26404386228442,62,False,False
2021-03-08,600511.SH,250,405,333.4,61.100736493106204,155,False,False
2021-03-08,600515.SH,492,543,512.2,18.75366630821824,51,False,False
2021-03-08,600516.SH,392,478,431.6,36.41840194187548,86,False,False
2021-03-08,600517.SH,131,163,143.4,12.421755109484328,32,False,False
2021-03-08,600519.SH,337,459,386.6,44.43872185380673,122,False,False
2021-03-08,600521.SH,74,107,91.6,13.77679207943562,33,False,False
2021-03-08,600522.SH,301,390,336.8,33.74462920228936,89,False,False
2021-03-08,600535.SH,140,322,232.4,77.99551269143629,182,False,False
2021-03-08,600536.SH,185,257,226.6,27.208454568387378,72,False,False
2021-03-08,600546.SH,201,370,266.0,62.82913336979908,169,False,False
2021-03-08,600547.SH,83,251,139.4,66.71806352105853,168,False,False
2021-03-08,600549.SH,389,499,436.2,39.61943967296862,110,False,False
2021-03-08,600562.SH,56,94,71.6,15.17563837207516,38,False,False
2021-03-08,600563.SH,84,124,98.6,17.052858997833766,40,False,False
2021-03-08,600566.SH,78,142,121.6,26.27356085497358,64,False,False
2021-03-08,600570.SH,93,232,152.8,50.21653114264266,139,False,False
2021-03-08,600578.SH,671,674,673.2,1.3038404810405297,3,False,False
2021-03-08,600582.SH,537,589,569.6,20.995237555217138,52,False,False
2021-03-08,600583.SH,619,655,637.0,14.508618128546908,36,False,False
2021-03-08,600584.SH,151,251,205.0,42.85440467443224,100,False,False
2021-03-08,600585.SH,515,598,542.0,33.12099032335839,83,False,False
2021-03-08,600588.SH,197,285,237.6,35.47252457889063,88,False,False
2021-03-08,600598.SH,114,261,166.4,56.45617769562512,147,False,False
2021-03-08,600600.SH,1,7,3.4,2.8809720581775866,6,True,True
2021-03-08,600601.SH,371,498,432.4,56.6903871921863,127,False,False
2021-03-08,600602.SH,350,518,402.6,68.33959320920779,168,False,False
2021-03-08,600606.SH,562,627,590.4,24.182638400306946,65,False,False
2021-03-08,600637.SH,489,593,547.8,39.84595337044905,104,False,False
2021-03-08,600642.SH,485,589,547.4,40.97926304852248,104,False,False
2021-03-08,600655.SH,259,383,318.0,56.69215113223346,124,False,False
2021-03-08,600660.SH,24,47,32.8,8.5848704125339,23,False,False
2021-03-08,600663.SH,568,598,582.4,11.238327277669038,30,False,False
2021-03-08,600674.SH,502,579,541.8,31.63384263727693,77,False,False
2021-03-08,600685.SH,365,493,439.8,52.94997639281816,128,False,False
2021-03-08,600688.SH,270,377,307.8,43.53389484068707,107,False,False
2021-03-08,600690.SH,109,267,187.0,59.803846030167655,158,False,False
2021-03-08,600699.SH,88,132,102.0,19.32614809008769,44,False,False
2021-03-08,600704.SH,620,661,632.4,16.592166826548002,41,False,False
2021-03-08,600707.SH,402,523,460.0,46.373483802707774,121,False,False
2021-03-08,600737.SH,315,380,346.0,29.257477676655586,65,False,False
2021-03-08,600741.SH,13,17,15.2,2.04939015319192,4,True,False
2021-03-08,600754.SH,153,256,200.8,36.68378388334551,103,False,False
2021-03-08,600760.SH,275,404,344.6,51.061727350335495,129,False,False
2021-03-08,600763.SH,194,260,229.6,26.330590574463006,66,False,False
2021-03-08,600764.SH,182,276,228.6,39.30394382247155,94,False,False
2021-03-08,600765.SH,67,205,124.8,53.69543742255947,138,False,False
2021-03-08,600795.SH,658,673,663.6,6.107372593840988,15,False,False
2021-03-08,600801.SH,167,264,207.6,38.849710423631215,97,False,False
2021-03-08,600803.SH,220,313,263.2,39.17524728703062,93,False,False
2021-03-08,600808.SH,621,666,636.4,17.812916661793484,45,False,False
2021-03-08,600809.SH,178,367,268.4,72.76194060083884,189,False,False
2021-03-08,600816.SH,536,611,577.6,31.58797239456816,75,False,False
2021-03-08,600820.SH,602,641,623.6,16.07171428317465,39,False,False
2021-03-08,600845.SH,15,24,18.2,3.7013511046643495,9,True,False
2021-03-08,600848.SH,331,438,388.4,39.7404076476324,107,False,False
2021-03-08,600862.SH,151,243,176.0,37.75579425730572,92,False,False
2021-03-08,600863.SH,653,672,660.2,7.12039324756716,19,False,False
2021-03-08,600871.SH,591,636,613.6,20.329781110479274,45,False,False
2021-03-08,600873.SH,215,306,267.6,39.55123259773329,91,False,False
2021-03-08,600875.SH,510,596,560.6,32.95147948120084,86,False,False
2021-03-08,600879.SH,166,220,200.6,22.611943746613203,54,False,False
2021-03-08,600884.SH,232,345,281.2,43.780132480384296,113,False,False
2021-03-08,600885.SH,34,49,44.0,5.787918451395113,15,False,False
2021-03-08,600886.SH,384,436,411.2,19.766132651583618,52,False,False
2021-03-08,600887.SH,62,110,89.0,17.72004514666935,48,False,False
2021-03-08,600893.SH,545,642,594.0,45.21614755814564,97,False,False
2021-03-08,600900.SH,407,499,453.2,37.05671329192593,92,False,False
2021-03-08,600901.SH,535,601,579.0,28.905016865589268,66,False,False
2021-03-08,600909.SH,366,457,407.8,36.175958867734245,91,False,False
2021-03-08,600918.SH,294,414,351.4,54.84341346050591,120,False,False
2021-03-08,600919.SH,568,625,602.8,23.177575369309018,57,False,False
2021-03-08,600926.SH,585,607,598.0,8.306623862918075,22,False,False
2021-03-08,600958.SH,472,524,491.8,20.741263220932325,52,False,False
2021-03-08,600967.SH,245,329,289.0,29.79932885150268,84,False,False
2021-03-08,600968.SH,524,605,558.2,37.14431315827498,81,False,False
2021-03-08,600970.SH,543,595,567.6,20.044949488586894,52,False,False
2021-03-08,600977.SH,435,487,463.2,23.509572518444482,52,False,False
2021-03-08,600985.SH,178,235,205.4,23.15815191244759,57,False,False
2021-03-08,600988.SH,66,129,109.2,27.869337989984622,63,False,False
2021-03-08,600989.SH,97,131,113.8,12.853015210447703,34,False,False
2021-03-08,600995.SH,279,410,345.8,48.158073051151035,131,False,False
2021-03-08,600998.SH,187,307,245.4,55.11170474590675,120,False,False
2021-03-08,600999.SH,336,387,356.0,19.6596032513375,51,False,False
2021-03-08,601000.SH,649,674,665.0,9.539392014169456,25,False,False
2021-03-08,601001.SH,223,360,300.2,53.987961621087344,137,False,False
2021-03-08,601006.SH,557,586,575.6,12.300406497347964,29,False,False
2021-03-08,601009.SH,620,643,632.0,9.354143466934854,23,False,False
2021-03-08,601012.SH,257,356,289.4,39.48797285250283,99,False,False
2021-03-08,601016.SH,606,635,614.8,11.945710527214361,29,False,False
2021-03-08,601018.SH,587,610,600.8,10.986355173577815,23,False,False
2021-03-08,601019.SH,577,606,591.4,11.631852818876277,29,False,False
2021-03-08,601021.SH,207,273,236.4,27.564469884254983,66,False,False
2021-03-08,601058.SH,212,292,245.2,30.244007670942025,80,False,False
2021-03-08,601066.SH,441,512,486.8,29.71868099361074,71,False,False
2021-03-08,601077.SH,641,656,647.2,5.848076606885378,15,False,False
2021-03-08,601088.SH,655,669,659.8,5.805170109479997,14,False,False
2021-03-08,601098.SH,351,499,446.6,56.535829347414726,148,False,False
2021-03-08,601099.SH,438,492,465.6,24.14125100321025,54,False,False
2021-03-08,601100.SH,234,363,291.2,50.00699951006859,129,False,False
2021-03-08,601106.SH,444,529,480.6,30.672463220289302,85,False,False
2021-03-08,601108.SH,335,398,375.6,27.844209451877063,63,False,False
2021-03-08,601111.SH,369,510,436.2,59.29755475565582,141,False,False
2021-03-08,601117.SH,642,661,651.0,8.0,19,False,False
2021-03-08,601118.SH,352,458,397.8,45.05219195555306,106,False,False
2021-03-08,601127.SH,351,437,403.2,35.358167373324086,86,False,False
2021-03-08,601128.SH,583,625,603.8,17.58408371226661,42,False,False
2021-03-08,601138.SH,467,520,498.2,23.99374918598592,53,False,False
2021-03-08,601139.SH,74,132,100.4,23.00652081476032,58,False,False
2021-03-08,601155.SH,571,650,619.6,29.356430300702435,79,False,False
2021-03-08,601162.SH,326,463,401.8,53.05845832664195,137,False,False
2021-03-08,601166.SH,534,586,562.8,24.09771773425857,52,False,False
2021-03-08,601169.SH,616,644,631.4,10.478549517943788,28,False,False
2021-03-08,601179.SH,471,574,530.8,39.93369504566288,103,False,False
2021-03-08,601186.SH,669,675,672.4,2.1908902300206643,6,False,False
2021-03-08,601198.SH,459,489,474.2,11.541230437002806,30,False,False
2021-03-08,601211.SH,520,554,539.2,13.330416347586446,34,False,False
2021-03-08,601212.SH,175,275,246.0,41.70731350734545,100,False,False
2021-03-08,601216.SH,139,361,290.6,92.44079186160188,222,False,False
2021-03-08,601225.SH,252,380,309.8,53.07730211681826,128,False,False
2021-03-08,601228.SH,541,611,574.4,27.70018050482704,70,False,False
2021-03-08,601229.SH,634,657,649.2,8.843076387773658,23,False,False
2021-03-08,601233.SH,482,566,525.0,32.73377460666582,84,False,False
2021-03-08,601236.SH,368,470,403.8,44.561193879877145,102,False,False
2021-03-08,601238.SH,379,508,407.8,56.09545436129384,129,False,False
2021-03-08,601288.SH,593,632,606.4,17.386776584519627,39,False,False
2021-03-08,601298.SH,342,513,427.2,65.26637725506143,171,False,False
2021-03-08,601318.SH,392,443,419.2,22.576536492562358,51,False,False
2021-03-08,601319.SH,399,511,459.6,51.007842534261336,112,False,False
2021-03-08,601328.SH,610,648,625.2,15.642889758609181,38,False,False
2021-03-08,601336.SH,344,417,394.6,29.66985001647295,73,False,False
2021-03-08,601360.SH,508,578,537.2,30.144651266849976,70,False,False
2021-03-08,601377.SH,458,540,503.2,31.059620087824644,82,False,False
2021-03-08,601390.SH,654,669,663.8,5.805170109479997,15,False,False
2021-03-08,601398.SH,631,650,638.8,8.983317872590282,19,False,False
2021-03-08,601399.SH,67,96,80.2,12.153188881935472,29,False,False
2021-03-08,601456.SH,626,654,642.4,11.0589330407594,28,False,False
2021-03-08,601555.SH,431,513,477.4,29.711950457686214,82,False,False
2021-03-08,601567.SH,508,650,562.6,53.47709790181214,142,False,False
2021-03-08,601577.SH,580,623,606.4,16.349311912126453,43,False,False
2021-03-08,601598.SH,177,349,269.8,67.91686094041744,172,False,False
2021-03-08,601600.SH,425,457,439.6,14.587666023048374,32,False,False
2021-03-08,601601.SH,531,573,554.2,20.620378270051205,42,False,False
2021-03-08,601607.SH,302,447,367.0,53.660972782833525,145,False,False
2021-03-08,601608.SH,363,462,392.2,39.95872870850623,99,False,False
2021-03-08,601611.SH,210,325,283.0,49.93996395673509,115,False,False
2021-03-08,601615.SH,282,415,328.8,53.00660336222271,133,False,False
2021-03-08,601618.SH,664,673,667.8,3.420526275297414,9,False,False
2021-03-08,601628.SH,356,527,450.6,67.90655343926682,171,False,False
2021-03-08,601633.SH,178,302,245.8,45.795196254629154,124,False,False
2021-03-08,601658.SH,630,646,641.2,6.534523701081817,16,False,False
2021-03-08,601666.SH,430,510,474.4,32.8831263720468,80,False,False
2021-03-08,601668.SH,656,667,662.8,4.147288270665545,11,False,False
2021-03-08,601669.SH,636,668,653.4,12.876334882255897,32,False,False
2021-03-08,601688.SH,402,502,459.2,36.506163863106735,100,False,False
2021-03-08,601689.SH,117,230,162.4,51.012743505912326,113,False,False
2021-03-08,601696.SH,418,505,451.6,32.34656086819741,87,False,False
2021-03-08,601698.SH,194,274,235.4,32.89832822500256,80,False,False
2021-03-08,601699.SH,508,554,534.0,19.390719429665317,46,False,False
2021-03-08,601717.SH,126,227,166.6,38.174598884598645,101,False,False
2021-03-08,601766.SH,547,597,570.0,21.17781858454737,50,False,False
2021-03-08,601788.SH,487,550,510.8,23.67910471280534,63,False,False
2021-03-08,601799.SH,110,165,147.6,21.57081361469706,55,False,False
2021-03-08,601800.SH,662,675,669.2,4.764451699828639,13,False,False
2021-03-08,601808.SH,179,335,283.0,62.86095767644652,156,False,False
2021-03-08,601816.SH,599,642,622.6,20.59854363784003,43,False,False
2021-03-08,601818.SH,598,633,613.4,12.77888884058391,35,False,False
2021-03-08,601838.SH,590,634,617.2,17.79606698121807,44,False,False
2021-03-08,601857.SH,565,615,580.6,20.23116407921205,50,False,False
2021-03-08,601865.SH,21,77,40.2,22.117866081518805,56,False,False
2021-03-08,601866.SH,446,558,509.6,45.35746906519366,112,False,False
2021-03-08,601872.SH,288,418,339.8,64.00937431345506,130,False,False
2021-03-08,601877.SH,255,329,294.6,33.32866633995426,74,False,False
2021-03-08,601878.SH,269,362,319.6,36.58278283564552,93,False,False
2021-03-08,601880.SH,532,582,559.8,23.920702330826323,50,False,False
2021-03-08,601881.SH,453,495,475.0,17.392527130926087,42,False,False
2021-03-08,601888.SH,217,312,276.8,36.43761792433748,95,False,False
2021-03-08,601898.SH,526,616,567.4,41.776787813330024,90,False,False
2021-03-08,601899.SH,164,277,224.6,40.2777854406123,113,False,False
2021-03-08,601901.SH,388,421,406.8,14.166862743741113,33,False,False
2021-03-08,601916.SH,584,637,614.6,19.552493447128423,53,False,False
2021-03-08,601919.SH,409,553,508.2,58.76393451769546,144,False,False
2021-03-08,601928.SH,640,659,652.0,8.860022573334675,19,False,False
2021-03-08,601939.SH,631,647,643.0,6.819090848492928,16,False,False
2021-03-08,601958.SH,569,637,592.8,27.91415411578864,68,False,False
2021-03-08,601966.SH,129,166,143.4,14.570518178843194,37,False,False
2021-03-08,601985.SH,591,614,600.0,9.617692030835672,23,False,False
2021-03-08,601988.SH,644,661,650.6,6.308724118235001,17,False,False
2021-03-08,601990.SH,514,559,537.8,16.099689437998485,45,False,False
2021-03-08,601991.SH,599,646,625.0,17.944358444926362,47,False,False
2021-03-08,601995.SH,585,647,622.4,23.818060374430157,62,False,False
2021-03-08,601997.SH,613,640,624.0,12.529964086141668,27,False,False
2021-03-08,601998.SH,667,672,670.6,2.0736441353327724,5,False,False
2021-03-08,603000.SH,439,524,471.8,34.59335196247973,85,False,False
2021-03-08,603019.SH,227,364,281.8,53.438749985380454,137,False,False
2021-03-08,603077.SH,218,341,293.4,54.601282036230614,123,False,False
2021-03-08,603087.SH,294,408,326.2,46.61759324546903,114,False,False
2021-03-08,603129.SH,5,11,8.0,2.5495097567963922,6,True,True
2021-03-08,603156.SH,397,465,440.2,25.626158510397147,68,False,False
2021-03-08,603160.SH,320,407,363.4,40.414106448120314,87,False,False
2021-03-08,603179.SH,21,57,42.6,14.774978849392646,36,False,False
2021-03-08,603225.SH,266,364,312.8,37.35906851087162,98,False,False
2021-03-08,603233.SH,14,19,15.8,1.9235384061671343,5,True,False
2021-03-08,603259.SH,62,131,99.6,25.165452509343044,69,False,False
2021-03-08,603260.SH,20,41,31.0,9.16515138991168,21,True,False
2021-03-08,603288.SH,103,220,146.8,44.37566900904143,117,False,False
2021-03-08,603290.SH,152,238,177.8,36.51301137950689,86,False,False
2021-03-08,603298.SH,161,309,236.0,58.68134286125361,148,False,False
2021-03-08,603338.SH,202,295,235.4,41.58485301164355,93,False,False
2021-03-08,603345.SH,29,64,46.4,15.931101656822104,35,False,False
2021-03-08,603369.SH,43,66,54.2,9.884331034521255,23,False,False
2021-03-08,603379.SH,300,401,360.8,41.039005835911766,101,False,False
2021-03-08,603392.SH,59,115,93.6,24.21363252384904,56,False,False
2021-03-08,603444.SH,123,175,155.4,20.427922067601493,52,False,False
2021-03-08,603486.SH,44,95,73.8,18.525657883055057,51,False,False
2021-03-08,603501.SH,150,235,199.2,35.81480140947315,85,False,False
2021-03-08,603565.SH,346,434,374.4,34.99714274051526,88,False,False
2021-03-08,603568.SH,212,346,290.0,48.71857961804716,134,False,False
2021-03-08,603589.SH,108,156,129.2,21.79908254950194,48,False,False
2021-03-08,603596.SH,10,40,26.6,11.104053313993049,30,True,False
2021-03-08,603605.SH,52,65,59.8,5.890670590009257,13,False,False
2021-03-08,603606.SH,1,5,3.6,1.6733200530681511,4,True,True
2021-03-08,603650.SH,41,89,62.8,19.29248558377069,48,False,False
2021-03-08,603658.SH,165,239,200.8,28.76108481959608,74,False,False
2021-03-08,603659.SH,1,12,7.0,5.1478150704935,11,True,True
2021-03-08,603688.SH,316,349,328.2,13.773162309360911,33,False,False
2021-03-08,603699.SH,128,173,143.0,18.12456896039186,45,False,False
2021-03-08,603728.SH,42,98,65.8,21.707141681944215,56,False,False
2021-03-08,603737.SH,103,161,126.4,23.985412233272125,58,False,False
2021-03-08,603766.SH,278,477,398.2,73.99797294520978,199,False,False
2021-03-08,603786.SH,11,40,29.4,11.674759098157015,29,True,False
2021-03-08,603799.SH,409,518,473.4,41.8186561237924,109,False,False
2021-03-08,603806.SH,212,353,267.8,54.65070905303974,141,False,False
2021-03-08,603816.SH,196,328,283.6,50.75726548977988,132,False,False
2021-03-08,603833.SH,22,65,40.2,18.700267377767624,43,False,False
2021-03-08,603858.SH,65,87,77.4,8.648699324175862,22,False,False
2021-03-08,603885.SH,169,226,209.4,23.458473948660856,57,False,False
2021-03-08,603893.SH,73,115,94.6,18.62256695517565,42,False,False
2021-03-08,603899.SH,95,147,115.8,19.72815247305231,52,False,False
2021-03-08,603920.SH,32,108,71.2,29.063723092542705,76,False,False
2021-03-08,603939.SH,31,47,38.0,7.615773105863909,16,False,False
2021-03-08,603979.SH,237,356,275.4,52.548073228235495,119,False,False
2021-03-08,603986.SH,105,190,144.0,31.72538415843061,85,False,False
2021-03-08,603993.SH,384,488,439.4,40.94874845462313,104,False,False
2021-03-08,605358.SH,293,351,324.8,23.435016535091243,58,False,False
2021-03-08,688002.SH,163,299,237.6,51.09598810082842,136,False,False
2021-03-08,688008.SH,294,343,323.8,20.632498636859278,49,False,False
2021-03-08,688009.SH,279,385,327.8,40.898655234616214,106,False,False
2021-03-08,688012.SH,308,378,335.4,25.86116780039138,70,False,False
2021-03-08,688017.SH,449,555,511.8,40.08366250731088,106,False,False
2021-03-08,688018.SH,168,264,218.2,35.7659055526349,96,False,False
2021-03-08,688019.SH,98,287,151.8,77.10836530493953,189,False,False
2021-03-08,688027.SH,372,474,422.8,42.786680170352085,102,False,False
2021-03-08,688036.SH,35,62,48.8,13.026895255585652,27,False,False
2021-03-08,688037.SH,183,248,200.4,27.19007171744863,65,False,False
2021-03-08,688065.SH,325,405,366.4,29.66142275751452,80,False,False
2021-03-08,688099.SH,272,357,327.8,34.62224718298915,85,False,False
2021-03-08,688111.SH,171,234,205.2,25.859234327411937,63,False,False
2021-03-08,688122.SH,16,72,52.2,21.603240497666086,56,True,False
2021-03-08,688126.SH,472,521,491.2,19.601020381602584,49,False,False
2021-03-08,688166.SH,170,255,207.2,31.917080066948483,85,False,False
2021-03-08,688169.SH,113,178,144.8,24.913851568956577,65,False,False
2021-03-08,688180.SH,422,547,474.6,47.41624194303045,125,False,False
2021-03-08,688183.SH,409,503,460.0,38.87158345115362,94,False,False
2021-03-08,688188.SH,155,285,203.6,54.54172714537009,130,False,False
2021-03-08,688256.SH,479,564,513.4,31.840226129850276,85,False,False
2021-03-08,688266.SH,374,512,426.2,54.3847405068738,138,False,False
2021-03-08,688278.SH,94,333,203.2,88.62110358148334,239,False,False
2021-03-08,688301.SH,248,363,300.6,54.29825043221927,115,False,False
2021-03-08,688318.SH,467,510,486.4,18.447222013083703,43,False,False
2021-03-08,688336.SH,289,419,364.2,54.778645474308696,130,False,False
2021-03-08,688363.SH,170,218,201.4,19.07354188398159,48,False,False
2021-03-08,688396.SH,131,205,155.4,29.846272799128535,74,False,False
2021-03-08,688520.SH,265,391,327.4,60.68607748075336,126,False,False
2021-03-08,688561.SH,431,479,450.4,18.622566955175646,48,False,False
2021-03-08,688568.SH,446,537,496.2,32.645060882161026,91,False,False
2021-03-08,688578.SH,619,624,621.8,1.7888543819998317,5,False,False
2021-03-08,688599.SH,110,203,162.0,47.23875527572673,93,False,False
2021-03-08,688608.SH,327,464,391.8,61.14082106089188,137,False,False
2021-03-08,688617.SH,393,515,444.2,52.56139267561315,122,False,False
2021-03-08,688777.SH,394,507,444.8,49.20569072780099,113,False,False
2021-03-08,688819.SH,459,543,497.6,37.773006234611515,84,False,False
2021-03-08,688981.SH,530,613,590.0,33.88952640566109,83,False,False
2021-03-08,689009.SH,308,348,328.2,18.660117898877274,40,False,False
2021-04-06,000001.SZ,481,603,568.4,49.897895747215635,122,False,False
2021-04-06,000002.SZ,365,430,404.4,25.422431040323424,65,False,False
2021-04-06,000009.SZ,184,440,312.0,97.09016428042544,256,False,False
2021-04-06,000021.SZ,280,525,405.6,89.2709359198166,245,False,False
2021-04-06,000027.SZ,605,651,626.8,19.728152473052308,46,False,False
2021-04-06,000032.SZ,408,465,450.8,24.118457662130886,57,False,False
2021-04-06,000034.SZ,328,411,373.4,36.05967276612477,83,False,False
2021-04-06,000039.SZ,200,325,252.4,49.78754864421425,125,False,False
2021-04-06,000050.SZ,455,524,487.2,24.692104001076945,69,False,False
2021-04-06,000060.SZ,150,336,278.0,75.35250493513803,186,False,False
2021-04-06,000062.SZ,98,166,135.4,26.500943379434627,68,False,False
2021-04-06,000063.SZ,174,247,205.0,26.73013280924732,73,False,False
2021-04-06,000088.SZ,347,411,376.0,24.879710609249457,64,False,False
2021-04-06,000100.SZ,479,543,505.8,29.029295547773806,64,False,False
2021-04-06,000155.SZ,93,239,176.6,55.18423687974674,146,False,False
2021-04-06,000157.SZ,287,389,335.8,43.47067977384297,102,False,False
2021-04-06,000166.SZ,441,469,461.6,11.610340218959994,28,False,False
2021-04-06,000301.SZ,298,413,357.2,41.66173304124541,115,False,False
2021-04-06,000333.SZ,44,67,57.2,8.64291617453276,23,False,False
2021-04-06,000338.SZ,95,239,193.0,63.2099675684144,144,False,False
2021-04-06,000400.SZ,35,80,54.8,18.93937696968937,45,False,False
2021-04-06,000408.SZ,553,641,588.8,33.146643872344,88,False,False
2021-04-06,000415.SZ,341,467,410.8,49.68098227692363,126,False,False
2021-04-06,000423.SZ,393,495,450.0,48.02082881417188,102,False,False
2021-04-06,000425.SZ,279,397,348.4,42.962774584516765,118,False,False
2021-04-06,000429.SZ,434,556,470.6,52.98867803597293,122,False,False
2021-04-06,000513.SZ,116,181,149.0,29.924906014890006,65,False,False
2021-04-06,000519.SZ,256,311,274.2,22.851695779525862,55,False,False
2021-04-06,000528.SZ,412,509,461.2,39.35987804859156,97,False,False
2021-04-06,000537.SZ,635,665,650.6,10.830512453249845,30,False,False
2021-04-06,000538.SZ,75,143,115.4,29.065443399335923,68,False,False
2021-04-06,000539.SZ,513,603,563.8,33.670461832294485,90,False,False
2021-04-06,000559.SZ,239,337,295.8,36.83340874803743,98,False,False
2021-04-06,000568.SZ,82,144,116.0,24.238399287081645,62,False,False
2021-04-06,000582.SZ,106,171,138.6,24.42949037536395,65,False,False
2021-04-06,000591.SZ,434,534,506.4,42.20544988505631,100,False,False
2021-04-06,000596.SZ,64,153,108.0,33.24154027718932,89,False,False
2021-04-06,000598.SZ,408,561,484.0,59.476886266851594,153,False,False
2021-04-06,000617.SZ,639,666,655.4,11.76010204037363,27,False,False
2021-04-06,000623.SZ,491,584,542.6,33.901327407639954,93,False,False
2021-04-06,000625.SZ,241,320,271.4,31.229793467136474,79,False,False
2021-04-06,000629.SZ,482,582,534.0,39.12160528403711,100,False,False
2021-04-06,000630.SZ,566,633,589.8,28.986203614823378,67,False,False
2021-04-06,000651.SZ,59,191,128.4,57.26953815074817,132,False,False
2021-04-06,000657.SZ,253,490,346.8,88.44320211299453,237,False,False
2021-04-06,000661.SZ,157,286,234.6,49.39433165860228,129,False,False
2021-04-06,000683.SZ,398,490,437.4,35.84410690755177,92,False,False
2021-04-06,000703.SZ,336,453,388.4,42.66497392475471,117,False,False
2021-04-06,000708.SZ,181,363,280.4,66.79670650563544,182,False,False
2021-04-06,000709.SZ,558,645,619.8,35.59775273805918,87,False,False
2021-04-06,000723.SZ,6,18,10.2,5.167204273105525,12,True,False
2021-04-06,000725.SZ,554,576,564.8,9.257429448826494,22,False,False
2021-04-06,000728.SZ,469,590,531.6,49.67192365914572,121,False,False
2021-04-06,000729.SZ,247,355,284.4,43.99772721402777,108,False,False
2021-04-06,000733.SZ,166,319,237.0,69.86057543421755,153,False,False
2021-04-06,000738.SZ,36,87,54.2,19.892209530366404,51,False,False
2021-04-06,000739.SZ,36,90,73.6,22.097511172075464,54,False,False
2021-04-06,000750.SZ,354,483,445.2,52.06438321924115,129,False,False
2021-04-06,000768.SZ,387,511,418.8,52.14594902770492,124,False,False
2021-04-06,000776.SZ,434,507,458.0,29.723727895403698,73,False,False
2021-04-06,000783.SZ,474,563,523.0,41.20072814890533,89,False,False
2021-04-06,000785.SZ,86,152,116.8,24.96397404260788,66,False,False
2021-04-06,000786.SZ,292,381,335.4,34.23886680367795,89,False,False
2021-04-06,000792.SZ,465,520,493.2,25.371243564319034,55,False,False
2021-04-06,000807.SZ,278,345,322.6,27.537247502246842,67,False,False
2021-04-06,000825.SZ,578,631,603.0,20.40833163195855,53,False,False
2021-04-06,000830.SZ,241,330,274.6,39.55123259773329,89,False,False
2021-04-06,000831.SZ,215,316,271.6,42.81705267764235,101,False,False
2021-04-06,000858.SZ,187,245,207.4,24.141251003210254,58,False,False
2021-04-06,000878.SZ,423,522,460.0,39.70516339218364,99,False,False
2021-04-06,000883.SZ,655,674,666.6,7.6354436675284285,19,False,False
2021-04-06,000887.SZ,74,136,102.2,31.276189026158544,62,False,False
2021-04-06,000893.SZ,225,312,277.0,32.85574531189332,87,False,False
2021-04-06,000895.SZ,204,279,235.4,29.64456105257759,75,False,False
2021-04-06,000898.SZ,608,664,634.6,22.040871126160145,56,False,False
2021-04-06,000921.SZ,33,109,69.4,31.06122985330748,76,False,False
2021-04-06,000932.SZ,400,532,477.6,49.09480624261593,132,False,False
2021-04-06,000937.SZ,370,471,419.6,46.17683401880211,101,False,False
2021-04-06,000938.SZ,128,185,157.6,23.82855429941145,57,False,False
2021-04-06,000951.SZ,242,411,308.8,64.8205214419014,169,False,False
2021-04-06,000959.SZ,553,607,588.8,22.117866081518805,54,False,False
2021-04-06,000960.SZ,467,537,490.6,27.09797040370367,70,False,False
2021-04-06,000963.SZ,605,650,621.6,19.346834366376324,45,False,False
2021-04-06,000967.SZ,47,171,101.4,51.60717004448122,124,False,False
2021-04-06,000975.SZ,436,511,475.2,35.36523716872262,75,False,False
2021-04-06,000977.SZ,245,366,310.8,53.70009310978893,121,False,False
2021-04-06,000983.SZ,223,376,293.2,56.35334950116098,153,False,False
2021-04-06,000987.SZ,458,567,512.6,42.05115931814485,109,False,False
2021-04-06,000997.SZ,34,72,47.4,15.469324484281787,38,False,False
2021-04-06,000999.SZ,220,290,245.8,30.954805765825764,70,False,False
2021-04-06,001696.SZ,468,540,500.4,26.21640707648552,72,False,False
2021-04-06,001965.SZ,485,567,523.0,34.61213659975356,82,False,False
2021-04-06,001979.SZ,395,452,421.6,21.361179742701477,57,False,False
2021-04-06,002001.SZ,240,334,303.0,40.59556626036888,94,False,False
2021-04-06,002007.SZ,263,359,314.0,36.53765181289022,96,False,False
2021-04-06,002008.SZ,15,32,23.4,7.700649323271382,17,True,False
2021-04-06,002025.SZ,41,108,65.4,27.263528751795867,67,False,False
2021-04-06,002027.SZ,118,248,173.6,49.65178748041202,130,False,False
2021-04-06,002028.SZ,246,351,307.2,42.65794181626676,105,False,False
2021-04-06,002032.SZ,96,157,115.0,24.979991993593593,61,False,False
2021-04-06,002044.SZ,247,339,303.4,37.340326725940685,92,False,False
2021-04-06,002049.SZ,336,428,383.0,42.01190307520001,92,False,False
2021-04-06,002050.SZ,140,174,154.0,13.095800853708795,34,False,False
2021-04-06,002056.SZ,54,164,109.4,41.902267241761514,110,False,False
2021-04-06,002064.SZ,162,252,200.6,36.596447915064104,90,False,False
2021-04-06,002065.SZ,163,297,225.6,54.42242184982216,134,False,False
2021-04-06,002074.SZ,559,601,577.0,19.761072845369505,42,False,False
2021-04-06,002078.SZ,35,121,87.8,39.63205773108431,86,False,False
2021-04-06,002085.SZ,319,480,395.6,69.5291305856761,161,False,False
2021-04-06,002120.SZ,218,258,230.8,16.991174179555692,40,False,False
2021-04-06,002126.SZ,111,164,134.6,21.1730961363708,53,False,False
2021-04-06,002130.SZ,251,297,272.0,17.435595774162696,46,False,False
2021-04-06,002131.SZ,449,555,502.6,41.512648674831624,106,False,False
2021-04-06,002138.SZ,274,336,310.2,23.79495744900587,62,False,False
2021-04-06,002142.SZ,528,634,576.0,48.25453346577915,106,False,False
2021-04-06,002152.SZ,445,504,466.0,22.52776065213762,59,False,False
2021-04-06,002153.SZ,494,579,542.6,36.80081520836189,85,False,False
2021-04-06,002155.SZ,297,388,362.0,37.06076092041285,91,False,False
2021-04-06,002157.SZ,159,286,245.0,52.0,127,False,False
2021-04-06,002179.SZ,25,34,29.2,4.08656334834051,9,False,False
2021-04-06,002185.SZ,341,478,395.8,54.61867812387993,137,False,False
2021-04-06,002195.SZ,460,539,513.8,31.799371062962862,79,False,False
2021-04-06,002202.SZ,330,395,373.2,26.166772823563857,65,False,False
2021-04-06,002203.SZ,413,479,433.0,28.83574171059243,66,False,False
2021-04-06,002223.SZ,169,338,255.0,70.24599632719291,169,False,False
2021-04-06,002230.SZ,226,369,298.2,60.78404395892066,143,False,False
2021-04-06,002236.SZ,299,375,341.2,34.44851230459742,76,False,False
2021-04-06,002241.SZ,39,147,88.8,38.42134823246056,108,False,False
2021-04-06,002244.SZ,451,592,542.2,60.30091209923777,141,False,False
2021-04-06,002252.SZ,201,446,311.4,99.21592614091752,245,False,False
2021-04-06,002261.SZ,186,273,227.0,35.04996433664377,87,False,False
2021-04-06,002262.SZ,321,406,366.8,36.83340874803743,85,False,False
2021-04-06,002265.SZ,249,319,277.4,29.02240513809977,70,False,False
2021-04-06,002266.SZ,17,125,63.0,44.288824775557096,108,True,False
2021-04-06,002271.SZ,432,517,473.2,34.12770135828078,85,False,False
2021-04-06,002273.SZ,306,439,366.4,48.22136455970527,133,False,False
2021-04-06,002281.SZ,101,200,136.4,39.18290443548053,99,False,False
2021-04-06,002299.SZ,301,398,347.6,44.354255714643664,97,False,False
2021-04-06,002304.SZ,333,443,386.8,41.63171867698954,110,False,False
2021-04-06,002311.SZ,139,229,190.0,32.58834147360065,90,False,False
2021-04-06,002312.SZ,226,386,348.4,69.30223661614393,160,False,False
2021-04-06,002318.SZ,38,65,50.2,9.731392500562292,27,False,False
2021-04-06,002335.SZ,14,99,45.6,31.981244503614928,85,True,False
2021-04-06,002340.SZ,630,655,641.2,10.47377677822093,25,False,False
2021-04-06,002352.SZ,17,46,33.6,14.774978849392644,29,True,False
2021-04-06,002353.SZ,29,97,54.8,25.926820090400597,68,False,False
2021-04-06,002371.SZ,126,304,231.0,72.93833011524188,178,False,False
2021-04-06,002384.SZ,94,138,124.6,17.67201177002777,44,False,False
2021-04-06,002402.SZ,19,59,34.2,16.11521020650987,40,True,False
2021-04-06,002409.SZ,51,89,69.0,17.392527130926087,38,False,False
2021-04-06,002410.SZ,237,310,281.0,28.45171348091359,73,False,False
2021-04-06,002414.SZ,200,347,249.8,60.18886940290538,147,False,False
2021-04-06,002415.SZ,202,255,221.2,21.68409555411523,53,False,False
2021-04-06,002422.SZ,61,99,80.4,17.11139970896595,38,False,False
2021-04-06,002423.SZ,566,595,582.6,10.737783756436892,29,False,False
2021-04-06,002429.SZ,21,85,56.8,28.039258192755387,64,False,False
2021-04-06,002430.SZ,34,77,55.2,16.361540269791227,43,False,False
2021-04-06,002432.SZ,234,278,251.8,18.793615937333612,44,False,False
2021-04-06,002436.SZ,31,92,65.6,24.98599607780326,61,False,False
2021-04-06,002444.SZ,29,100,63.6,30.705048444840468,71,False,False
2021-04-06,002460.SZ,226,360,312.8,50.84486208064685,134,False,False
2021-04-06,002461.SZ,248,378,304.4,55.06632364703495,130,False,False
2021-04-06,002463.SZ,301,457,379.0,60.92208138269736,156,False,False
2021-04-06,002465.SZ,151,267,217.4,49.82268559602142,116,False,False
2021-04-06,002466.SZ,310,457,377.4,52.90841142956382,147,False,False
2021-04-06,002472.SZ,254,329,292.8,29.414282245195103,75,False,False
2021-04-06,002475.SZ,10,53,28.6,16.44080290010193,43,True,False
2021-04-06,002493.SZ,280,450,356.2,83.20576903075893,170,False,False
2021-04-06,002500.SZ,514,559,537.4,22.30022421411946,45,False,False
2021-04-06,002508.SZ,176,298,220.4,49.44997472193489,122,False,False
2021-04-06,002517.SZ,195,327,237.8,59.005931905190685,132,False,False
2021-04-06,002532.SZ,184,300,225.6,44.6183818621877,116,False,False
2021-04-06,002558.SZ,408,499,456.0,37.53664875824692,91,False,False
2021-04-06,002568.SZ,88,212,148.6,45.329901830910686,124,False,False
2021-04-06,002583.SZ,161,230,189.6,29.56856438855292,69,False,False
2021-04-06,002594.SZ,144,227,183.0,37.1887079635741,83,False,False
2021-04-06,002600.SZ,74,146,94.4,29.330871108782297,72,False,False
2021-04-06,002601.SZ,258,399,304.0,54.886246000250374,141,False,False
2021-04-06,002603.SZ,270,411,324.6,52.85640926131854,141,False,False
2021-04-06,002608.SZ,577,616,592.6,17.515707236649053,39,False,False
2021-04-06,002624.SZ,177,367,268.0,88.13909461754189,190,False,False
2021-04-06,002625.SZ,360,433,404.4,32.14498405661449,73,False,False
2021-04-06,002648.SZ,441,598,533.4,62.39631399369678,157,False,False
2021-04-06,002670.SZ,421,513,475.0,35.552777669262355,92,False,False
2021-04-06,002673.SZ,172,318,243.4,53.831217708686474,146,False,False
2021-04-06,002683.SZ,73,160,111.6,36.14277244484712,87,False,False
2021-04-06,002709.SZ,130,299,208.6,64.12331869140898,169,False,False
2021-04-06,002714.SZ,357,439,395.0,35.41892149684968,82,False,False
2021-04-06,002736.SZ,571,613,590.6,15.78923684032892,42,False,False
2021-04-06,002738.SZ,1,14,7.2,5.263078946776307,13,True,True
2021-04-06,002739.SZ,115,191,162.0,30.683871985132516,76,False,False
2021-04-06,002756.SZ,83,202,158.8,53.11026266174929,119,False,False
2021-04-06,002773.SZ,194,293,253.8,42.552320735771865,99,False,False
2021-04-06,002797.SZ,355,475,418.2,48.21514284952394,120,False,False
2021-04-06,002821.SZ,48,117,84.6,30.607188698082023,69,False,False
2021-04-06,002831.SZ,2,18,7.8,6.379655163094632,16,True,True
2021-04-06,002837.SZ,137,178,163.8,19.46021582614129,41,False,False
2021-04-06,002841.SZ,45,68,58.6,8.61974477580398,23,False,False
2021-04-06,002850.SZ,16,72,33.8,22.432119828495924,56,True,False
2021-04-06,002851.SZ,3,9,6.0,2.8284271247461903,6,True,True
2021-04-06,002916.SZ,229,318,278.6,37.86555162677549,89,False,False
2021-04-06,002920.SZ,200,349,266.8,56.70714240728412,149,False,False
2021-04-06,002926.SZ,416,500,447.0,33.88214869219483,84,False,False
2021-04-06,002938.SZ,132,238,180.2,42.52293498807438,106,False,False
2021-04-06,002939.SZ,481,599,545.6,44.83079298874826,118,False,False
2021-04-06,002945.SZ,460,544,497.2,31.554714386284658,84,False,False
2021-04-06,002966.SZ,622,652,638.0,13.910427743243556,30,False,False
2021-04-06,002984.SZ,169,308,244.8,55.07903412370264,139,False,False
2021-04-06,003021.SZ,320,383,347.2,24.752777621915484,63,False,False
2021-04-06,003022.SZ,120,217,163.0,39.2364626336269,97,False,False
2021-04-06,003031.SZ,28,94,51.4,30.28696089078599,66,False,False
2021-04-06,003035.SZ,421,603,507.2,78.6460424942031,182,False,False
2021-04-06,003816.SZ,570,594,582.8,11.64903429473877,24,False,False
2021-04-06,300001.SZ,594,673,630.6,32.269180342859656,79,False,False
2021-04-06,300002.SZ,127,290,217.0,58.70264048575669,163,False,False
2021-04-06,300003.SZ,272,307,289.0,13.838352503098047,35,False,False
2021-04-06,300012.SZ,37,49,42.6,4.722287581247038,12,False,False
2021-04-06,300014.SZ,179,349,251.6,68.34690922053461,170,False,False
2021-04-06,300015.SZ,108,215,162.4,41.44031853159432,107,False,False
2021-04-06,300017.SZ,304,452,404.8,59.268035229793135,148,False,False
2021-04-06,300024.SZ,195,363,279.0,60.40281450396165,168,False,False
2021-04-06,300033.SZ,183,347,263.0,70.71421356417676,164,False,False
2021-04-06,300037.SZ,48,84,66.4,16.133815419794537,36,False,False
2021-04-06,300054.SZ,262,323,291.2,26.432934002868464,61,False,False
2021-04-06,300058.SZ,84,151,123.4,26.283074401599215,67,False,False
2021-04-06,300059.SZ,243,403,311.2,60.76347587161222,160,False,False
2021-04-06,300073.SZ,123,363,220.4,95.00947321188556,240,False,False
2021-04-06,300100.SZ,66,206,130.0,56.925389765903226,140,False,False
2021-04-06,300115.SZ,10,63,23.0,22.572106680591425,53,True,False
2021-04-06,300122.SZ,23,56,39.2,11.734564329364769,33,False,False
2021-04-06,300124.SZ,82,222,131.8,55.44997745716404,140,False,False
2021-04-06,300136.SZ,334,418,378.2,36.70422319025428,84,False,False
2021-04-06,300140.SZ,179,233,200.8,23.285188425262955,54,False,False
2021-04-06,300142.SZ,362,430,395.0,25.219040425836983,68,False,False
2021-04-06,300144.SZ,366,435,408.6,26.9777686252959,69,False,False
2021-04-06,300146.SZ,463,558,505.2,42.15091932568019,95,False,False
2021-04-06,300207.SZ,184,253,217.4,31.895140695723544,69,False,False
2021-04-06,300223.SZ,452,521,489.4,28.86693610343848,69,False,False
2021-04-06,300251.SZ,473,584,516.2,41.0572770650953,111,False,False
2021-04-06,300274.SZ,231,407,339.4,64.98692176122823,176,False,False
2021-04-06,300285.SZ,43,117,78.8,31.019348800385863,74,False,False
2021-04-06,300308.SZ,71,163,127.2,34.42673379802388,92,False,False
2021-04-06,300316.SZ,58,71,65.6,6.107372593840988,13,False,False
2021-04-06,300339.SZ,162,324,240.4,76.1137306929571,162,False,False
2021-04-06,300346.SZ,390,494,435.8,41.06336566819627,104,False,False
2021-04-06,300373.SZ,83,119,99.4,14.293355099485916,36,False,False
2021-04-06,300383.SZ,159,264,193.0,43.91469002509297,105,False,False
2021-04-06,300390.SZ,209,357,289.6,58.144647217091276,148,False,False
2021-04-06,300394.SZ,170,258,223.2,36.79266231193388,88,False,False
2021-04-06,300395.SZ,146,211,173.2,29.055120030727803,65,False,False
2021-04-06,300408.SZ,175,292,220.8,45.58179461144548,117,False,False
2021-04-06,300413.SZ,109,165,128.6,22.074872593063816,56,False,False
2021-04-06,300418.SZ,307,407,371.2,38.12086043100286,100,False,False
2021-04-06,300432.SZ,247,351,305.6,49.05914797466422,104,False,False
2021-04-06,300433.SZ,9,27,17.0,7.176350047203662,18,True,False
2021-04-06,300442.SZ,113,181,152.0,25.37715508089904,68,False,False
2021-04-06,300450.SZ,3,12,7.6,3.5071355833500366,9,True,True
2021-04-06,300454.SZ,14,45,27.6,11.193748255164577,31,True,False
2021-04-06,300458.SZ,359,441,401.8,35.39350222851647,82,False,False
2021-04-06,300474.SZ,521,597,565.6,27.564469884254983,76,False,False
2021-04-06,300476.SZ,4,11,6.2,2.7748873851023217,7,True,True
2021-04-06,300487.SZ,11,26,16.8,5.585696017507577,15,True,False
2021-04-06,300496.SZ,4,27,13.4,8.96102672688794,23,True,True
2021-04-06,300498.SZ,318,524,407.0,77.8138805098422,206,False,False
2021-04-06,300502.SZ,227,323,288.4,38.862578401336165,96,False,False
2021-04-06,300558.SZ,66,162,103.2,43.09524335701099,96,False,False
2021-04-06,300567.SZ,25,117,71.2,36.04441704342019,92,False,False
2021-04-06,300570.SZ,124,210,166.2,35.17385392589217,86,False,False
2021-04-06,300604.SZ,49,136,84.0,33.45145736735546,87,False,False
2021-04-06,300623.SZ,493,560,514.6,26.67958020659246,67,False,False
2021-04-06,300627.SZ,30,118,89.6,36.45270908999769,88,False,False
2021-04-06,300628.SZ,122,283,184.6,67.3446360150532,161,False,False
2021-04-06,300661.SZ,248,380,327.0,54.0,132,False,False
2021-04-06,300676.SZ,212,309,262.8,39.07300858649101,97,False,False
2021-04-06,300677.SZ,426,496,462.8,29.978325503603433,70,False,False
2021-04-06,300679.SZ,39,76,65.6,15.290519938837921,37,False,False
2021-04-06,300699.SZ,206,276,230.0,28.115831839019098,70,False,False
2021-04-06,300718.SZ,95,179,135.2,35.68192819901974,84,False,False
2021-04-06,300724.SZ,16,78,48.4,23.807561823924768,62,True,False
2021-04-06,300735.SZ,294,410,354.0,55.25848351158399,116,False,False
2021-04-06,300748.SZ,1,2,1.4,0.5477225575051661,1,True,True
2021-04-06,300750.SZ,185,312,254.2,61.1694368128398,127,False,False
2021-04-06,300751.SZ,59,186,104.0,51.22011323689162,127,False,False
2021-04-06,300757.SZ,344,436,397.6,37.340326725940685,92,False,False
2021-04-06,300759.SZ,90,140,109.8,19.175505208468433,50,False,False
2021-04-06,300760.SZ,34,142,103.0,41.731283229730664,108,False,False
2021-04-06,300763.SZ,21,70,44.2,18.376615575235828,49,False,False
2021-04-06,300803.SZ,195,243,214.0,18.303005217723125,48,False,False
2021-04-06,300832.SZ,297,394,328.4,38.095931541307664,97,False,False
2021-04-06,300857.SZ,54,228,145.4,69.76245408527427,174,False,False
2021-04-06,300866.SZ,256,373,316.4,49.60141127024512,117,False,False
2021-04-06,300888.SZ,365,454,406.6,38.003947163419745,89,False,False
2021-04-06,300896.SZ,401,463,434.0,24.413111231467404,62,False,False
2021-04-06,300919.SZ,507,625,588.6,47.10413994544429,118,False,False
2021-04-06,300957.SZ,371,601,465.4,94.81191908193821,230,False,False
2021-04-06,300999.SZ,546,659,604.6,41.63892409753162,113,False,False
2021-04-06,302132.SZ,17,50,35.0,13.910427743243556,33,True,False
2021-04-06,600000.SH,613,647,638.6,14.38054240979804,34,False,False
2021-04-06,600004.SH,286,409,347.2,45.62565068029167,123,False,False
2021-04-06,600008.SH,422,493,452.6,32.16830738475371,71,False,False
2021-04-06,600009.SH,522,591,553.8,24.80322559668399,69,False,False
2021-04-06,600010.SH,476,588,553.0,48.425200051213004,112,False,False
2021-04-06,600011.SH,446,534,491.0,39.26194085880116,88,False,False
2021-04-06,600015.SH,655,666,661.8,4.324349662087931,11,False,False
2021-04-06,600016.SH,587,621,605.6,15.05988047761336,34,False,False
2021-04-06,600018.SH,499,562,538.8,24.772969139770062,63,False,False
2021-04-06,600019.SH,394,548,479.6,67.84762339242252,154,False,False
2021-04-06,600021.SH,647,677,663.2,12.296340919151518,30,False,False
2021-04-06,600023.SH,618,657,640.6,17.643695757975422,39,False,False
2021-04-06,600025.SH,542,623,587.6,32.1294257651767,81,False,False
2021-04-06,600026.SH,533,583,560.8,24.10808992848666,50,False,False
2021-04-06,600027.SH,537,564,548.4,11.326958991715296,27,False,False
2021-04-06,600028.SH,536,611,580.2,32.75973137863007,75,False,False
2021-04-06,600029.SH,448,588,537.0,52.62128846769148,140,False,False
2021-04-06,600030.SH,413,472,436.4,23.922792479140053,59,False,False
2021-04-06,600031.SH,104,198,152.8,41.70371686073077,94,False,False
2021-04-06,600036.SH,612,663,640.0,22.638462845343543,51,False,False
2021-04-06,600038.SH,222,392,271.2,69.44566221154494,170,False,False
2021-04-06,600039.SH,637,672,654.6,16.133815419794537,35,False,False
2021-04-06,600048.SH,546,619,594.8,28.52542725359254,73,False,False
2021-04-06,600050.SH,620,670,653.4,19.81918262693999,50,False,False
2021-04-06,600060.SH,233,420,328.0,73.15394726192156,187,False,False
2021-04-06,600061.SH,628,664,650.8,13.590437814875573,36,False,False
2021-04-06,600062.SH,348,535,467.4,71.43388551660898,187,False,False
2021-04-06,600066.SH,125,192,148.8,26.4896206088347,67,False,False
2021-04-06,600085.SH,214,395,307.6,68.95143218237021,181,False,False
2021-04-06,600089.SH,334,441,398.8,41.0329136182163,107,False,False
2021-04-06,600095.SH,282,367,326.0,32.66496594212215,85,False,False
2021-04-06,600098.SH,507,544,529.0,13.765899897936205,37,False,False
2021-04-06,600104.SH,370,507,423.0,51.05389309347525,137,False,False
2021-04-06,600109.SH,564,644,600.2,34.93136126749142,80,False,False
2021-04-06,600111.SH,671,677,675.0,2.449489742783178,6,False,False
2021-04-06,600115.SH,437,513,479.2,32.22886904624486,76,False,False
2021-04-06,600118.SH,260,364,326.2,39.75172952212269,104,False,False
2021-04-06,600126.SH,478,557,525.0,31.040296390337513,79,False,False
2021-04-06,600131.SH,27,92,49.0,26.201145013147805,65,False,False
2021-04-06,600132.SH,61,107,74.8,18.308467986153293,46,False,False
2021-04-06,600141.SH,525,623,590.2,38.77757083676078,98,False,False
2021-04-06,600143.SH,411,456,424.4,17.966635745180564,45,False,False
2021-04-06,600150.SH,253,335,295.6,38.324926614411154,82,False,False
2021-04-06,600153.SH,520,599,553.8,33.65560874505169,79,False,False
2021-04-06,600157.SH,402,568,503.2,63.64510978857684,166,False,False
2021-04-06,600160.SH,610,635,623.8,10.425929215182693,25,False,False
2021-04-06,600161.SH,109,225,154.2,49.565108695532984,116,False,False
2021-04-06,600166.SH,593,671,638.2,31.515075757484702,78,False,False
2021-04-06,600170.SH,651,670,662.6,9.710818709048171,19,False,False
2021-04-06,600171.SH,437,516,473.8,34.21549356651165,79,False,False
2021-04-06,600176.SH,75,141,109.6,25.353500744473138,66,False,False
2021-04-06,600177.SH,505,620,565.2,43.785842460777204,115,False,False
2021-04-06,600183.SH,13,47,27.8,12.853015210447703,34,True,False
2021-04-06,600188.SH,417,491,448.8,29.037906260610455,74,False,False
2021-04-06,600196.SH,263,427,306.2,69.14622187798838,164,False,False
2021-04-06,600208.SH,483,588,545.2,39.302671664913575,105,False,False
2021-04-06,600219.SH,526,612,570.8,37.93678953206241,86,False,False
2021-04-06,600233.SH,572,671,631.4,37.85234470941001,99,False,False
2021-04-06,600276.SH,169,351,276.2,66.77349773675182,182,False,False
2021-04-06,600282.SH,553,622,585.4,32.17607807051692,69,False,False
2021-04-06,600295.SH,353,429,387.2,36.016662810427064,76,False,False
2021-04-06,600298.SH,152,219,179.4,27.464522570035694,67,False,False
2021-04-06,600299.SH,132,207,175.8,31.252199922565453,75,False,False
2021-04-06,600309.SH,116,204,165.6,36.08739392086938,88,False,False
2021-04-06,600312.SH,345,418,389.8,27.994642344563005,73,False,False
2021-04-06,600316.SH,359,435,384.2,30.028319966325125,76,False,False
2021-04-06,600329.SH,289,414,338.6,49.58124645468284,125,False,False
2021-04-06,600332.SH,211,312,273.0,38.93584466786357,101,False,False
2021-04-06,600339.SH,619,651,636.0,14.422205101855956,32,False,False
2021-04-06,600346.SH,249,399,332.2,64.72402954081274,150,False,False
2021-04-06,600348.SH,368,538,469.2,62.26315122124803,170,False,False
2021-04-06,600352.SH,393,469,436.0,29.24038303442689,76,False,False
2021-04-06,600362.SH,538,640,598.2,37.5126645281297,102,False,False
2021-04-06,600363.SH,273,439,349.6,59.226683175744355,166,False,False
2021-04-06,600369.SH,546,587,563.2,15.833508770957875,41,False,False
2021-04-06,600372.SH,167,289,235.8,44.8408296087394,122,False,False
2021-04-06,600377.SH,417,517,456.0,39.534794801541594,100,False,False
2021-04-06,600378.SH,211,321,254.4,40.7345062569807,110,False,False
2021-04-06,600380.SH,101,203,130.8,41.15458662166345,102,False,False
2021-04-06,600390.SH,577,621,592.4,18.514858897652985,44,False,False
2021-04-06,600392.SH,630,672,650.6,20.440156555173445,42,False,False
2021-04-06,600398.SH,503,565,531.0,24.779023386727733,62,False,False
2021-04-06,600406.SH,128,183,152.0,26.009613607279906,55,False,False
2021-04-06,600415.SH,366,496,416.8,54.92449362533987,130,False,False
2021-04-06,600426.SH,137,187,156.8,22.74203157151973,50,False,False
2021-04-06,600435.SH,52,107,71.8,22.939049675171812,55,False,False
2021-04-06,600436.SH,164,404,283.8,96.29745583347464,240,False,False
2021-04-06,600438.SH,102,159,128.8,22.219360926903367,57,False,False
2021-04-06,600460.SH,321,474,411.2,57.88955000688812,153,False,False
2021-04-06,600482.SH,348,427,391.8,31.507142047478695,79,False,False
2021-04-06,600483.SH,433,543,494.6,40.339806643066595,110,False,False
2021-04-06,600486.SH,249,342,304.0,37.52332607858744,93,False,False
2021-04-06,600489.SH,110,224,170.0,46.4811789867684,114,False,False
2021-04-06,600497.SH,230,293,257.8,26.994443872767594,63,False,False
2021-04-06,600498.SH,210,315,250.4,39.221167754160504,105,False,False
2021-04-06,600499.SH,415,541,477.2,51.13902619330955,126,False,False
2021-04-06,600511.SH,281,353,321.4,26.2449995237188,72,False,False
2021-04-06,600515.SH,300,426,365.2,53.354474976331645,126,False,False
2021-04-06,600516.SH,203,333,273.8,51.192772927435755,130,False,False
2021-04-06,600517.SH,303,448,349.8,58.2297174988854,145,False,False
2021-04-06,600519.SH,237,343,265.2,45.21283003750152,106,False,False
2021-04-06,600521.SH,73,166,119.8,34.054368295418435,93,False,False
2021-04-06,600522.SH,41,95,67.6,23.437149997386626,54,False,False
2021-04-06,600535.SH,115,235,170.8,42.640356471305445,120,False,False
2021-04-06,600536.SH,122,230,178.8,49.17011287357392,108,False,False
2021-04-06,600546.SH,271,335,299.4,26.912822222873615,64,False,False
2021-04-06,600547.SH,136,296,233.8,60.21793752695288,160,False,False
2021-04-06,600549.SH,114,173,142.6,26.688949023893766,59,False,False
2021-04-06,600562.SH,209,352,266.2,54.0249942156406,143,False,False
2021-04-06,600563.SH,62,153,106.8,36.23120202256613,91,False,False
2021-04-06,600566.SH,385,502,433.4,48.366310589086694,117,False,False
2021-04-06,600570.SH,145,208,172.8,28.708883642524313,63,False,False
2021-04-06,600578.SH,648,675,664.2,13.479614237803691,27,False,False
2021-04-06,600582.SH,504,611,548.6,40.97926304852248,107,False,False
2021-04-06,600583.SH,522,582,564.8,24.427443582986736,60,False,False
2021-04-06,600584.SH,324,405,362.8,38.310572953167906,81,False,False
2021-04-06,600585.SH,383,491,450.2,40.50555517456834,108,False,False
2021-04-06,600588.SH,94,172,132.8,28.89982698910151,78,False,False
2021-04-06,600598.SH,171,287,206.6,46.784612855083026,116,False,False
2021-04-06,600600.SH,4,14,6.4,4.33589667773576,10,True,True
2021-04-06,600601.SH,459,526,493.0,32.03903868720159,67,False,False
2021-04-06,600602.SH,154,241,204.2,35.32987404449668,87,False,False
2021-04-06,600606.SH,555,606,577.2,22.818851855428658,51,False,False
2021-04-06,600637.SH,428,475,452.2,20.55966925804012,47,False,False
2021-04-06,600642.SH,449,600,533.8,61.53616822649912,151,False,False
2021-04-06,600655.SH,228,390,304.6,73.24479503691713,162,False,False
2021-04-06,600660.SH,79,115,102.0,13.820274961085254,36,False,False
2021-04-06,600663.SH,420,514,457.4,42.22913686070318,94,False,False
2021-04-06,600674.SH,495,598,563.0,42.91270208225066,103,False,False
2021-04-06,600685.SH,317,391,367.2,31.830802691732423,74,False,False
2021-04-06,600688.SH,219,425,353.4,82.50333326599598,206,False,False
2021-04-06,600690.SH,187,305,219.2,49.45907399052271,118,False,False
2021-04-06,600699.SH,81,165,106.0,34.57600323924094,84,False,False
2021-04-06,600704.SH,518,605,555.0,32.225766088644036,87,False,False
2021-04-06,600707.SH,537,579,556.4,17.00882124075622,42,False,False
2021-04-06,600737.SH,188,335,267.6,66.38749882319712,147,False,False
2021-04-06,600741.SH,81,137,108.4,19.894722918402255,56,False,False
2021-04-06,600754.SH,223,330,272.6,46.6025750361501,107,False,False
2021-04-06,600760.SH,450,492,474.2,18.143869488066763,42,False,False
2021-04-06,600763.SH,167,265,232.4,37.944696599129635,98,False,False
2021-04-06,600764.SH,221,391,291.0,77.97756087490811,170,False,False
2021-04-06,600765.SH,58,120,90.4,21.984085152673515,62,False,False
2021-04-06,600795.SH,642,671,655.0,11.445523142259598,29,False,False
2021-04-06,600801.SH,72,99,86.2,10.894952959971878,27,False,False
2021-04-06,600803.SH,223,269,251.8,18.102486017119308,46,False,False
2021-04-06,600808.SH,478,548,525.4,27.309339061939966,70,False,False
2021-04-06,600809.SH,142,218,175.4,27.969626382917596,76,False,False
2021-04-06,600816.SH,496,585,548.0,38.76209488662861,89,False,False
2021-04-06,600820.SH,538,620,575.8,31.530937188735763,82,False,False
2021-04-06,600845.SH,19,64,39.8,16.208022704821214,45,True,False
2021-04-06,600848.SH,417,476,455.2,25.371243564319034,59,False,False
2021-04-06,600862.SH,20,42,26.8,9.011104260855047,22,True,False
2021-04-06,600863.SH,639,662,650.8,11.031772296417289,23,False,False
2021-04-06,600871.SH,673,676,674.6,1.5165750888103102,3,False,False
2021-04-06,600873.SH,44,190,136.0,59.2452529743945,146,False,False
2021-04-06,600875.SH,433,528,475.8,45.129812762740336,95,False,False
2021-04-06,600879.SH,60,115,90.4,26.387497039317694,55,False,False
2021-04-06,600884.SH,177,313,245.8,64.09914195993578,136,False,False
2021-04-06,600885.SH,12,20,15.2,4.381780460041329,8,True,False
2021-04-06,600886.SH,484,534,513.8,19.498717906570164,50,False,False
2021-04-06,600887.SH,25,50,37.6,10.261578825892242,25,False,False
2021-04-06,600893.SH,268,372,305.0,43.6520331714343,104,False,False
2021-04-06,600900.SH,456,542,491.6,34.968557305099104,86,False,False
2021-04-06,600901.SH,561,592,579.0,12.569805089976535,31,False,False
2021-04-06,600909.SH,431,508,473.4,38.15494725458286,77,False,False
2021-04-06,600918.SH,499,635,564.4,53.392883420920434,136,False,False
2021-04-06,600919.SH,614,654,634.4,17.952715672009067,40,False,False
2021-04-06,600926.SH,549,596,579.4,18.06377590649308,47,False,False
2021-04-06,600958.SH,429,531,480.4,39.27849284277593,102,False,False
2021-04-06,600967.SH,182,252,213.8,26.347675419285093,70,False,False
2021-04-06,600968.SH,471,513,492.8,19.292485583770695,42,False,False
2021-04-06,600970.SH,261,419,341.8,56.979820989539796,158,False,False
2021-04-06,600977.SH,438,555,489.0,46.12483062299525,117,False,False
2021-04-06,600985.SH,160,304,240.2,53.746627801193256,144,False,False
2021-04-06,600988.SH,368,454,402.6,35.99027646462305,86,False,False
2021-04-06,600989.SH,158,223,179.6,25.986534974867272,65,False,False
2021-04-06,600995.SH,182,352,286.0,68.81496930174423,170,False,False
2021-04-06,600998.SH,457,523,483.8,27.81546332528006,66,False,False
2021-04-06,600999.SH,296,381,349.0,37.46331538985838,85,False,False
2021-04-06,601000.SH,605,659,641.4,22.06354459283458,54,False,False
2021-04-06,601001.SH,366,422,392.6,22.063544592834578,56,False,False
2021-04-06,601006.SH,594,642,613.8,17.49857137025763,48,False,False
2021-04-06,601009.SH,626,655,638.0,13.076696830622021,29,False,False
2021-04-06,601012.SH,13,62,28.4,19.320973060381817,49,True,False
2021-04-06,601016.SH,574,643,618.8,29.894815604047466,69,False,False
2021-04-06,601018.SH,495,583,545.4,32.723080539582455,88,False,False
2021-04-06,601019.SH,473,608,530.6,51.19863279424559,135,False,False
2021-04-06,601021.SH,174,295,236.4,48.94180217360207,121,False,False
2021-04-06,601058.SH,99,190,136.8,33.70014836762592,91,False,False
2021-04-06,601066.SH,369,460,411.6,38.9653692398776,91,False,False
2021-04-06,601077.SH,648,663,656.2,6.300793600809346,15,False,False
2021-04-06,601088.SH,584,629,608.4,17.357995275952806,45,False,False
2021-04-06,601098.SH,180,346,245.2,65.33528908637354,166,False,False
2021-04-06,601099.SH,470,559,517.0,32.11697370550345,89,False,False
2021-04-06,601100.SH,242,346,297.4,39.48164130326904,104,False,False
2021-04-06,601106.SH,550,611,583.8,23.784448700779254,61,False,False
2021-04-06,601108.SH,338,459,404.2,43.71727347399423,121,False,False
2021-04-06,601111.SH,419,547,491.8,54.91538946415658,128,False,False
2021-04-06,601117.SH,626,668,654.6,16.637307474468336,42,False,False
2021-04-06,601118.SH,527,573,547.6,17.529974329701684,46,False,False
2021-04-06,601127.SH,494,566,532.0,27.52271788904577,72,False,False
2021-04-06,601128.SH,546,622,573.4,29.082640870457414,76,False,False
2021-04-06,601138.SH,332,477,397.4,53.181763791735975,145,False,False
2021-04-06,601139.SH,69,153,111.2,36.94861296449435,84,False,False
2021-04-06,601155.SH,591,634,615.8,19.537144110642167,43,False,False
2021-04-06,601162.SH,424,498,468.6,29.762392376957873,74,False,False
2021-04-06,601166.SH,617,633,626.4,6.618156843109719,16,False,False
2021-04-06,601169.SH,636,667,649.2,15.188811671753653,31,False,False
2021-04-06,601179.SH,284,384,349.8,40.16466108409232,100,False,False
2021-04-06,601186.SH,627,654,635.2,11.606032913963324,27,False,False
2021-04-06,601198.SH,359,484,418.4,44.747066942985214,125,False,False
2021-04-06,601211.SH,508,555,533.6,23.649524308112415,47,False,False
2021-04-06,601212.SH,163,350,252.0,84.40675328431962,187,False,False
2021-04-06,601216.SH,342,420,379.4,35.146834850381616,78,False,False
2021-04-06,601225.SH,442,529,481.4,32.97423236407483,87,False,False
2021-04-06,601228.SH,533,616,583.6,31.1656862590895,83,False,False
2021-04-06,601229.SH,661,675,667.4,5.128352561983234,14,False,False
2021-04-06,601233.SH,98,145,123.4,23.62837277511932,47,False,False
2021-04-06,601236.SH,471,527,496.6,24.419254697881343,56,False,False
2021-04-06,601238.SH,364,448,403.0,37.69615364994153,84,False,False
2021-04-06,601288.SH,637,672,655.8,14.923136399564267,35,False,False
2021-04-06,601298.SH,436,481,457.6,19.03417978269618,45,False,False
2021-04-06,601318.SH,376,521,445.2,59.85565971568603,145,False,False
2021-04-06,601319.SH,505,581,539.8,29.371755139929927,76,False,False
2021-04-06,601328.SH,633,654,645.0,8.215838362577491,21,False,False
2021-04-06,601336.SH,395,483,432.6,40.66079192539171,88,False,False
2021-04-06,601360.SH,508,562,527.4,21.384573879317774,54,False,False
2021-04-06,601377.SH,461,613,554.8,58.208246838399106,152,False,False
2021-04-06,601390.SH,639,671,655.6,14.223220451079284,32,False,False
2021-04-06,601398.SH,634,658,649.6,9.91463564635635,24,False,False
2021-04-06,601399.SH,90,186,144.8,41.39082023830888,96,False,False
2021-04-06,601456.SH,668,677,674.8,3.8340579025361627,9,False,False
2021-04-06,601555.SH,400,514,471.2,44.04202538485259,114,False,False
2021-04-06,601567.SH,461,548,513.8,44.22329702769797,87,False,False
2021-04-06,601577.SH,595,614,604.2,9.257429448826494,19,False,False
2021-04-06,601598.SH,285,410,358.6,45.87264980355942,125,False,False
2021-04-06,601600.SH,526,604,575.4,30.705048444840468,78,False,False
2021-04-06,601601.SH,503,551,523.4,19.346834366376324,48,False,False
2021-04-06,601607.SH,115,191,155.8,32.30634612580012,76,False,False
2021-04-06,601608.SH,566,610,589.2,17.93599732381782,44,False,False
2021-04-06,601611.SH,270,377,352.8,46.359465052996455,107,False,False
2021-04-06,601615.SH,128,244,178.4,49.140614566771546,116,False,False
2021-04-06,601618.SH,617,637,625.2,7.661592523751182,20,False,False
2021-04-06,601628.SH,489,588,528.4,41.30738432774459,99,False,False
2021-04-06,601633.SH,143,252,207.0,41.850925915683156,109,False,False
2021-04-06,601658.SH,608,631,618.8,9.418067742376884,23,False,False
2021-04-06,601666.SH,410,493,442.2,36.40329655402104,83,False,False
2021-04-06,601668.SH,645,674,665.4,11.92895636675732,29,False,False
2021-04-06,601669.SH,628,661,642.4,13.049904214207857,33,False,False
2021-04-06,601688.SH,476,524,493.6,19.56527536223296,48,False,False
2021-04-06,601689.SH,105,251,185.0,55.744954928674936,146,False,False
2021-04-06,601696.SH,528,615,580.2,32.934784043621725,87,False,False
2021-04-06,601698.SH,209,376,301.4,67.32607221574715,167,False,False
2021-04-06,601699.SH,339,469,402.6,57.78667666512758,130,False,False
2021-04-06,601717.SH,77,106,94.4,12.581732790041283,29,False,False
2021-04-06,601766.SH,558,623,602.6,26.857028875138067,65,False,False
2021-04-06,601788.SH,523,549,533.2,10.639548862616309,26,False,False
2021-04-06,601799.SH,26,45,37.4,8.384509526501834,19,False,False
2021-04-06,601800.SH,656,670,663.2,6.300793600809346,14,False,False
2021-04-06,601808.SH,49,103,74.6,21.87007087322764,54,False,False
2021-04-06,601816.SH,424,599,539.0,67.39065217075733,175,False,False
2021-04-06,601818.SH,636,647,640.4,4.159326868617084,11,False,False
2021-04-06,601838.SH,599,631,617.2,13.16054710108968,32,False,False
2021-04-06,601857.SH,576,624,606.6,18.392933425639317,48,False,False
2021-04-06,601865.SH,145,268,201.2,51.71750187315702,123,False,False
2021-04-06,601866.SH,587,644,618.2,26.72452057568105,57,False,False
2021-04-06,601872.SH,362,450,406.8,37.15777173082369,88,False,False
2021-04-06,601877.SH,68,155,113.6,33.00454514154074,87,False,False
2021-04-06,601878.SH,319,421,365.6,37.680233544923794,102,False,False
2021-04-06,601880.SH,562,618,597.4,21.97271034715563,56,False,False
2021-04-06,601881.SH,526,581,555.6,24.44994887520217,55,False,False
2021-04-06,601888.SH,211,295,246.6,30.30346514839516,84,False,False
2021-04-06,601898.SH,446,505,482.8,24.13917977065501,59,False,False
2021-04-06,601899.SH,48,91,67.8,17.15225932639779,43,False,False
2021-04-06,601901.SH,425,496,460.0,32.931747600150224,71,False,False
2021-04-06,601916.SH,606,626,616.6,8.473488065725943,20,False,False
2021-04-06,601919.SH,512,590,545.0,28.991378028648448,78,False,False
2021-04-06,601928.SH,478,597,533.2,44.684449196560536,119,False,False
2021-04-06,601939.SH,596,636,614.4,15.91540134586621,40,False,False
2021-04-06,601958.SH,589,642,615.4,24.684002916869055,53,False,False
2021-04-06,601966.SH,38,97,62.4,22.333830840229805,59,False,False
2021-04-06,601985.SH,585,634,604.0,20.310096011589902,49,False,False
2021-04-06,601988.SH,646,674,661.0,11.0,28,False,False
2021-04-06,601990.SH,475,570,523.8,41.74565845689824,95,False,False
2021-04-06,601991.SH,621,660,636.6,14.724129855444769,39,False,False
2021-04-06,601995.SH,648,676,665.2,11.278297743897348,28,False,False
2021-04-06,601997.SH,617,643,630.6,10.212737145349427,26,False,False
2021-04-06,601998.SH,660,667,662.2,2.949576240750525,7,False,False
2021-04-06,603000.SH,341,447,388.2,46.49408564538075,106,False,False
2021-04-06,603019.SH,218,344,279.4,46.12266254239883,126,False,False
2021-04-06,603077.SH,444,543,481.8,37.592552453910336,99,False,False
2021-04-06,603087.SH,231,401,325.2,69.70796224248704,170,False,False
2021-04-06,603129.SH,6,27,16.2,9.148770409186143,21,True,False
2021-04-06,603156.SH,579,666,631.0,38.19685850956856,87,False,False
2021-04-06,603160.SH,427,577,500.6,63.94763482725534,150,False,False
2021-04-06,603179.SH,87,151,123.0,27.919527216627433,64,False,False
2021-04-06,603225.SH,246,335,299.6,34.22426040106638,89,False,False
2021-04-06,603233.SH,75,173,117.8,44.49381979556262,98,False,False
2021-04-06,603259.SH,42,74,56.2,12.45792920191795,32,False,False
2021-04-06,603260.SH,61,128,93.8,30.45816803420718,67,False,False
2021-04-06,603288.SH,90,181,127.8,33.87772129290871,91,False,False
2021-04-06,603290.SH,345,380,368.6,15.646085772486357,35,False,False
2021-04-06,603298.SH,74,139,102.6,27.464522570035694,65,False,False
2021-04-06,603338.SH,128,190,157.4,24.551985663078252,62,False,False
2021-04-06,603345.SH,20,92,38.2,30.38420642373271,72,True,False
2021-04-06,603369.SH,136,180,159.6,18.24280680158621,44,False,False
2021-04-06,603379.SH,343,432,392.2,37.7783006499763,89,False,False
2021-04-06,603392.SH,271,405,337.4,49.43986245935561,134,False,False
2021-04-06,603444.SH,279,332,302.2,21.44061566280222,53,False,False
2021-04-06,603486.SH,1,65,29.4,24.21363252384904,64,True,True
2021-04-06,603501.SH,116,239,184.0,49.924943665466465,123,False,False
2021-04-06,603565.SH,126,238,183.4,51.655590210547395,112,False,False
2021-04-06,603568.SH,130,222,183.8,34.71599055190562,92,False,False
2021-04-06,603589.SH,290,387,334.4,42.571116969137655,97,False,False
2021-04-06,603596.SH,38,67,57.4,11.502173707608488,29,False,False
2021-04-06,603605.SH,16,65,38.6,21.196697856034085,49,True,False
2021-04-06,603606.SH,101,176,139.0,28.97412638890084,75,False,False
2021-04-06,603650.SH,2,11,6.4,3.5777087639996634,9,True,True
2021-04-06,603658.SH,236,320,275.0,34.583232931581165,84,False,False
2021-04-06,603659.SH,16,76,40.0,23.759208741033444,60,True,False
2021-04-06,603688.SH,308,428,366.4,48.37664725877559,120,False,False
2021-04-06,603699.SH,60,153,105.0,36.10401639707139,93,False,False
2021-04-06,603728.SH,71,190,120.4,43.88963431153192,119,False,False
2021-04-06,603737.SH,226,303,264.0,28.626910416599273,77,False,False
2021-04-06,603766.SH,233,497,396.8,101.4825108085132,264,False,False
2021-04-06,603786.SH,13,30,20.0,6.670832032063167,17,True,False
2021-04-06,603799.SH,73,162,93.4,38.403124872853766,89,False,False
2021-04-06,603806.SH,144,316,224.4,63.18860656795653,172,False,False
2021-04-06,603816.SH,76,148,100.4,33.590177135585336,72,False,False
2021-04-06,603833.SH,88,177,128.8,41.865260061296645,89,False,False
2021-04-06,603858.SH,160,231,200.8,29.701851794122195,71,False,False
2021-04-06,603885.SH,165,309,239.8,54.72385220358669,144,False,False
2021-04-06,603893.SH,65,168,98.6,41.12541793100709,103,False,False
2021-04-06,603899.SH,24,60,37.8,15.690761613127643,36,False,False
2021-04-06,603920.SH,46,182,93.8,54.26969688509417,136,False,False
2021-04-06,603939.SH,2,10,6.6,3.1304951684997055,8,True,True
2021-04-06,603979.SH,362,407,384.4,16.592166826548002,45,False,False
2021-04-06,603986.SH,125,201,155.6,28.597202660400196,76,False,False
2021-04-06,603993.SH,69,112,91.8,18.185158784019457,43,False,False
2021-04-06,605358.SH,207,500,333.8,119.0911415681284,293,False,False
2021-04-06,688002.SH,292,405,335.8,42.26937425607339,113,False,False
2021-04-06,688008.SH,328,428,361.4,38.984612348976874,100,False,False
2021-04-06,688009.SH,220,361,299.0,51.112620750652184,141,False,False
2021-04-06,688012.SH,147,250,192.6,37.83252568888311,103,False,False
2021-04-06,688017.SH,309,409,355.6,41.59086438149609,100,False,False
2021-04-06,688018.SH,174,381,234.6,85.52368093107312,207,False,False
2021-04-06,688019.SH,296,406,348.8,40.245496642481626,110,False,False
2021-04-06,688027.SH,393,568,493.2,66.23594190467891,175,False,False
2021-04-06,688036.SH,76,156,130.8,32.13564998564678,80,False,False
2021-04-06,688037.SH,216,401,295.4,66.79296370127621,185,False,False
2021-04-06,688065.SH,387,448,410.8,26.404545063303026,61,False,False
2021-04-06,688099.SH,191,359,302.0,67.83067152844649,168,False,False
2021-04-06,688111.SH,249,385,320.0,53.422841556772326,136,False,False
2021-04-06,688122.SH,29,104,56.4,28.307242889409064,75,False,False
2021-04-06,688126.SH,572,649,605.4,31.722231951740092,77,False,False
2021-04-06,688166.SH,173,273,223.4,40.28399185780873,100,False,False
2021-04-06,688169.SH,154,277,212.2,46.68725736215397,123,False,False
2021-04-06,688180.SH,369,519,439.8,58.887180268713834,150,False,False
2021-04-06,688183.SH,242,367,306.6,50.60928768516704,125,False,False
2021-04-06,688188.SH,356,474,413.0,47.11687595755899,118,False,False
2021-04-06,688256.SH,396,535,478.2,52.38988451981928,139,False,False
2021-04-06,688266.SH,479,575,529.4,35.33128924904949,96,False,False
2021-04-06,688278.SH,188,322,232.6,51.921093979229674,134,False,False
2021-04-06,688301.SH,214,326,279.6,45.883548249890175,112,False,False
2021-04-06,688318.SH,501,582,534.2,34.86688973797347,81,False,False
2021-04-06,688336.SH,510,571,530.6,25.1555162936482,61,False,False
2021-04-06,688363.SH,170,288,232.6,46.01412826513179,118,False,False
2021-04-06,688396.SH,222,424,333.6,78.67210433184052,202,False,False
2021-04-06,688520.SH,472,561,507.0,33.26409475695979,89,False,False
2021-04-06,688561.SH,437,573,514.2,58.797959148256155,136,False,False
2021-04-06,688568.SH,374,547,456.2,61.29192442728487,173,False,False
2021-04-06,688578.SH,429,512,478.8,37.26526532845298,83,False,False
2021-04-06,688599.SH,173,245,206.4,27.49181696432595,72,False,False
2021-04-06,688608.SH,189,329,248.4,55.738675979969244,140,False,False
2021-04-06,688617.SH,22,137,85.0,50.73953093988946,115,False,False
2021-04-06,688676.SH,23,94,55.8,27.562655895250735,71,False,False
2021-04-06,688777.SH,163,294,234.6,57.5265156254053,131,False,False
2021-04-06,688819.SH,415,518,463.0,43.116122274620196,103,False,False
2021-04-06,688981.SH,332,490,421.0,57.4978260458602,158,False,False
2021-04-06,689009.SH,346,445,404.2,37.372449745768606,99,False,False
2021-05-07,000001.SZ,615,644,629.0,11.045361017187261,29,False,False
2021-05-07,000002.SZ,418,541,500.0,51.80250959171766,123,False,False
2021-05-07,000009.SZ,438,555,504.2,55.106260987296174,117,False,False
2021-05-07,000021.SZ,93,200,131.6,43.350893877750664,107,False,False
2021-05-07,000027.SZ,327,470,392.2,58.997457572339506,143,False,False
2021-05-07,000032.SZ,189,296,255.8,46.300107991234746,107,False,False
2021-05-07,000034.SZ,136,252,183.8,42.180564244685016,116,False,False
2021-05-07,000039.SZ,53,123,96.0,28.035691537752374,70,False,False
2021-05-07,000050.SZ,262,352,307.2,39.44236301237541,90,False,False
2021-05-07,000060.SZ,260,412,353.2,60.354784400244526,152,False,False
2021-05-07,000062.SZ,116,208,150.0,36.87817782917155,92,False,False
2021-05-07,000063.SZ,124,202,153.6,31.421330334662787,78,False,False
2021-05-07,000088.SZ,261,382,329.4,53.714988597224895,121,False,False
2021-05-07,000100.SZ,333,466,404.0,58.61740355901138,133,False,False
2021-05-07,000155.SZ,127,229,183.6,36.54175693641454,102,False,False
2021-05-07,000157.SZ,30,84,59.2,21.34713095476767,54,False,False
2021-05-07,000166.SZ,513,594,552.2,31.18813877101357,81,False,False
2021-05-07,000301.SZ,423,505,478.2,32.391356871857035,82,False,False
2021-05-07,000333.SZ,9,32,16.6,8.988882021697693,23,True,False
2021-05-07,000338.SZ,36,101,69.2,28.208154849263007,65,False,False
2021-05-07,000400.SZ,110,268,198.6,69.43918202283204,158,False,False
2021-05-07,000408.SZ,245,314,287.2,30.91439794011845,69,False,False
2021-05-07,000415.SZ,241,310,274.4,26.91282222287362,69,False,False
2021-05-07,000423.SZ,419,576,519.0,62.02418882984283,157,False,False
2021-05-07,000425.SZ,206,357,266.2,66.36791393437043,151,False,False
2021-05-07,000429.SZ,299,347,325.4,20.71955597979841,48,False,False
2021-05-07,000513.SZ,11,39,24.2,11.606032913963325,28,True,False
2021-05-07,000519.SZ,485,610,543.8,47.16672555944498,125,False,False
2021-05-07,000528.SZ,193,281,233.4,32.377461296401854,88,False,False
2021-05-07,000537.SZ,477,581,544.0,39.370039370059054,104,False,False
2021-05-07,000538.SZ,159,278,219.8,43.00813876465709,119,False,False
2021-05-07,000539.SZ,384,474,443.8,36.3483149540663,90,False,False
2021-05-07,000559.SZ,383,482,434.2,39.79572841398936,99,False,False
2021-05-07,000568.SZ,181,304,250.6,47.109447035599985,123,False,False
2021-05-07,000582.SZ,120,169,144.0,22.704625079485456,49,False,False
2021-05-07,000591.SZ,367,552,475.8,69.98356950027629,185,False,False
2021-05-07,000596.SZ,113,235,184.2,48.51494615064516,122,False,False
2021-05-07,000598.SZ,287,358,331.0,26.739483914241877,71,False,False
2021-05-07,000617.SZ,552,607,584.0,25.816661286851172,55,False,False
2021-05-07,000623.SZ,564,615,593.2,18.41738309315414,51,False,False
2021-05-07,000625.SZ,362,396,378.4,16.334013591276335,34,False,False
2021-05-07,000629.SZ,312,511,423.8,72.63401407054411,199,False,False
2021-05-07,000630.SZ,605,668,643.6,23.458473948660856,63,False,False
2021-05-07,000651.SZ,41,111,82.8,28.865203966021095,70,False,False
2021-05-07,000657.SZ,335,408,370.0,26.448062310876388,73,False,False
2021-05-07,000661.SZ,86,185,142.8,38.91914695879137,99,False,False
2021-05-07,000683.SZ,471,553,516.0,29.916550603303182,82,False,False
2021-05-07,000703.SZ,120,171,144.0,20.359273071502333,51,False,False
2021-05-07,000708.SZ,70,112,89.0,16.792855623746664,42,False,False
2021-05-07,000709.SZ,654,671,659.6,7.021395872616783,17,False,False
2021-05-07,000723.SZ,78,148,110.8,29.994999583263876,70,False,False
2021-05-07,000725.SZ,284,476,410.2,78.40089285205877,192,False,False
2021-05-07,000728.SZ,420,523,462.0,41.94639436232869,103,False,False
2021-05-07,000729.SZ,259,375,324.4,46.07385375676752,116,False,False
2021-05-07,000733.SZ,119,240,167.8,45.207300295416886,121,False,False
2021-05-07,000738.SZ,128,354,205.6,86.66198705314805,226,False,False
2021-05-07,000739.SZ,215,345,291.0,49.558046773455466,130,False,False
2021-05-07,000750.SZ,421,530,479.8,45.62017097732098,109,False,False
2021-05-07,000768.SZ,572,635,600.2,24.314604664686613,63,False,False
2021-05-07,000776.SZ,533,626,576.6,33.62736980496691,93,False,False
2021-05-07,000783.SZ,414,520,471.0,41.98809355043403,106,False,False
2021-05-07,000785.SZ,320,349,335.8,12.357184145265457,29,False,False
2021-05-07,000786.SZ,209,294,245.0,34.416565778706044,85,False,False
2021-05-07,000792.SZ,301,385,341.0,36.09016486523718,84,False,False
2021-05-07,000807.SZ,433,553,503.6,54.21992253775359,120,False,False
2021-05-07,000825.SZ,536,592,569.8,21.844907873461036,56,False,False
2021-05-07,000830.SZ,176,307,268.8,54.77408146194694,131,False,False
2021-05-07,000831.SZ,164,248,202.0,31.976553910638962,84,False,False
2021-05-07,000858.SZ,47,75,66.6,11.414902540100814,28,False,False
2021-05-07,000878.SZ,609,650,621.2,17.020575783445164,41,False,False
2021-05-07,000883.SZ,571,623,597.6,22.578751072634642,52,False,False
2021-05-07,000887.SZ,40,119,86.4,33.783131885602316,79,False,False
2021-05-07,000893.SZ,370,461,397.8,36.444478319767455,91,False,False
2021-05-07,000895.SZ,321,514,436.8,72.04998265093477,193,False,False
2021-05-07,000898.SZ,566,629,599.4,26.519803920843756,63,False,False
2021-05-07,000921.SZ,204,287,241.8,35.96804137008297,83,False,False
2021-05-07,000932.SZ,256,366,336.8,46.64439944945159,110,False,False
2021-05-07,000937.SZ,120,193,172.0,31.28897569432403,73,False,False
2021-05-07,000938.SZ,128,223,190.4,36.33593262873543,95,False,False
2021-05-07,000951.SZ,33,90,55.0,22.66053838724932,57,False,False
2021-05-07,000959.SZ,524,615,586.2,37.25184559186297,91,False,False
2021-05-07,000960.SZ,508,640,591.6,50.44601074416093,132,False,False
2021-05-07,000963.SZ,630,677,658.6,17.952715672009067,47,False,False
2021-05-07,000967.SZ,116,292,184.2,68.96883354095529,176,False,False
2021-05-07,000975.SZ,287,395,331.2,44.678854058715515,108,False,False
2021-05-07,000977.SZ,205,342,279.0,60.199667773169644,137,False,False
2021-05-07,000983.SZ,393,524,456.4,50.63891783993809,131,False,False
2021-05-07,000987.SZ,311,401,366.4,38.08936859544931,90,False,False
2021-05-07,000997.SZ,159,221,191.6,27.07027890510181,62,False,False
2021-05-07,000999.SZ,210,342,289.6,51.674945573265965,132,False,False
2021-05-07,001696.SZ,64,91,75.0,10.344080432788601,27,False,False
2021-05-07,001965.SZ,554,595,570.8,16.26960356001338,41,False,False
2021-05-07,001979.SZ,550,618,582.0,28.36370920736567,68,False,False
2021-05-07,002001.SZ,314,444,374.0,51.61879502661797,130,False,False
2021-05-07,002007.SZ,480,549,515.0,29.49576240750525,69,False,False
2021-05-07,002008.SZ,44,115,74.2,30.34303874037668,71,False,False
2021-05-07,002025.SZ,47,73,58.8,12.214745187681975,26,False,False
2021-05-07,002027.SZ,81,143,100.4,27.627884464793897,62,False,False
2021-05-07,002028.SZ,65,133,99.8,28.873863614002197,68,False,False
2021-05-07,002032.SZ,28,55,40.0,10.173494974687902,27,False,False
2021-05-07,002044.SZ,113,177,137.0,27.018512172212592,64,False,False
2021-05-07,002049.SZ,339,412,386.0,28.922309727959142,73,False,False
2021-05-07,002050.SZ,90,188,138.2,44.29672674137447,98,False,False
2021-05-07,002056.SZ,24,82,47.6,25.383065220733293,58,False,False
2021-05-07,002064.SZ,169,271,198.0,41.773197148410844,102,False,False
2021-05-07,002065.SZ,222,301,259.4,29.279685790663805,79,False,False
2021-05-07,002074.SZ,572,639,618.6,28.00535663047339,67,False,False
2021-05-07,002078.SZ,10,26,14.2,6.797058187186572,16,True,False
2021-05-07,002085.SZ,135,215,172.8,36.175958867734245,80,False,False
2021-05-07,002120.SZ,134,268,181.8,53.82564444574724,134,False,False
2021-05-07,002126.SZ,50,127,92.2,30.548322376196044,77,False,False
2021-05-07,002130.SZ,73,124,95.0,22.483327155917117,51,False,False
2021-05-07,002131.SZ,248,339,283.6,37.34702130023223,91,False,False
2021-05-07,002138.SZ,29,134,71.2,39.764305601883706,105,False,False
2021-05-07,002142.SZ,539,648,594.8,38.76467464070865,109,False,False
2021-05-07,002152.SZ,679,679,679.0,0.0,0,False,False
2021-05-07,002153.SZ,583,636,622.8,22.376326776305355,53,False,False
2021-05-07,002155.SZ,131,261,214.8,50.236440956739756,130,False,False
2021-05-07,002157.SZ,260,351,315.0,37.50333318519835,91,False,False
2021-05-07,002179.SZ,10,26,21.4,6.542170893518452,16,True,False
2021-05-07,002185.SZ,124,296,188.6,69.52553487748224,172,False,False
2021-05-07,002195.SZ,469,536,492.2,25.69435735720977,67,False,False
2021-05-07,002202.SZ,182,355,263.4,65.14061712940706,173,False,False
2021-05-07,002203.SZ,409,587,506.4,74.56406641271651,178,False,False
2021-05-07,002223.SZ,400,521,471.0,50.83306010855534,121,False,False
2021-05-07,002230.SZ,312,462,398.0,78.39961734600494,150,False,False
2021-05-07,002236.SZ,276,356,311.8,32.43763246601083,80,False,False
2021-05-07,002241.SZ,31,57,45.4,10.691117808723277,26,False,False
2021-05-07,002244.SZ,459,602,522.6,55.075402858263324,143,False,False
2021-05-07,002252.SZ,289,435,366.0,58.54912467321779,146,False,False
2021-05-07,002261.SZ,192,472,293.2,107.40204839759808,280,False,False
2021-05-07,002262.SZ,155,354,262.4,80.96480716953509,199,False,False
2021-05-07,002265.SZ,187,284,220.8,38.310572953167906,97,False,False
2021-05-07,002266.SZ,64,135,95.6,28.53594224832956,71,False,False
2021-05-07,002271.SZ,92,166,117.2,29.752310834622577,74,False,False
2021-05-07,002273.SZ,374,574,454.2,80.10742787032923,200,False,False
2021-05-07,002281.SZ,50,81,68.2,11.840608092492548,31,False,False
2021-05-07,002299.SZ,123,307,200.8,74.51308609902021,184,False,False
2021-05-07,002304.SZ,114,188,153.8,31.19615360905892,74,False,False
2021-05-07,002311.SZ,37,64,50.2,11.077003204838391,27,False,False
2021-05-07,002312.SZ,27,78,53.0,19.013153341831543,51,False,False
2021-05-07,002318.SZ,154,239,191.0,35.62302626111375,85,False,False
2021-05-07,002335.SZ,16,66,31.0,20.518284528683193,50,True,False
2021-05-07,002340.SZ,673,678,676.4,2.0736441353327724,5,False,False
2021-05-07,002352.SZ,236,367,291.0,55.41660400998964,131,False,False
2021-05-07,002353.SZ,161,350,253.0,89.9027252089724,189,False,False
2021-05-07,002371.SZ,246,398,290.0,62.27760432129676,152,False,False
2021-05-07,002384.SZ,236,305,270.0,31.312936623702353,69,False,False
2021-05-07,002402.SZ,33,75,51.8,19.057806799314555,42,False,False
2021-05-07,002409.SZ,230,316,260.6,36.89579921888127,86,False,False
2021-05-07,002410.SZ,97,213,172.2,45.18517455980446,116,False,False
2021-05-07,002414.SZ,323,443,371.6,48.423134966666495,120,False,False
2021-05-07,002415.SZ,270,393,332.8,45.57630963559907,123,False,False
2021-05-07,002422.SZ,228,300,256.8,27.878306978724517,72,False,False
2021-05-07,002423.SZ,430,565,512.2,52.87910740547726,135,False,False
2021-05-07,002429.SZ,118,242,180.0,46.738634982207174,124,False,False
2021-05-07,002430.SZ,30,72,50.2,17.8801565988668,42,False,False
2021-05-07,002432.SZ,178,256,203.0,31.85906464414798,78,False,False
2021-05-07,002436.SZ,18,84,45.2,30.210925176167642,66,True,False
2021-05-07,002444.SZ,199,366,258.0,64.3544870230507,167,False,False
2021-05-07,002460.SZ,486,591,542.4,50.17270174108626,105,False,False
2021-05-07,002461.SZ,218,313,267.4,35.33128924904949,95,False,False
2021-05-07,002463.SZ,364,495,447.2,59.26381695436095,131,False,False
2021-05-07,002465.SZ,181,279,239.2,36.40329655402104,98,False,False
2021-05-07,002466.SZ,445,553,494.4,52.347874837475494,108,False,False
2021-05-07,002472.SZ,87,168,112.8,32.22111109195336,81,False,False
2021-05-07,002475.SZ,43,101,73.6,22.53441811984503,58,False,False
2021-05-07,002493.SZ,197,283,240.0,40.718546143004666,86,False,False
2021-05-07,002500.SZ,427,549,502.0,50.00999900019995,122,False,False
2021-05-07,002508.SZ,77,182,132.6,39.67744951480626,105,False,False
2021-05-07,002517.SZ,49,107,69.4,25.035974117257748,58,False,False
2021-05-07,002532.SZ,122,226,162.6,42.688405920109034,104,False,False
2021-05-07,002558.SZ,496,577,536.8,32.28312252555505,81,False,False
2021-05-07,002568.SZ,209,318,273.8,55.648000862564686,109,False,False
2021-05-07,002583.SZ,179,261,210.0,34.763486591537394,82,False,False
2021-05-07,002594.SZ,372,491,430.8,43.56259863690411,119,False,False
2021-05-07,002600.SZ,50,89,70.6,16.501515081955354,39,False,False
2021-05-07,002601.SZ,128,319,188.0,76.12489737267302,191,False,False
2021-05-07,002603.SZ,160,217,189.6,24.643457549621566,57,False,False
2021-05-07,002608.SZ,390,490,446.4,47.194279314340626,100,False,False
2021-05-07,002624.SZ,259,367,313.8,50.19163276881915,108,False,False
2021-05-07,002625.SZ,140,348,254.4,74.52717625135142,208,False,False
2021-05-07,002648.SZ,8,25,16.0,7.0,17,True,False
2021-05-07,002670.SZ,429,579,522.2,61.60925255186918,150,False,False
2021-05-07,002673.SZ,422,499,476.0,31.368774282716245,77,False,False
2021-05-07,002683.SZ,333,398,364.8,29.819456735494025,65,False,False
2021-05-07,002709.SZ,341,499,405.6,58.96439603693062,158,False,False
2021-05-07,002714.SZ,234,376,303.4,68.63891024775961,142,False,False
2021-05-07,002736.SZ,509,571,539.0,28.222331583340168,62,False,False
2021-05-07,002738.SZ,168,213,193.8,20.6082507748717,45,False,False
2021-05-07,002739.SZ,415,493,444.4,29.074043406447615,78,False,False
2021-05-07,002756.SZ,604,657,630.0,22.85825890132492,53,False,False
2021-05-07,002773.SZ,528,609,564.8,32.995454232363585,81,False,False
2021-05-07,002797.SZ,491,584,528.4,38.862578401336165,93,False,False
2021-05-07,002821.SZ,95,148,122.0,19.300259065618782,53,False,False
2021-05-07,002831.SZ,116,185,155.8,26.451843035977664,69,False,False
2021-05-07,002837.SZ,146,302,237.0,72.3394774656273,156,False,False
2021-05-07,002841.SZ,54,188,91.6,55.05724293859982,134,False,False
2021-05-07,002850.SZ,50,117,75.0,28.939592256975562,67,False,False
2021-05-07,002851.SZ,204,352,270.4,59.60956299118456,148,False,False
2021-05-07,002916.SZ,289,520,407.6,83.06202501745307,231,False,False
2021-05-07,002920.SZ,355,441,390.6,36.78722604383211,86,False,False
2021-05-07,002926.SZ,460,533,505.2,29.03790626061046,73,False,False
2021-05-07,002938.SZ,322,524,440.8,75.6253925609646,202,False,False
2021-05-07,002939.SZ,342,521,410.4,67.83288288138725,179,False,False
2021-05-07,002945.SZ,428,581,510.6,56.597703133607816,153,False,False
2021-05-07,002966.SZ,607,627,614.2,9.57601169589929,20,False,False
2021-05-07,002984.SZ,15,73,35.6,23.09328906847182,58,True,False
2021-05-07,003021.SZ,275,368,337.4,38.38359024374869,93,False,False
2021-05-07,003022.SZ,63,219,138.0,60.663003552412405,156,False,False
2021-05-07,003031.SZ,83,226,138.4,52.809090126606044,143,False,False
2021-05-07,003035.SZ,509,597,563.0,33.30915789989294,88,False,False
2021-05-07,003816.SZ,406,485,440.0,39.642149285829596,79,False,False
2021-05-07,300001.SZ,434,560,507.0,48.35286961494633,126,False,False
2021-05-07,300002.SZ,59,152,104.8,37.3389876670485,93,False,False
2021-05-07,300003.SZ,246,392,313.4,61.99435458168752,146,False,False
2021-05-07,300012.SZ,75,153,96.2,32.267630839589074,78,False,False
2021-05-07,300014.SZ,158,294,203.8,54.79233523039514,136,False,False
2021-05-07,300015.SZ,40,86,62.8,18.633303518163384,46,False,False
2021-05-07,300017.SZ,467,519,496.0,23.53720459187964,52,False,False
2021-05-07,300024.SZ,102,247,163.2,57.72954183085122,145,False,False
2021-05-07,300033.SZ,266,360,297.0,37.3496987939662,94,False,False
2021-05-07,300037.SZ,384,504,455.0,44.51404272810997,120,False,False
2021-05-07,300054.SZ,224,272,244.2,19.473058311420935,48,False,False
2021-05-07,300058.SZ,55,100,81.8,19.25357109733153,45,False,False
2021-05-07,300059.SZ,291,369,329.2,30.890127872833418,78,False,False
2021-05-07,300073.SZ,527,612,558.6,35.43021309560528,85,False,False
2021-05-07,300100.SZ,83,125,103.8,15.974980438172688,42,False,False
2021-05-07,300115.SZ,21,69,43.6,19.086644545335883,48,False,False
2021-05-07,300122.SZ,136,283,191.8,57.772830984814995,147,False,False
2021-05-07,300124.SZ,270,393,345.8,49.821682027005075,123,False,False
2021-05-07,300136.SZ,392,536,450.6,57.63939624944037,144,False,False
2021-05-07,300140.SZ,220,386,304.4,63.45707210390344,166,False,False
2021-05-07,300142.SZ,567,676,616.0,39.55376088313221,109,False,False
2021-05-07,300144.SZ,431,499,460.6,26.015380066414558,68,False,False
2021-05-07,300146.SZ,520,619,570.8,35.43585754571208,99,False,False
2021-05-07,300207.SZ,170,309,240.0,62.94839156007086,139,False,False
2021-05-07,300223.SZ,381,508,456.6,48.38181476546741,127,False,False
2021-05-07,300251.SZ,216,308,271.0,38.781438859330635,92,False,False
2021-05-07,300274.SZ,245,353,292.4,44.43872185380673,108,False,False
2021-05-07,300285.SZ,131,224,178.2,33.146643872344,93,False,False
2021-05-07,300308.SZ,215,325,271.8,41.06945336865345,110,False,False
2021-05-07,300316.SZ,107,179,145.6,29.219856262480143,72,False,False
2021-05-07,300339.SZ,183,322,264.0,53.042435841503355,139,False,False
2021-05-07,300346.SZ,222,329,285.2,43.53963711378403,107,False,False
2021-05-07,300373.SZ,45,127,74.0,32.2335229225724,82,False,False
2021-05-07,300383.SZ,52,96,73.0,16.24807680927192,44,False,False
2021-05-07,300390.SZ,88,144,109.0,22.715633383201094,56,False,False
2021-05-07,300394.SZ,302,487,395.4,67.62248146881332,185,False,False
2021-05-07,300395.SZ,27,80,58.4,21.984085152673515,53,False,False
2021-05-07,300408.SZ,338,511,409.0,70.23175919767353,173,False,False
2021-05-07,300413.SZ,26,78,44.0,22.494443758403985,52,False,False
2021-05-07,300418.SZ,455,529,507.4,29.913207785190806,74,False,False
2021-05-07,300432.SZ,44,159,115.8,44.68444919656054,115,False,False
2021-05-07,300433.SZ,205,370,264.4,79.44369075011558,165,False,False
2021-05-07,300442.SZ,82,204,153.2,52.02595506091166,122,False,False
2021-05-07,300450.SZ,28,120,83.2,37.43260610751007,92,False,False
2021-05-07,300454.SZ,156,222,199.0,25.317977802344327,66,False,False
2021-05-07,300458.SZ,221,309,271.0,35.06422678457348,88,False,False
2021-05-07,300474.SZ,326,466,390.6,62.111190618116474,140,False,False
2021-05-07,300476.SZ,5,34,17.6,11.414902540100814,29,True,True
2021-05-07,300487.SZ,77,182,115.4,39.3484434253758,105,False,False
2021-05-07,300496.SZ,142,317,232.6,75.50695332219411,175,False,False
2021-05-07,300498.SZ,118,196,158.0,28.222331583340168,78,False,False
2021-05-07,300502.SZ,282,424,379.2,55.67494948358732,142,False,False
2021-05-07,300558.SZ,331,465,415.6,66.82664139398298,134,False,False
2021-05-07,300567.SZ,228,337,278.8,50.464839244765265,109,False,False
2021-05-07,300570.SZ,106,277,162.8,72.0881404948137,171,False,False
2021-05-07,300604.SZ,143,286,220.2,59.98083027101242,143,False,False
2021-05-07,300623.SZ,361,524,426.6,61.24785710537145,163,False,False
2021-05-07,300627.SZ,136,172,155.4,16.425589791541732,36,False,False
2021-05-07,300628.SZ,225,299,251.6,29.322346427255784,74,False,False
2021-05-07,300661.SZ,61,180,127.4,47.5741526461586,119,False,False
2021-05-07,300676.SZ,226,358,294.8,54.81514389290609,132,False,False
2021-05-07,300677.SZ,378,457,419.8,29.490676492749365,79,False,False
2021-05-07,300679.SZ,8,13,10.6,2.073644135332772,5,True,False
2021-05-07,300699.SZ,187,241,219.4,19.83179265724609,54,False,False
2021-05-07,300718.SZ,102,216,159.4,46.773924359625845,114,False,False
2021-05-07,300724.SZ,185,366,253.0,71.56465608105722,181,False,False
2021-05-07,300735.SZ,414,485,455.0,28.0,71,False,False
2021-05-07,300748.SZ,2,7,3.6,2.302172886644268,5,True,True
2021-05-07,300750.SZ,129,244,179.4,43.91241282371079,115,False,False
2021-05-07,300751.SZ,20,81,45.4,23.67065694060898,61,True,False
2021-05-07,300757.SZ,76,214,119.2,55.35973265831402,138,False,False
2021-05-07,300759.SZ,114,264,173.4,55.13438128790419,150,False,False
2021-05-07,300760.SZ,56,103,77.0,20.73644135332772,47,False,False
2021-05-07,300763.SZ,85,201,122.2,49.886872020602766,116,False,False
2021-05-07,300803.SZ,52,124,96.2,29.192464781172557,72,False,False
2021-05-07,300832.SZ,180,249,206.0,26.315394733881533,69,False,False
2021-05-07,300857.SZ,279,390,339.0,55.41209254305417,111,False,False
2021-05-07,300866.SZ,262,394,315.2,57.294851426633436,132,False,False
2021-05-07,300888.SZ,360,451,399.4,45.313353440238785,91,False,False
2021-05-07,300896.SZ,558,618,589.0,26.551836094703507,60,False,False
2021-05-07,300919.SZ,589,658,619.8,26.262140049889307,69,False,False
2021-05-07,300957.SZ,628,658,639.4,11.567194992737003,30,False,False
2021-05-07,300972.SZ,58,195,101.0,54.7905101272109,137,False,False
2021-05-07,300999.SZ,358,494,448.8,53.81170876305639,136,False,False
2021-05-07,302132.SZ,112,178,153.0,26.086394921491163,66,False,False
2021-05-07,600000.SH,641,661,650.6,8.648699324175862,20,False,False
2021-05-07,600004.SH,346,487,406.2,58.96354806149304,141,False,False
2021-05-07,600008.SH,199,347,256.2,57.0850243058545,148,False,False
2021-05-07,600009.SH,210,350,294.6,56.641857314180655,140,False,False
2021-05-07,600010.SH,454,505,476.6,23.933240482642546,51,False,False
2021-05-07,600011.SH,421,479,451.0,27.3221521846285,58,False,False
2021-05-07,600015.SH,648,666,655.2,8.043631020876083,18,False,False
2021-05-07,600016.SH,588,617,603.6,12.116104984688766,29,False,False
2021-05-07,600018.SH,579,639,609.8,25.820534463871965,60,False,False
2021-05-07,600019.SH,347,508,412.0,65.2725056972689,161,False,False
2021-05-07,600021.SH,397,516,467.0,59.594462830031446,119,False,False
2021-05-07,600023.SH,617,654,638.6,16.50151508195535,37,False,False
2021-05-07,600025.SH,569,620,603.0,22.416511771459895,51,False,False
2021-05-07,600026.SH,340,512,431.4,70.55352578007707,172,False,False
2021-05-07,600027.SH,286,435,372.0,69.58088818059166,149,False,False
2021-05-07,600028.SH,433,570,509.0,49.25951684700125,137,False,False
2021-05-07,600029.SH,484,539,517.2,22.796929617823537,55,False,False
2021-05-07,600030.SH,283,396,351.6,45.15307298512472,113,False,False
2021-05-07,600031.SH,1,6,3.8,1.9235384061671346,5,True,True
2021-05-07,600036.SH,555,619,586.8,29.072323608545634,64,False,False
2021-05-07,600038.SH,219,318,270.2,43.57407486109143,99,False,False
2021-05-07,600039.SH,546,611,577.4,27.20845456838738,65,False,False
2021-05-07,600048.SH,545,621,582.4,32.62361108154644,76,False,False
2021-05-07,600050.SH,652,672,661.2,7.429670248402684,20,False,False
2021-05-07,600060.SH,91,166,132.2,28.891175123210203,75,False,False
2021-05-07,600061.SH,603,632,620.2,10.639548862616309,29,False,False
2021-05-07,600062.SH,410,522,468.2,42.58168620428271,112,False,False
2021-05-07,600066.SH,229,377,263.4,63.96327071061954,148,False,False
2021-05-07,600085.SH,329,551,448.0,102.24480426897007,222,False,False
2021-05-07,600089.SH,450,632,547.0,79.82793997091494,182,False,False
2021-05-07,600095.SH,399,519,456.4,55.98481937096877,120,False,False
2021-05-07,600098.SH,337,436,382.2,41.360609279844994,99,False,False
2021-05-07,600104.SH,312,420,365.6,46.86469886812461,108,False,False
2021-05-07,600109.SH,576,650,596.6,30.607188698082027,74,False,False
2021-05-07,600111.SH,304,401,365.2,36.84698088039236,97,False,False
2021-05-07,600115.SH,410,507,467.8,38.46686886139812,97,False,False
2021-05-07,600118.SH,447,525,487.0,31.40859754907882,78,False,False
2021-05-07,600126.SH,176,290,238.2,48.017705068026736,114,False,False
2021-05-07,600131.SH,212,340,276.2,48.73602363755172,128,False,False
2021-05-07,600132.SH,293,432,361.2,56.76882947533796,139,False,False
2021-05-07,600141.SH,358,483,405.2,50.03698632012124,125,False,False
2021-05-07,600143.SH,89,135,107.0,18.601075237738275,46,False,False
2021-05-07,600150.SH,267,378,306.0,43.18564576337837,111,False,False
2021-05-07,600153.SH,587,610,597.4,10.406728592598155,23,False,False
2021-05-07,600157.SH,338,465,410.2,47.929114325219906,127,False,False
2021-05-07,600160.SH,495,596,553.4,37.28672686090856,101,False,False
2021-05-07,600161.SH,57,126,90.4,30.810712422792175,69,False,False
2021-05-07,600166.SH,438,569,518.4,52.595627194663244,131,False,False
2021-05-07,600170.SH,617,646,629.8,11.30044246921332,29,False,False
2021-05-07,600171.SH,308,456,368.0,56.568542494923804,148,False,False
2021-05-07,600176.SH,105,214,173.2,43.84860317045459,109,False,False
2021-05-07,600177.SH,419,525,471.6,42.48882205945465,106,False,False
2021-05-07,600183.SH,43,174,112.8,54.145175223652195,131,False,False
2021-05-07,600188.SH,308,501,415.4,81.36522598751877,193,False,False
2021-05-07,600196.SH,578,666,613.0,32.61901286060018,88,False,False
2021-05-07,600208.SH,647,656,652.8,4.43846820423443,9,False,False
2021-05-07,600219.SH,437,573,527.8,56.22010316603839,136,False,False
2021-05-07,600233.SH,261,422,325.4,67.97646651599361,161,False,False
2021-05-07,600276.SH,364,468,421.6,47.511051345976334,104,False,False
2021-05-07,600282.SH,285,448,352.4,60.75606965563193,163,False,False
2021-05-07,600295.SH,151,250,208.2,36.09293559687269,99,False,False
2021-05-07,600298.SH,21,43,33.6,9.343446901438464,22,False,False
2021-05-07,600299.SH,102,197,161.4,38.72079544637481,95,False,False
2021-05-07,600309.SH,8,18,12.2,4.494441010848846,10,True,False
2021-05-07,600312.SH,192,337,246.0,57.35416288291548,145,False,False
2021-05-07,600316.SH,375,515,444.6,61.051617505189824,140,False,False
2021-05-07,600329.SH,82,146,112.6,24.97598846892751,64,False,False
2021-05-07,600332.SH,417,612,534.8,78.31155725689536,195,False,False
2021-05-07,600339.SH,622,655,638.2,13.179529581893277,33,False,False
2021-05-07,600346.SH,97,198,149.6,38.63029898926489,101,False,False
2021-05-07,600348.SH,107,218,150.2,44.52751958059196,111,False,False
2021-05-07,600352.SH,395,472,441.0,31.1688947510174,77,False,False
2021-05-07,600362.SH,545,645,591.0,36.0347054934545,100,False,False
2021-05-07,600363.SH,593,651,634.8,23.857912733514638,58,False,False
2021-05-07,600369.SH,492,548,520.4,21.431285542402723,56,False,False
2021-05-07,600372.SH,145,203,169.8,23.381616710569865,58,False,False
2021-05-07,600377.SH,343,482,402.6,51.24743896040074,139,False,False
2021-05-07,600378.SH,307,391,362.0,32.7566787083184,84,False,False
2021-05-07,600380.SH,38,112,79.2,31.641744578957717,74,False,False
2021-05-07,600390.SH,515,585,558.2,29.01206645518378,70,False,False
2021-05-07,600392.SH,374,437,403.4,23.943683927081896,63,False,False
2021-05-07,600398.SH,311,471,404.6,70.79053609063855,160,False,False
2021-05-07,600406.SH,267,349,325.8,33.87772129290871,82,False,False
2021-05-07,600415.SH,490,572,534.2,29.192464781172554,82,False,False
2021-05-07,600426.SH,91,197,149.0,41.850925915683156,106,False,False
2021-05-07,600435.SH,345,506,407.8,70.70855676649043,161,False,False
2021-05-07,600436.SH,342,422,380.2,31.830802691732423,80,False,False
2021-05-07,600438.SH,78,151,122.0,26.823497162003317,73,False,False
2021-05-07,600460.SH,474,588,520.2,42.10938137755054,114,False,False
2021-05-07,600482.SH,384,501,458.2,45.54887484889171,117,False,False
2021-05-07,600483.SH,435,516,470.0,29.129023327259016,81,False,False
2021-05-07,600486.SH,10,57,28.0,18.275666882497067,47,True,False
2021-05-07,600489.SH,237,402,318.8,66.79595796154136,165,False,False
2021-05-07,600497.SH,489,574,528.6,37.766387171663645,85,False,False
2021-05-07,600498.SH,365,508,450.0,58.450834040242746,143,False,False
2021-05-07,600499.SH,575,606,591.8,12.891857895586655,31,False,False
2021-05-07,600511.SH,137,230,168.6,37.19274122728788,93,False,False
2021-05-07,600515.SH,232,354,297.0,48.155996511338024,122,False,False
2021-05-07,600516.SH,211,327,253.4,45.46207210411774,116,False,False
2021-05-07,600517.SH,231,376,303.0,52.966970840326525,145,False,False
2021-05-07,600519.SH,330,415,388.8,33.714981833007116,85,False,False
2021-05-07,600521.SH,164,307,240.4,52.9745221781188,143,False,False
2021-05-07,600522.SH,188,288,243.8,36.49931506206658,100,False,False
2021-05-07,600535.SH,223,366,283.8,60.32992623897364,143,False,False
2021-05-07,600536.SH,185,335,254.2,54.283514993043696,150,False,False
2021-05-07,600546.SH,129,193,148.0,27.313000567495326,64,False,False
2021-05-07,600547.SH,260,351,300.4,35.47252457889063,91,False,False
2021-05-07,600549.SH,522,582,562.2,23.773935307390737,60,False,False
2021-05-07,600562.SH,32,71,53.6,14.08190328045183,39,False,False
2021-05-07,600563.SH,90,183,123.8,37.758442764499705,93,False,False
2021-05-07,600566.SH,348,437,413.2,37.271973384837025,89,False,False
2021-05-07,600570.SH,70,179,126.4,48.25246107713056,109,False,False
2021-05-07,600578.SH,538,577,560.8,16.05303709582707,39,False,False
2021-05-07,600582.SH,400,503,447.8,37.552629734813515,103,False,False
2021-05-07,600583.SH,338,469,416.6,48.7883182739475,131,False,False
2021-05-07,600584.SH,377,549,445.8,66.99029780498068,172,False,False
2021-05-07,600585.SH,387,560,496.6,65.2786335641303,173,False,False
2021-05-07,600588.SH,196,440,339.0,91.42756695876797,244,False,False
2021-05-07,600598.SH,333,547,399.0,86.89361311396829,214,False,False
2021-05-07,600600.SH,3,15,8.8,5.357238094391549,12,True,True
2021-05-07,600601.SH,369,473,412.0,51.419840528729765,104,False,False
2021-05-07,600602.SH,293,423,343.6,51.437340522231516,130,False,False
2021-05-07,600606.SH,514,607,559.8,39.27085433244354,93,False,False
2021-05-07,600637.SH,458,540,487.8,30.792856314411626,82,False,False
2021-05-07,600642.SH,489,550,507.2,24.40696621868437,61,False,False
2021-05-07,600655.SH,24,64,46.6,15.836666315863324,40,False,False
2021-05-07,600660.SH,103,229,151.2,46.69261183527861,126,False,False
2021-05-07,600663.SH,583,627,607.4,20.707486568871655,44,False,False
2021-05-07,600674.SH,503,572,538.2,25.606639763936226,69,False,False
2021-05-07,600685.SH,136,222,160.8,36.00972090977657,86,False,False
2021-05-07,600688.SH,288,447,350.8,66.3716807079646,159,False,False
2021-05-07,600690.SH,125,243,182.2,43.894190959624716,118,False,False
2021-05-07,600699.SH,143,265,189.6,49.140614566771546,122,False,False
2021-05-07,600704.SH,635,648,641.4,6.107372593840988,13,False,False
2021-05-07,600707.SH,514,610,557.4,44.167861619055095,96,False,False
2021-05-07,600737.SH,403,556,485.2,60.20963378065009,153,False,False
2021-05-07,600741.SH,77,102,90.6,10.549881515922348,25,False,False
2021-05-07,600754.SH,217,376,272.6,61.24785710537145,159,False,False
2021-05-07,600760.SH,289,393,346.0,39.59166578965831,104,False,False
2021-05-07,600763.SH,319,383,355.0,26.74883175019051,64,False,False
2021-05-07,600764.SH,231,359,293.6,56.269885373972464,128,False,False
2021-05-07,600765.SH,126,184,160.4,23.265854809140368,58,False,False
2021-05-07,600795.SH,505,532,524.2,11.476062042355817,27,False,False
2021-05-07,600801.SH,62,126,93.2,27.151427218472328,64,False,False
2021-05-07,600803.SH,93,159,125.8,28.38485511676958,66,False,False
2021-05-07,600808.SH,401,532,480.8,51.6158890265391,131,False,False
2021-05-07,600809.SH,108,215,156.8,38.11430177767921,107,False,False
2021-05-07,600816.SH,614,647,633.4,13.84918770181125,33,False,False
2021-05-07,600820.SH,573,625,608.6,20.815859338494775,52,False,False
2021-05-07,600845.SH,17,24,19.6,2.701851217221259,7,True,False
2021-05-07,600848.SH,378,435,416.4,22.96301373948986,57,False,False
2021-05-07,600862.SH,218,322,270.4,40.630038149132965,104,False,False
2021-05-07,600863.SH,440,560,503.8,44.35312841277377,120,False,False
2021-05-07,600871.SH,654,677,669.8,9.47100839404126,23,False,False
2021-05-07,600873.SH,19,84,50.0,27.26719640887196,65,True,False
2021-05-07,600875.SH,250,423,323.2,67.37729587925,173,False,False
2021-05-07,600879.SH,212,321,260.4,47.31595925266654,109,False,False
2021-05-07,600884.SH,19,80,46.6,25.870832997798892,61,True,False
2021-05-07,600885.SH,146,241,189.0,34.285565475867536,95,False,False
2021-05-07,600886.SH,587,619,601.2,13.141537200799608,32,False,False
2021-05-07,600887.SH,20,37,26.4,6.465291950097845,17,True,False
2021-05-07,600893.SH,405,523,452.2,53.0725917965196,118,False,False
2021-05-07,600900.SH,443,586,518.8,60.32163790879687,143,False,False
2021-05-07,600901.SH,634,667,653.2,12.00833044182246,33,False,False
2021-05-07,600909.SH,336,440,405.0,41.00609710762535,104,False,False
2021-05-07,600918.SH,499,591,544.4,38.85614494516923,92,False,False
2021-05-07,600919.SH,633,661,644.8,11.43241006962224,28,False,False
2021-05-07,600926.SH,626,664,643.4,16.14930339054908,38,False,False
2021-05-07,600958.SH,453,567,513.0,41.30375285612676,114,False,False
2021-05-07,600967.SH,74,133,105.2,23.509572518444482,59,False,False
2021-05-07,600968.SH,265,362,324.0,38.878014352587506,97,False,False
2021-05-07,600970.SH,242,391,320.8,53.700093109788924,149,False,False
2021-05-07,600977.SH,415,537,493.2,55.778131915653105,122,False,False
2021-05-07,600985.SH,137,294,191.4,62.60830615820875,157,False,False
2021-05-07,600988.SH,220,327,263.8,44.54997194162977,107,False,False
2021-05-07,600989.SH,33,87,60.2,19.162463307205574,54,False,False
2021-05-07,600995.SH,187,313,231.6,54.86164416056085,126,False,False
2021-05-07,600998.SH,427,484,444.8,23.231444208227778,57,False,False
2021-05-07,600999.SH,223,311,258.0,39.81205847478876,88,False,False
2021-05-07,601000.SH,563,623,588.2,24.345430782797827,60,False,False
2021-05-07,601001.SH,613,647,628.0,13.820274961085254,34,False,False
2021-05-07,601006.SH,504,562,537.0,21.540659228538015,58,False,False
2021-05-07,601009.SH,611,652,633.8,15.006665185843255,41,False,False
2021-05-07,601012.SH,73,150,105.4,32.23817612707022,77,False,False
2021-05-07,601016.SH,526,568,546.6,18.78297101099823,42,False,False
2021-05-07,601018.SH,568,641,617.0,29.09467305195231,73,False,False
2021-05-07,601019.SH,510,584,556.8,28.57796353836291,74,False,False
2021-05-07,601021.SH,238,340,290.0,37.90118731649445,102,False,False
2021-05-07,601058.SH,121,199,153.2,31.46744349323599,78,False,False
2021-05-07,601066.SH,387,465,438.0,33.54101966249684,78,False,False
2021-05-07,601077.SH,628,653,641.4,10.16366075781753,25,False,False
2021-05-07,601088.SH,608,634,621.6,10.310189135025603,26,False,False
2021-05-07,601098.SH,169,299,245.8,47.40464112299554,130,False,False
2021-05-07,601099.SH,424,491,450.4,26.14000765110829,67,False,False
2021-05-07,601100.SH,119,248,164.6,49.145701744913566,129,False,False
2021-05-07,601106.SH,542,645,599.6,45.714330357121064,103,False,False
2021-05-07,601108.SH,407,490,434.6,33.09531688925187,83,False,False
2021-05-07,601111.SH,397,482,454.2,33.988233257996804,85,False,False
2021-05-07,601117.SH,631,647,638.4,5.856620185738529,16,False,False
2021-05-07,601118.SH,585,637,609.0,19.248376554920156,52,False,False
2021-05-07,601127.SH,373,565,480.0,72.15954545311382,192,False,False
2021-05-07,601128.SH,633,669,647.8,13.479614237803691,36,False,False
2021-05-07,601138.SH,175,276,234.8,41.251666632997996,101,False,False
2021-05-07,601139.SH,15,49,37.8,14.686728703152381,34,True,False
2021-05-07,601155.SH,639,657,647.6,7.536577472566709,18,False,False
2021-05-07,601162.SH,533,573,552.0,17.592612085759182,40,False,False
2021-05-07,601166.SH,522,599,570.2,29.71026758546614,77,False,False
2021-05-07,601169.SH,648,667,658.4,6.767569726275451,19,False,False
2021-05-07,601179.SH,581,645,625.0,25.524498036200438,64,False,False
2021-05-07,601186.SH,660,672,664.4,4.560701700396552,12,False,False
2021-05-07,601198.SH,429,483,459.4,23.394443784796422,54,False,False
2021-05-07,601211.SH,464,510,480.2,19.00526242912736,46,False,False
2021-05-07,601212.SH,184,282,250.6,40.14100148227495,98,False,False
2021-05-07,601216.SH,60,167,119.8,41.20922226880774,107,False,False
2021-05-07,601225.SH,318,418,376.6,44.27527526735435,100,False,False
2021-05-07,601228.SH,416,561,484.8,62.743127113652854,145,False,False
2021-05-07,601229.SH,659,672,666.0,5.477225575051661,13,False,False
2021-05-07,601233.SH,106,174,129.4,27.996428343629834,68,False,False
2021-05-07,601236.SH,380,506,448.8,45.49395564248068,126,False,False
2021-05-07,601238.SH,556,635,596.2,31.641744578957717,79,False,False
2021-05-07,601288.SH,661,668,664.2,2.7748873851023217,7,False,False
2021-05-07,601298.SH,534,630,571.8,38.57719533610498,96,False,False
2021-05-07,601318.SH,180,365,278.2,69.43846196453374,185,False,False
2021-05-07,601319.SH,418,518,465.4,46.69368265622235,100,False,False
2021-05-07,601328.SH,665,676,670.2,4.969909455915671,11,False,False
2021-05-07,601336.SH,292,381,337.2,40.959736327276325,89,False,False
2021-05-07,601360.SH,503,604,566.8,38.75177415293395,101,False,False
2021-05-07,601377.SH,601,656,626.2,24.772969139770062,55,False,False
2021-05-07,601390.SH,655,675,668.2,7.694153624668538,20,False,False
2021-05-07,601398.SH,665,674,669.0,3.391164991562634,9,False,False
2021-05-07,601399.SH,392,570,488.2,76.01447230626547,178,False,False
2021-05-07,601456.SH,545,628,591.2,33.41706151055176,83,False,False
2021-05-07,601555.SH,430,528,467.2,38.37577360783754,98,False,False
2021-05-07,601567.SH,637,660,647.2,8.408329203831164,23,False,False
2021-05-07,601577.SH,553,616,588.6,24.724481794367296,63,False,False
2021-05-07,601598.SH,198,349,269.0,61.40439723668005,151,False,False
2021-05-07,601600.SH,660,677,668.2,7.085195833567341,17,False,False
2021-05-07,601601.SH,339,500,446.2,63.78636217876044,161,False,False
2021-05-07,601607.SH,227,400,327.0,79.8404659305042,173,False,False
2021-05-07,601608.SH,535,586,562.0,20.310096011589902,51,False,False
2021-05-07,601611.SH,569,605,585.4,13.64917579929279,36,False,False
2021-05-07,601615.SH,199,346,251.8,58.78945483673071,147,False,False
2021-05-07,601618.SH,663,669,664.8,2.4899799195977463,6,False,False
2021-05-07,601628.SH,530,600,559.8,27.22498852157701,70,False,False
2021-05-07,601633.SH,239,327,276.0,33.03785707336358,88,False,False
2021-05-07,601658.SH,605,629,614.8,10.03493896344168,24,False,False
2021-05-07,601666.SH,421,473,443.6,21.547621678505497,52,False,False
2021-05-07,601668.SH,636,653,643.6,7.92464510246358,17,False,False
2021-05-07,601669.SH,627,660,640.8,14.377065069060514,33,False,False
2021-05-07,601688.SH,374,541,438.2,64.31718277412344,167,False,False
2021-05-07,601689.SH,61,227,151.0,61.55891487022818,166,False,False
2021-05-07,601696.SH,463,585,523.2,51.01176334925112,122,False,False
2021-05-07,601698.SH,368,445,399.6,35.6202189774291,77,False,False
2021-05-07,601699.SH,518,594,563.0,35.601966237835796,76,False,False
2021-05-07,601717.SH,31,80,57.8,18.458060569843195,49,False,False
2021-05-07,601766.SH,517,591,550.4,28.840943119114534,74,False,False
2021-05-07,601788.SH,464,531,492.2,25.400787389370432,67,False,False
2021-05-07,601799.SH,314,394,358.8,32.267630839589074,80,False,False
2021-05-07,601800.SH,662,674,670.4,4.979959839195493,12,False,False
2021-05-07,601808.SH,156,213,176.2,24.590648629102894,57,False,False
2021-05-07,601816.SH,413,601,503.2,74.41908357404033,188,False,False
2021-05-07,601818.SH,673,677,674.6,1.51657508881031,4,False,False
2021-05-07,601838.SH,596,644,625.2,20.0424549394529,48,False,False
2021-05-07,601857.SH,442,592,541.8,59.94747701113034,150,False,False
2021-05-07,601865.SH,138,302,220.6,71.13578564969954,164,False,False
2021-05-07,601866.SH,216,406,340.6,75.63597027869741,190,False,False
2021-05-07,601872.SH,237,345,273.6,42.852071128476396,108,False,False
2021-05-07,601877.SH,119,229,169.0,39.24920381358073,110,False,False
2021-05-07,601878.SH,401,450,428.4,17.756688880531755,49,False,False
2021-05-07,601880.SH,470,582,507.6,44.39932431918306,112,False,False
2021-05-07,601881.SH,485,517,502.0,15.668439615992398,32,False,False
2021-05-07,601888.SH,221,283,248.0,25.592967784139454,62,False,False
2021-05-07,601898.SH,310,404,353.6,37.138928363645604,94,False,False
2021-05-07,601899.SH,121,257,155.4,57.204020837699865,136,False,False
2021-05-07,601901.SH,676,678,677.2,1.0954451150103324,2,False,False
2021-05-07,601916.SH,590,619,604.6,11.21605991424796,29,False,False
2021-05-07,601919.SH,501,596,542.0,44.76605857119878,95,False,False
2021-05-07,601928.SH,333,441,378.6,48.14872791673732,108,False,False
2021-05-07,601939.SH,649,666,657.0,6.892024376045111,17,False,False
2021-05-07,601958.SH,563,626,602.8,27.05919437086034,63,False,False
2021-05-07,601966.SH,150,209,176.4,23.88095475478315,59,False,False
2021-05-07,601985.SH,670,673,672.0,1.4142135623730951,3,False,False
2021-05-07,601988.SH,662,669,666.4,2.701851217221259,7,False,False
2021-05-07,601990.SH,603,644,618.0,16.47725705328408,41,False,False
2021-05-07,601991.SH,584,605,594.4,8.23407554009556,21,False,False
2021-05-07,601995.SH,519,558,541.4,15.420765220960988,39,False,False
2021-05-07,601997.SH,623,643,629.6,8.111719916269298,20,False,False
2021-05-07,601998.SH,645,665,654.8,7.661592523751182,20,False,False
2021-05-07,603000.SH,269,332,298.8,28.734996084913604,63,False,False
2021-05-07,603019.SH,404,457,431.0,23.49468024894146,53,False,False
2021-05-07,603077.SH,328,543,421.2,109.36955700742324,215,False,False
2021-05-07,603087.SH,371,520,429.2,61.82798719026845,149,False,False
2021-05-07,603129.SH,16,41,30.4,11.058933040759403,25,True,False
2021-05-07,603156.SH,492,577,542.4,35.37371905808039,85,False,False
2021-05-07,603160.SH,197,290,245.4,39.42461160239883,93,False,False
2021-05-07,603179.SH,201,323,246.0,46.02716589146023,122,False,False
2021-05-07,603225.SH,21,105,63.2,30.177806414648497,84,False,False
2021-05-07,603233.SH,31,62,48.8,12.537942414925984,31,False,False
2021-05-07,603259.SH,116,205,169.6,35.31713465161068,89,False,False
2021-05-07,603260.SH,25,112,63.4,40.832585027156924,87,False,False
2021-05-07,603288.SH,155,227,192.2,32.76736181019156,72,False,False
2021-05-07,603290.SH,20,47,28.4,10.830512453249845,27,True,False
2021-05-07,603298.SH,1,6,4.0,1.8708286933869707,5,True,True
2021-05-07,603338.SH,254,391,312.6,55.04361906706353,137,False,False
2021-05-07,603345.SH,351,449,392.4,38.455168703309575,98,False,False
2021-05-07,603369.SH,36,87,65.8,21.833460559425752,51,False,False
2021-05-07,603379.SH,487,563,521.2,38.577195336104985,76,False,False
2021-05-07,603392.SH,157,291,244.0,63.90618123468183,134,False,False
2021-05-07,603444.SH,27,107,61.8,29.24380276229478,80,False,False
2021-05-07,603486.SH,137,255,180.6,55.075402858263324,118,False,False
2021-05-07,603501.SH,42,118,72.8,32.321819255728784,76,False,False
2021-05-07,603565.SH,65,103,89.0,14.404860290887934,38,False,False
2021-05-07,603568.SH,89,165,120.6,29.14275210065103,76,False,False
2021-05-07,603589.SH,330,449,387.4,44.92549387597202,119,False,False
2021-05-07,603596.SH,38,154,93.6,41.848536414073074,116,False,False
2021-05-07,603605.SH,13,55,25.6,17.242389625571043,42,True,False
2021-05-07,603606.SH,1,13,7.2,4.3817804600413295,12,True,True
2021-05-07,603650.SH,1,7,3.0,2.5495097567963922,6,True,True
2021-05-07,603658.SH,119,264,199.8,65.2395585515414,145,False,False
2021-05-07,603659.SH,141,183,163.4,15.17563837207516,42,False,False
2021-05-07,603688.SH,352,529,420.8,68.71826540302077,177,False,False
2021-05-07,603699.SH,16,41,28.4,11.781341180018513,25,True,False
2021-05-07,603728.SH,171,289,232.2,47.85080981550887,118,False,False
2021-05-07,603737.SH,563,606,577.4,17.21336689901194,43,False,False
2021-05-07,603766.SH,141,254,183.4,48.29389195333091,113,False,False
2021-05-07,603786.SH,2,9,4.4,2.792848008753788,7,True,True
2021-05-07,603799.SH,240,357,285.8,45.361878267990626,117,False,False
2021-05-07,603806.SH,158,235,198.0,27.937430089397985,77,False,False
2021-05-07,603816.SH,12,45,31.2,13.423859355639868,33,True,False
2021-05-07,603833.SH,118,203,160.0,33.09833832687073,85,False,False
2021-05-07,603858.SH,256,363,303.6,43.93517952620656,107,False,False
2021-05-07,603885.SH,315,432,392.6,46.661547338252724,117,False,False
2021-05-07,603893.SH,22,100,50.4,30.2456608458139,78,False,False
2021-05-07,603899.SH,8,22,15.0,5.522680508593631,14,True,False
2021-05-07,603920.SH,13,48,34.2,12.872451204024818,35,True,False
2021-05-07,603939.SH,12,60,36.4,18.03607496103296,48,True,False
2021-05-07,603979.SH,263,362,326.2,38.13397435358659,99,False,False
2021-05-07,603986.SH,297,430,377.8,62.838682354104144,133,False,False
2021-05-07,603993.SH,30,79,49.4,18.283872675120005,49,False,False
2021-05-07,605117.SH,26,78,51.6,21.651789764358973,52,False,False
2021-05-07,605358.SH,245,392,325.6,54.71105921109552,147,False,False
2021-05-07,688002.SH,252,332,302.2,33.056013068729264,80,False,False
2021-05-07,688008.SH,476,573,528.4,37.560617673302445,97,False,False
2021-05-07,688009.SH,175,320,231.6,57.62638284674825,145,False,False
2021-05-07,688012.SH,203,376,266.8,71.29656373206215,173,False,False
2021-05-07,688017.SH,481,616,529.8,55.13347440530118,135,False,False
2021-05-07,688018.SH,89,106,97.4,6.18869937870632,17,False,False
2021-05-07,688019.SH,321,389,362.0,33.97057550292606,68,False,False
2021-05-07,688027.SH,328,459,385.8,56.25566638126332,131,False,False
2021-05-07,688036.SH,4,19,9.0,5.787918451395113,15,True,True
2021-05-07,688037.SH,300,391,341.4,44.19615367879879,91,False,False
2021-05-07,688065.SH,105,207,146.2,38.04865306420189,102,False,False
2021-05-07,688099.SH,3,44,21.2,14.939879517586478,41,True,True
2021-05-07,688111.SH,204,282,255.0,31.304951684997057,78,False,False
2021-05-07,688122.SH,41,104,72.0,28.75760768909681,63,False,False
2021-05-07,688126.SH,211,383,326.6,71.05138985269747,172,False,False
2021-05-07,688166.SH,277,410,336.4,50.75726548977988,133,False,False
2021-05-07,688169.SH,300,334,318.6,12.401612798341995,34,False,False
2021-05-07,688180.SH,502,549,530.8,18.28113782016863,47,False,False
2021-05-07,688183.SH,447,590,510.4,55.90438265467208,143,False,False
2021-05-07,688188.SH,240,450,322.6,86.03371432177039,210,False,False
2021-05-07,688256.SH,425,558,491.2,57.647202880972465,133,False,False
2021-05-07,688266.SH,433,514,468.8,29.944949490690412,81,False,False
2021-05-07,688278.SH,202,317,277.2,44.70682274552733,115,False,False
2021-05-07,688301.SH,305,475,401.8,61.77944642031037,170,False,False
2021-05-07,688318.SH,527,626,572.8,42.68137767223547,99,False,False
2021-05-07,688336.SH,208,368,306.0,67.99632343002084,160,False,False
2021-05-07,688363.SH,271,482,415.4,85.59672890946241,211,False,False
2021-05-07,688396.SH,325,492,411.8,59.880714758593186,167,False,False
2021-05-07,688520.SH,539,621,578.0,31.240998703626616,82,False,False
2021-05-07,688561.SH,469,527,495.4,28.183328405282438,58,False,False
2021-05-07,688568.SH,353,548,458.4,79.62600077864013,195,False,False
2021-05-07,688578.SH,433,516,468.6,36.198066246693344,83,False,False
2021-05-07,688599.SH,353,457,414.4,39.32302124710155,104,False,False
2021-05-07,688608.SH,390,419,406.8,11.64903429473877,29,False,False
2021-05-07,688617.SH,232,352,277.2,46.93825731745907,120,False,False
2021-05-07,688676.SH,258,422,333.8,67.32532955730704,164,False,False
2021-05-07,688777.SH,451,569,509.2,53.30759795751447,118,False,False
2021-05-07,688819.SH,290,424,355.4,57.937897787199695,134,False,False
2021-05-07,688981.SH,468,586,526.4,56.571194083208105,118,False,False
2021-05-07,689009.SH,461,547,497.6,31.357614705203584,86,False,False
2021-06-04,000001.SZ,625,666,652.6,17.386776584519627,41,False,False
2021-06-04,000002.SZ,288,449,393.4,62.42034924605917,161,False,False
2021-06-04,000009.SZ,432,518,460.6,35.366650958212034,86,False,False
2021-06-04,000021.SZ,104,215,161.0,53.670289732774876,111,False,False
2021-06-04,000027.SZ,547,621,580.0,28.478061731796284,74,False,False
2021-06-04,000032.SZ,141,191,164.0,18.867962264113206,50,False,False
2021-06-04,000034.SZ,200,321,252.0,45.49175749517708,121,False,False
2021-06-04,000039.SZ,108,154,134.0,18.110770276274835,46,False,False
2021-06-04,000050.SZ,280,456,367.0,82.24962005991274,176,False,False
2021-06-04,000060.SZ,229,419,345.2,69.91566348108269,190,False,False
2021-06-04,000062.SZ,16,157,65.8,53.737324086709044,141,True,False
2021-06-04,000063.SZ,166,446,259.4,120.34035067258196,280,False,False
2021-06-04,000088.SZ,183,326,258.6,61.26418203159167,143,False,False
2021-06-04,000100.SZ,268,383,324.0,53.2963413378442,115,False,False
2021-06-04,000155.SZ,146,248,187.8,42.180564244685016,102,False,False
2021-06-04,000157.SZ,158,196,177.6,17.7426040929735,38,False,False
2021-06-04,000166.SZ,515,568,538.6,19.969977466186588,53,False,False
2021-06-04,000301.SZ,345,578,463.8,92.7992456865895,233,False,False
2021-06-04,000333.SZ,36,120,78.6,36.31528603770044,84,False,False
2021-06-04,000338.SZ,149,270,221.4,52.71906675957001,121,False,False
2021-06-04,000400.SZ,71,179,132.0,53.65631370118525,108,False,False
2021-06-04,000408.SZ,379,485,453.8,42.67551991481768,106,False,False
2021-06-04,000415.SZ,278,415,347.6,54.82517669830167,137,False,False
2021-06-04,000423.SZ,459,517,494.4,22.512218904408336,58,False,False
2021-06-04,000425.SZ,107,200,134.2,37.652357163927995,93,False,False
2021-06-04,000429.SZ,425,538,493.2,57.86363279297282,113,False,False
2021-06-04,000513.SZ,200,271,235.8,26.243094329747017,71,False,False
2021-06-04,000519.SZ,551,612,586.6,25.234896472940008,61,False,False
2021-06-04,000528.SZ,171,239,205.0,24.13503677229434,68,False,False
2021-06-04,000537.SZ,359,575,452.8,79.80100249996863,216,False,False
2021-06-04,000538.SZ,166,257,200.2,39.01538158214014,91,False,False
2021-06-04,000539.SZ,259,466,350.4,80.46924878486192,207,False,False
2021-06-04,000559.SZ,248,456,354.4,96.51062117715334,208,False,False
2021-06-04,000568.SZ,275,521,416.4,90.29839422714005,246,False,False
2021-06-04,000582.SZ,278,413,336.0,52.664029469838326,135,False,False
2021-06-04,000591.SZ,529,575,552.0,20.8806130178211,46,False,False
2021-06-04,000596.SZ,309,445,375.6,53.02640851500316,136,False,False
2021-06-04,000598.SZ,254,323,287.4,29.398979574128077,69,False,False
2021-06-04,000617.SZ,528,600,565.8,26.1189586316147,72,False,False
2021-06-04,000623.SZ,368,503,437.4,51.07151848143934,135,False,False
2021-06-04,000625.SZ,418,555,479.8,54.6232551208732,137,False,False
2021-06-04,000629.SZ,213,360,289.6,63.638038938986796,147,False,False
2021-06-04,000630.SZ,448,605,561.6,65.20966186080096,157,False,False
2021-06-04,000651.SZ,63,124,92.2,28.612934138252932,61,False,False
2021-06-04,000657.SZ,66,107,81.6,15.725775020646836,41,False,False
2021-06-04,000661.SZ,249,328,280.6,31.43723906452346,79,False,False
2021-06-04,000683.SZ,549,644,602.0,44.87761134463375,95,False,False
2021-06-04,000703.SZ,145,258,198.8,46.191990647730265,113,False,False
2021-06-04,000708.SZ,203,334,275.4,54.73846910537415,131,False,False
2021-06-04,000709.SZ,583,622,605.2,18.212632978237934,39,False,False
2021-06-04,000723.SZ,152,308,223.0,56.31607230622534,156,False,False
2021-06-04,000725.SZ,292,437,372.6,60.13567992465039,145,False,False
2021-06-04,000728.SZ,388,481,448.8,37.17795045453689,93,False,False
2021-06-04,000729.SZ,390,535,459.2,55.683929459045906,145,False,False
2021-06-04,000733.SZ,56,247,126.0,78.9335163286167,191,False,False
2021-06-04,000738.SZ,374,513,447.2,53.429392659845945,139,False,False
2021-06-04,000739.SZ,33,89,59.6,20.731618364228105,56,False,False
2021-06-04,000750.SZ,372,558,483.6,69.2336623327121,186,False,False
2021-06-04,000768.SZ,543,659,606.4,44.607174310866185,116,False,False
2021-06-04,000776.SZ,435,576,496.4,56.659509351917265,141,False,False
2021-06-04,000783.SZ,366,525,469.4,61.65468352039446,159,False,False
2021-06-04,000785.SZ,243,381,306.0,54.37370688117557,138,False,False
2021-06-04,000786.SZ,75,194,118.6,48.38698172029332,119,False,False
2021-06-04,000792.SZ,131,289,204.2,75.78390330406583,158,False,False
2021-06-04,000807.SZ,500,575,538.8,30.244007670942022,75,False,False
2021-06-04,000825.SZ,497,611,564.6,44.33170423071957,114,False,False
2021-06-04,000830.SZ,150,355,253.6,74.30545067490002,205,False,False
2021-06-04,000831.SZ,174,354,304.0,74.70274426016758,180,False,False
2021-06-04,000858.SZ,96,189,150.4,39.978744352468105,93,False,False
2021-06-04,000878.SZ,530,595,566.4,24.21363252384904,65,False,False
2021-06-04,000883.SZ,426,505,464.4,36.87546609874918,79,False,False
2021-06-04,000887.SZ,18,41,30.2,10.47377677822093,23,True,False
2021-06-04,000893.SZ,79,281,161.8,81.65598569608966,202,False,False
2021-06-04,000895.SZ,321,527,390.0,83.12039460926542,206,False,False
2021-06-04,000898.SZ,443,548,495.0,49.52776998815917,105,False,False
2021-06-04,000921.SZ,81,165,132.0,36.193922141707716,84,False,False
2021-06-04,000932.SZ,220,504,364.2,102.726335474405,284,False,False
2021-06-04,000937.SZ,44,119,76.0,29.444863728670914,75,False,False
2021-06-04,000938.SZ,117,380,254.4,102.45145191748138,263,False,False
2021-06-04,000951.SZ,89,215,129.2,53.438749985380454,126,False,False
2021-06-04,000959.SZ,388,569,499.0,92.06790971885916,181,False,False
2021-06-04,000960.SZ,578,650,629.6,29.787581304966672,72,False,False
2021-06-04,000963.SZ,670,679,675.8,4.08656334834051,9,False,False
2021-06-04,000967.SZ,99,284,215.4,69.45718105422937,185,False,False
2021-06-04,000975.SZ,217,361,283.4,65.62240471058647,144,False,False
2021-06-04,000977.SZ,292,494,364.6,89.5728753585593,202,False,False
2021-06-04,000983.SZ,370,557,457.0,68.20923691113983,187,False,False
2021-06-04,000987.SZ,392,463,426.6,28.92749557082327,71,False,False
2021-06-04,000997.SZ,8,132,69.2,46.95423303601072,124,True,False
2021-06-04,000999.SZ,147,365,264.0,79.05061669588669,218,False,False
2021-06-04,001696.SZ,155,252,199.0,34.8926926447358,97,False,False
2021-06-04,001965.SZ,541,618,584.4,31.73798985443155,77,False,False
2021-06-04,001979.SZ,383,530,449.8,67.82108816585,147,False,False
2021-06-04,002001.SZ,297,538,379.0,106.03772913449251,241,False,False
2021-06-04,002007.SZ,340,480,434.6,57.60902707041666,140,False,False
2021-06-04,002008.SZ,43,186,101.0,56.94295391003175,143,False,False
2021-06-04,002025.SZ,47,213,123.4,60.01083235550062,166,False,False
2021-06-04,002027.SZ,272,468,379.4,83.6408990865115,196,False,False
2021-06-04,002028.SZ,187,293,256.0,42.930175867331364,106,False,False
2021-06-04,002032.SZ,25,119,53.6,40.494444063352695,94,False,False
2021-06-04,002044.SZ,317,466,382.8,60.10574015849068,149,False,False
2021-06-04,002049.SZ,450,572,512.8,50.771054745789954,122,False,False
2021-06-04,002050.SZ,68,225,131.8,62.45558421790641,157,False,False
2021-06-04,002056.SZ,31,160,96.4,47.01382775311962,129,False,False
2021-06-04,002064.SZ,206,334,250.0,49.31531202375181,128,False,False
2021-06-04,002065.SZ,234,348,302.6,52.24270283972682,114,False,False
2021-06-04,002074.SZ,529,660,621.4,52.93675471730393,131,False,False
2021-06-04,002078.SZ,23,75,47.8,23.972901368002997,52,False,False
2021-06-04,002085.SZ,103,196,149.2,33.87772129290871,93,False,False
2021-06-04,002120.SZ,167,285,217.2,48.30320900312939,118,False,False
2021-06-04,002126.SZ,23,91,54.6,24.151604501564695,68,False,False
2021-06-04,002130.SZ,223,343,277.4,47.47946924724412,120,False,False
2021-06-04,002131.SZ,177,312,229.4,51.69429368895565,135,False,False
2021-06-04,002138.SZ,104,132,123.8,11.755849607748477,28,False,False
2021-06-04,002142.SZ,502,604,551.2,41.76960617482525,102,False,False
2021-06-04,002152.SZ,348,531,435.4,84.25437674091476,183,False,False
2021-06-04,002153.SZ,369,490,428.4,55.039077027145,121,False,False
2021-06-04,002155.SZ,301,404,344.8,46.04562954287844,103,False,False
2021-06-04,002157.SZ,168,313,250.0,52.26853738148792,145,False,False
2021-06-04,002179.SZ,9,52,31.6,18.58224959470731,43,True,False
2021-06-04,002185.SZ,332,486,405.6,67.81445273686134,154,False,False
2021-06-04,002195.SZ,372,520,456.4,61.699270660195005,148,False,False
2021-06-04,002202.SZ,38,92,66.2,19.162463307205577,54,False,False
2021-06-04,002203.SZ,153,295,203.6,57.73040793204219,142,False,False
2021-06-04,002223.SZ,292,424,343.2,56.10436703145309,132,False,False
2021-06-04,002230.SZ,612,656,633.2,18.19890106572372,44,False,False
2021-06-04,002236.SZ,223,397,305.4,78.32177219649718,174,False,False
2021-06-04,002241.SZ,151,303,245.8,62.07817651961114,152,False,False
2021-06-04,002244.SZ,307,472,419.0,66.29856710367125,165,False,False
2021-06-04,002252.SZ,235,331,287.8,35.77289476684827,96,False,False
2021-06-04,002261.SZ,546,645,606.4,38.500649345173386,99,False,False
2021-06-04,002262.SZ,293,434,350.2,56.821650803192966,141,False,False
2021-06-04,002265.SZ,8,44,19.4,14.707141122597553,36,True,False
2021-06-04,002266.SZ,22,100,68.4,30.187745858212068,78,False,False
2021-06-04,002271.SZ,279,454,365.2,79.57197999295984,175,False,False
2021-06-04,002273.SZ,365,504,417.8,54.57288704109395,139,False,False
2021-06-04,002281.SZ,44,88,67.2,19.214577799160722,44,False,False
2021-06-04,002299.SZ,251,511,349.2,98.98585757571634,260,False,False
2021-06-04,002304.SZ,428,541,502.8,43.585548063549695,113,False,False
2021-06-04,002311.SZ,169,331,265.2,62.210931515289175,162,False,False
2021-06-04,002312.SZ,90,179,143.0,33.66006535941367,89,False,False
2021-06-04,002318.SZ,24,90,56.8,27.160633276858626,66,False,False
2021-06-04,002335.SZ,11,57,39.6,18.782971010998235,46,True,False
2021-06-04,002340.SZ,681,682,681.4,0.5477225575051662,1,False,False
2021-06-04,002352.SZ,143,190,167.0,18.560711193270585,47,False,False
2021-06-04,002353.SZ,108,239,197.0,51.84592558726288,131,False,False
2021-06-04,002371.SZ,172,274,215.6,50.82617435928067,102,False,False
2021-06-04,002384.SZ,157,255,208.4,42.300118203144535,98,False,False
2021-06-04,002402.SZ,75,146,112.4,31.484917023870334,71,False,False
2021-06-04,002409.SZ,477,626,561.8,56.42871609384711,149,False,False
2021-06-04,002410.SZ,181,332,233.2,63.3340350838315,151,False,False
2021-06-04,002414.SZ,244,371,321.8,52.9830161466861,127,False,False
2021-06-04,002415.SZ,460,540,501.8,29.60067566796407,80,False,False
2021-06-04,002422.SZ,107,181,156.2,32.736829412757736,74,False,False
2021-06-04,002423.SZ,513,574,542.0,25.16942589730644,61,False,False
2021-06-04,002429.SZ,41,114,67.4,28.701916312330088,73,False,False
2021-06-04,002430.SZ,4,18,9.2,5.761944116355173,14,True,True
2021-06-04,002432.SZ,70,170,133.8,44.25155364504166,100,False,False
2021-06-04,002436.SZ,32,154,101.8,53.16201651555366,122,False,False
2021-06-04,002444.SZ,164,310,217.0,57.54128952326321,146,False,False
2021-06-04,002460.SZ,614,670,644.4,25.540164447395398,56,False,False
2021-06-04,002461.SZ,276,484,357.0,84.22588675698226,208,False,False
2021-06-04,002463.SZ,269,529,387.8,106.36117712774713,260,False,False
2021-06-04,002465.SZ,244,337,279.6,34.86115316509194,93,False,False
2021-06-04,002466.SZ,521,621,566.2,40.369542974871536,100,False,False
2021-06-04,002472.SZ,20,95,56.2,30.776614498674153,75,True,False
2021-06-04,002475.SZ,31,102,60.8,29.11528808031959,71,False,False
2021-06-04,002493.SZ,306,431,336.0,53.4181617055473,125,False,False
2021-06-04,002500.SZ,357,510,436.0,62.609903369994115,153,False,False
2021-06-04,002508.SZ,65,182,109.8,49.645745034192004,117,False,False
2021-06-04,002517.SZ,60,176,135.0,45.43126676640219,116,False,False
2021-06-04,002532.SZ,10,146,67.8,60.516113556638786,136,True,False
2021-06-04,002558.SZ,345,516,402.2,66.83711543745736,171,False,False
2021-06-04,002568.SZ,392,573,441.2,74.61032100185604,181,False,False
2021-06-04,002583.SZ,99,168,132.0,29.50423698386386,69,False,False
2021-06-04,002594.SZ,596,649,623.4,25.065913109240608,53,False,False
2021-06-04,002600.SZ,61,161,102.6,42.45939236494088,100,False,False
2021-06-04,002601.SZ,310,491,452.4,79.62600077864013,181,False,False
2021-06-04,002603.SZ,217,358,266.2,55.84532209594641,141,False,False
2021-06-04,002608.SZ,256,346,282.2,38.23872382807774,90,False,False
2021-06-04,002624.SZ,369,577,504.0,79.435508432942,208,False,False
2021-06-04,002625.SZ,17,127,71.0,40.428950023467095,110,True,False
2021-06-04,002648.SZ,176,327,246.6,57.734738243106285,151,False,False
2021-06-04,002670.SZ,409,514,485.8,44.24590376520746,105,False,False
2021-06-04,002673.SZ,251,356,287.6,42.453503977881496,105,False,False
2021-06-04,002683.SZ,490,603,556.0,50.57173123396113,113,False,False
2021-06-04,002709.SZ,149,501,377.8,133.51666562643032,352,False,False
2021-06-04,002714.SZ,113,197,157.8,38.55774889694677,84,False,False
2021-06-04,002736.SZ,515,562,537.2,19.044684297724654,47,False,False
2021-06-04,002738.SZ,169,395,224.4,97.07110795700233,226,False,False
2021-06-04,002739.SZ,190,371,273.4,77.5777029822358,181,False,False
2021-06-04,002756.SZ,470,567,528.0,41.49096287144949,97,False,False
2021-06-04,002773.SZ,557,633,603.4,31.309742892588563,76,False,False
2021-06-04,002797.SZ,353,511,447.8,63.03729055091121,158,False,False
2021-06-04,002821.SZ,88,170,116.4,33.11042132018257,82,False,False
2021-06-04,002831.SZ,11,60,28.0,19.60867155112758,49,True,False
2021-06-04,002837.SZ,164,234,188.4,27.969626382917596,70,False,False
2021-06-04,002841.SZ,68,190,126.0,45.29348739057305,122,False,False
2021-06-04,002850.SZ,207,370,297.0,70.23887812315911,163,False,False
2021-06-04,002851.SZ,41,133,106.0,37.97367509209505,92,False,False
2021-06-04,002916.SZ,134,378,232.8,90.30891428867918,244,False,False
2021-06-04,002920.SZ,154,236,204.2,37.77830064997631,82,False,False
2021-06-04,002926.SZ,382,475,414.0,36.10401639707139,93,False,False
2021-06-04,002938.SZ,217,358,278.4,52.0509365909971,141,False,False
2021-06-04,002939.SZ,278,355,319.8,34.18625454769797,77,False,False
2021-06-04,002945.SZ,423,534,463.2,44.95219683174561,111,False,False
2021-06-04,002966.SZ,614,636,622.8,8.228000972289685,22,False,False
2021-06-04,002984.SZ,103,207,142.2,38.77757083676078,104,False,False
2021-06-04,003021.SZ,1,2,1.2,0.44721359549995804,1,True,True
2021-06-04,003022.SZ,3,20,11.4,8.142481194328912,17,True,True
2021-06-04,003031.SZ,267,565,415.0,105.80406419415088,298,False,False
2021-06-04,003035.SZ,507,648,574.2,60.82926927063978,141,False,False
2021-06-04,003816.SZ,391,501,436.8,41.82343840479881,110,False,False
2021-06-04,300001.SZ,617,661,636.6,16.00937225502612,44,False,False
2021-06-04,300002.SZ,45,164,130.8,49.33254503874699,119,False,False
2021-06-04,300003.SZ,250,460,327.0,81.4616474176652,210,False,False
2021-06-04,300012.SZ,71,249,151.8,64.91301872506008,178,False,False
2021-06-04,300014.SZ,516,607,542.6,37.16584453500283,91,False,False
2021-06-04,300015.SZ,352,589,485.2,88.53078560591226,237,False,False
2021-06-04,300017.SZ,290,347,317.2,22.083930809527544,57,False,False
2021-06-04,300024.SZ,24,128,83.6,37.560617673302445,104,False,False
2021-06-04,300033.SZ,303,458,367.2,65.38501357344816,155,False,False
2021-06-04,300037.SZ,440,581,501.4,51.815055727076086,141,False,False
2021-06-04,300054.SZ,536,613,560.2,30.326556019436165,77,False,False
2021-06-04,300058.SZ,69,239,165.8,70.48900623501511,170,False,False
2021-06-04,300059.SZ,270,411,327.8,56.16671612262907,141,False,False
2021-06-04,300073.SZ,405,664,583.4,111.08465240527154,259,False,False
2021-06-04,300100.SZ,51,168,91.2,46.799572647621474,117,False,False
2021-06-04,300115.SZ,29,246,149.0,82.01524248577212,217,False,False
2021-06-04,300122.SZ,18,90,49.6,30.69690538148756,72,True,False
2021-06-04,300124.SZ,204,379,314.0,72.6773692424265,175,False,False
2021-06-04,300136.SZ,420,501,465.2,33.2219806754504,81,False,False
2021-06-04,300140.SZ,197,348,269.0,70.66116330771806,151,False,False
2021-06-04,300142.SZ,623,679,660.0,22.47220505424423,56,False,False
2021-06-04,300144.SZ,364,556,501.4,79.32717062898438,192,False,False
2021-06-04,300146.SZ,317,426,380.6,47.10413994544429,109,False,False
2021-06-04,300207.SZ,383,590,485.4,90.16540356478198,207,False,False
2021-06-04,300223.SZ,189,288,243.4,38.823961673172924,99,False,False
2021-06-04,300251.SZ,191,331,271.0,60.10407640085654,140,False,False
2021-06-04,300274.SZ,219,429,288.8,83.04336216700284,210,False,False
2021-06-04,300285.SZ,177,282,232.4,38.5784914168504,105,False,False
2021-06-04,300308.SZ,79,186,129.4,40.21566858825053,107,False,False
2021-06-04,300316.SZ,91,161,129.4,26.83840531775314,70,False,False
2021-06-04,300339.SZ,683,683,683.0,0.0,0,False,False
2021-06-04,300346.SZ,588,661,641.2,30.18608951156145,73,False,False
2021-06-04,300373.SZ,101,287,222.8,73.79159843776256,186,False,False
2021-06-04,300383.SZ,126,355,210.2,87.12462338512574,229,False,False
2021-06-04,300390.SZ,272,403,324.2,54.085118101008156,131,False,False
2021-06-04,300394.SZ,162,211,189.6,19.982492337043446,49,False,False
2021-06-04,300395.SZ,19,111,60.0,34.42382895611701,92,True,False
2021-06-04,300408.SZ,158,345,258.0,82.80700453464067,187,False,False
2021-06-04,300413.SZ,45,86,71.2,16.991174179555692,41,False,False
2021-06-04,300418.SZ,420,568,483.8,61.14490984538288,148,False,False
2021-06-04,300432.SZ,208,279,249.2,28.55170747958868,71,False,False
2021-06-04,300433.SZ,176,381,252.8,80.9734524396731,205,False,False
2021-06-04,300442.SZ,19,85,54.2,26.855167100578615,66,True,False
2021-06-04,300450.SZ,102,133,121.2,12.949903474543738,31,False,False
2021-06-04,300454.SZ,288,398,341.4,48.44894219691489,110,False,False
2021-06-04,300458.SZ,395,567,499.2,66.83337489608019,172,False,False
2021-06-04,300474.SZ,238,430,304.8,74.79104224437576,192,False,False
2021-06-04,300476.SZ,17,66,42.0,17.564168070250297,49,True,False
2021-06-04,300487.SZ,14,93,47.0,32.71849629796577,79,True,False
2021-06-04,300496.SZ,147,362,226.4,85.48274679723389,215,False,False
2021-06-04,300498.SZ,37,114,62.6,30.187745858212068,77,False,False
2021-06-04,300502.SZ,460,529,491.0,30.700162866017504,69,False,False
2021-06-04,300558.SZ,250,391,303.4,62.94680293708331,141,False,False
2021-06-04,300567.SZ,188,445,316.0,109.48744220229095,257,False,False
2021-06-04,300570.SZ,3,21,9.2,7.463243262818116,18,True,True
2021-06-04,300604.SZ,82,115,104.0,12.806248474865697,33,False,False
2021-06-04,300623.SZ,204,343,268.0,52.834647722872155,139,False,False
2021-06-04,300627.SZ,124,250,199.0,52.92447448959697,126,False,False
2021-06-04,300628.SZ,117,203,169.2,36.69059825077809,86,False,False
2021-06-04,300661.SZ,48,114,73.6,27.153268679847734,66,False,False
2021-06-04,300676.SZ,209,440,334.2,85.0952407599861,231,False,False
2021-06-04,300677.SZ,309,403,371.8,38.518826565719785,94,False,False
2021-06-04,300679.SZ,10,29,20.2,7.362064927722384,19,True,False
2021-06-04,300699.SZ,83,159,123.4,27.51908428709066,76,False,False
2021-06-04,300718.SZ,84,184,115.6,40.96705993844323,100,False,False
2021-06-04,300724.SZ,56,142,96.6,31.029018676071598,86,False,False
2021-06-04,300735.SZ,176,306,233.2,54.65528336766721,130,False,False
2021-06-04,300748.SZ,94,166,122.4,29.652993103563762,72,False,False
2021-06-04,300750.SZ,291,389,343.0,44.73812691653507,98,False,False
2021-06-04,300751.SZ,72,209,133.4,54.37186772587456,137,False,False
2021-06-04,300757.SZ,117,247,156.6,52.9414771233293,130,False,False
2021-06-04,300759.SZ,185,296,246.2,45.96955514250709,111,False,False
2021-06-04,300760.SZ,160,236,188.0,30.618621784789728,76,False,False
2021-06-04,300763.SZ,187,286,244.4,38.253104449181635,99,False,False
2021-06-04,300803.SZ,4,11,7.4,2.5099800796022267,7,True,True
2021-06-04,300832.SZ,172,229,210.6,22.766203021145184,57,False,False
2021-06-04,300857.SZ,183,373,252.6,71.15686895866062,190,False,False
2021-06-04,300866.SZ,120,192,146.6,29.70353514314416,72,False,False
2021-06-04,300888.SZ,196,431,297.6,99.2184458656756,235,False,False
2021-06-04,300896.SZ,455,622,524.2,71.5800251466846,167,False,False
2021-06-04,300919.SZ,583,672,634.0,35.51760127035608,89,False,False
2021-06-04,300957.SZ,608,654,634.6,18.270194306574847,46,False,False
2021-06-04,300972.SZ,2,64,27.6,23.733941939762136,62,True,True
2021-06-04,300999.SZ,417,535,489.4,56.51813868131186,118,False,False
2021-06-04,302132.SZ,15,47,30.2,14.855975228843107,32,True,False
2021-06-04,600000.SH,646,657,652.6,4.61519230368573,11,False,False
2021-06-04,600004.SH,357,522,448.2,68.59810493009265,165,False,False
2021-06-04,600008.SH,287,419,339.6,49.05914797466422,132,False,False
2021-06-04,600009.SH,216,328,286.6,43.575222317275674,112,False,False
2021-06-04,600010.SH,294,423,347.4,48.80881068004014,129,False,False
2021-06-04,600011.SH,398,562,493.8,64.77808271321405,164,False,False
2021-06-04,600015.SH,624,663,642.6,18.474306482247172,39,False,False
2021-06-04,600016.SH,607,649,624.2,19.421637418096342,42,False,False
2021-06-04,600018.SH,584,634,607.6,18.338484124921557,50,False,False
2021-06-04,600019.SH,371,533,442.4,58.359232345876514,162,False,False
2021-06-04,600021.SH,283,496,397.4,88.75978819262696,213,False,False
2021-06-04,600023.SH,574,609,590.0,13.892443989449804,35,False,False
2021-06-04,600025.SH,557,639,601.6,30.54177467011372,82,False,False
2021-06-04,600026.SH,350,492,441.8,68.56529734493974,142,False,False
2021-06-04,600027.SH,229,457,356.6,82.30006075331902,228,False,False
2021-06-04,600028.SH,445,500,474.6,24.541801074900757,55,False,False
2021-06-04,600029.SH,375,494,443.0,43.191434335988426,119,False,False
2021-06-04,600030.SH,464,543,501.4,37.73989931094147,79,False,False
2021-06-04,600031.SH,47,82,62.0,14.52583904633395,35,False,False
2021-06-04,600032.SH,16,73,54.4,23.09328906847182,57,True,False
2021-06-04,600036.SH,623,668,649.2,16.724233913695418,45,False,False
2021-06-04,600038.SH,116,218,175.6,38.61735361207446,102,False,False
2021-06-04,600039.SH,487,548,532.2,25.64566240127168,61,False,False
2021-06-04,600048.SH,500,602,536.8,42.65794181626676,102,False,False
2021-06-04,600050.SH,595,641,622.6,18.92881401461803,46,False,False
2021-06-04,600060.SH,121,188,168.4,27.482721844824614,67,False,False
2021-06-04,600061.SH,515,604,559.4,34.52969736328426,89,False,False
2021-06-04,600062.SH,263,435,363.8,66.02045137682717,172,False,False
2021-06-04,600066.SH,23,123,62.4,45.37400136642128,100,False,False
2021-06-04,600085.SH,631,659,645.2,11.670475568716126,28,False,False
2021-06-04,600089.SH,545,637,602.4,39.6837498228179,92,False,False
2021-06-04,600095.SH,520,607,569.4,36.827978494617376,87,False,False
2021-06-04,600098.SH,352,435,392.4,37.085037414029934,83,False,False
2021-06-04,600104.SH,304,447,355.2,59.93913579623917,143,False,False
2021-06-04,600109.SH,586,654,623.0,26.870057685088806,68,False,False
2021-06-04,600111.SH,455,594,535.0,52.502380898393554,139,False,False
2021-06-04,600115.SH,394,537,483.4,60.28515571846854,143,False,False
2021-06-04,600118.SH,271,526,453.4,105.23212437274086,255,False,False
2021-06-04,600126.SH,210,402,305.2,86.2536955730014,192,False,False
2021-06-04,600131.SH,372,489,440.6,48.0551766202144,117,False,False
2021-06-04,600132.SH,285,481,396.2,75.54270315523532,196,False,False
2021-06-04,600141.SH,346,628,420.8,118.06650668161568,282,False,False
2021-06-04,600143.SH,272,497,433.4,92.46242480056425,225,False,False
2021-06-04,600150.SH,218,382,335.8,69.1895945934069,164,False,False
2021-06-04,600153.SH,565,599,581.8,13.627178724886527,34,False,False
2021-06-04,600157.SH,281,385,318.6,39.4372919962819,104,False,False
2021-06-04,600160.SH,611,670,641.4,25.83215051055564,59,False,False
2021-06-04,600161.SH,203,466,312.0,97.66012492312305,263,False,False
2021-06-04,600166.SH,610,637,623.0,12.549900398011133,27,False,False
2021-06-04,600170.SH,586,624,596.8,16.084153692376855,38,False,False
2021-06-04,600171.SH,552,652,611.6,40.01624670055901,100,False,False
2021-06-04,600176.SH,322,594,445.6,100.69409118711981,272,False,False
2021-06-04,600177.SH,314,498,391.4,69.57585788188314,184,False,False
2021-06-04,600183.SH,223,376,284.8,78.39451511426039,153,False,False
2021-06-04,600188.SH,273,311,294.2,15.270887335056859,38,False,False
2021-06-04,600196.SH,680,682,681.4,0.8944271909999159,2,False,False
2021-06-04,600208.SH,616,637,622.8,9.121403400793104,21,False,False
2021-06-04,600219.SH,527,611,564.2,33.20692698820534,84,False,False
2021-06-04,600233.SH,286,480,391.8,85.49678356523127,194,False,False
2021-06-04,600276.SH,291,477,377.0,77.4306141006256,186,False,False
2021-06-04,600282.SH,189,320,258.2,60.126533244483674,131,False,False
2021-06-04,600295.SH,445,605,557.8,65.27786761223133,160,False,False
2021-06-04,600298.SH,178,290,231.8,49.119242665171456,112,False,False
2021-06-04,600299.SH,346,417,377.4,32.191613814781014,71,False,False
2021-06-04,600309.SH,116,185,149.2,32.63740185737829,69,False,False
2021-06-04,600312.SH,129,274,185.6,57.46564190888326,145,False,False
2021-06-04,600316.SH,669,679,674.6,3.847076812334269,10,False,False
2021-06-04,600329.SH,140,294,208.4,66.47781584859719,154,False,False
2021-06-04,600332.SH,357,509,456.2,59.608724193695004,152,False,False
2021-06-04,600339.SH,482,591,549.2,45.32879879282044,109,False,False
2021-06-04,600346.SH,325,385,344.6,23.712865706194183,60,False,False
2021-06-04,600348.SH,69,177,97.6,45.50054944723195,108,False,False
2021-06-04,600352.SH,174,280,223.8,38.9897422407484,106,False,False
2021-06-04,600362.SH,446,615,562.8,68.4667802660531,169,False,False
2021-06-04,600363.SH,509,603,559.0,45.46977017755863,94,False,False
2021-06-04,600369.SH,433,597,503.2,81.04751692680043,164,False,False
2021-06-04,600372.SH,118,256,171.8,54.60494483103155,138,False,False
2021-06-04,600377.SH,502,566,537.8,25.69435735720977,64,False,False
2021-06-04,600378.SH,249,416,334.4,70.0556921313322,167,False,False
2021-06-04,600380.SH,8,28,21.4,8.264381404557755,20,True,False
2021-06-04,600390.SH,459,534,493.2,34.28848203114276,75,False,False
2021-06-04,600392.SH,549,649,589.2,51.484949257040164,100,False,False
2021-06-04,600398.SH,174,356,296.2,72.88484067348985,182,False,False
2021-06-04,600406.SH,153,316,252.0,66.9664094901317,163,False,False
2021-06-04,600415.SH,450,540,482.6,35.111251757805505,90,False,False
2021-06-04,600426.SH,527,601,583.6,31.83237345847777,74,False,False
2021-06-04,600435.SH,300,393,359.0,37.68288736283355,93,False,False
2021-06-04,600436.SH,659,676,672.0,7.3824115301167,17,False,False
2021-06-04,600438.SH,320,494,402.6,73.183331435512,174,False,False
2021-06-04,600460.SH,628,677,655.6,21.477895613863105,49,False,False
2021-06-04,600482.SH,584,666,622.8,30.938648968563573,82,False,False
2021-06-04,600483.SH,340,499,402.8,72.35813706833531,159,False,False
2021-06-04,600486.SH,25,87,46.4,24.885738887965534,62,False,False
2021-06-04,600489.SH,316,465,404.4,59.28996542417612,149,False,False
2021-06-04,600497.SH,483,623,560.4,52.76172855394334,140,False,False
2021-06-04,600498.SH,390,548,454.8,83.80751756256714,158,False,False
2021-06-04,600499.SH,423,658,571.0,92.13848273115853,235,False,False
2021-06-04,600511.SH,242,324,263.6,34.12184051307901,82,False,False
2021-06-04,600515.SH,110,327,229.2,84.6917941715725,217,False,False
2021-06-04,600516.SH,247,405,322.2,57.543027379518364,158,False,False
2021-06-04,600517.SH,163,359,258.4,75.1185729363917,196,False,False
2021-06-04,600519.SH,328,410,364.0,31.71750305430741,82,False,False
2021-06-04,600521.SH,180,261,222.2,34.28848203114276,81,False,False
2021-06-04,600522.SH,221,350,274.4,60.06912684566008,129,False,False
2021-06-04,600535.SH,184,313,255.8,52.351695292511785,129,False,False
2021-06-04,600536.SH,262,439,378.6,71.07249819726333,177,False,False
2021-06-04,600546.SH,128,191,161.6,23.754999473794985,63,False,False
2021-06-04,600547.SH,76,145,98.6,28.17445651649735,69,False,False
2021-06-04,600549.SH,480,554,513.6,31.895140695723544,74,False,False
2021-06-04,600562.SH,44,113,71.8,29.994999583263876,69,False,False
2021-06-04,600563.SH,30,161,89.4,48.71652696980769,131,False,False
2021-06-04,600566.SH,406,532,460.6,58.43629009442677,126,False,False
2021-06-04,600570.SH,325,484,424.6,59.28996542417612,159,False,False
2021-06-04,600578.SH,301,540,393.2,88.41493086577628,239,False,False
2021-06-04,600582.SH,285,451,362.4,70.34770785178434,166,False,False
2021-06-04,600583.SH,352,565,466.4,79.44369075011558,213,False,False
2021-06-04,600584.SH,430,579,496.6,61.084367885736526,149,False,False
2021-06-04,600585.SH,396,510,458.2,47.667599058479965,114,False,False
2021-06-04,600588.SH,266,461,339.2,77.32528693771528,195,False,False
2021-06-04,600598.SH,276,399,343.6,55.51846539665879,123,False,False
2021-06-04,600600.SH,219,410,300.6,80.62443798253729,191,False,False
2021-06-04,600601.SH,198,333,248.4,56.314296586213345,135,False,False
2021-06-04,600602.SH,255,427,346.4,64.14280941773598,172,False,False
2021-06-04,600606.SH,362,526,453.4,65.40871501566133,164,False,False
2021-06-04,600637.SH,205,478,334.2,97.14782550319899,273,False,False
2021-06-04,600642.SH,240,458,386.4,87.91075019586626,218,False,False
2021-06-04,600655.SH,286,555,436.0,98.89641045053152,269,False,False
2021-06-04,600660.SH,253,531,415.8,105.57319735614716,278,False,False
2021-06-04,600663.SH,650,675,659.6,9.50263121456368,25,False,False
2021-06-04,600674.SH,388,558,469.4,64.35293311108671,170,False,False
2021-06-04,600685.SH,50,141,82.8,36.83340874803743,91,False,False
2021-06-04,600688.SH,238,349,294.8,41.06336566819627,111,False,False
2021-06-04,600690.SH,185,525,341.6,141.8266547585467,340,False,False
2021-06-04,600699.SH,81,171,116.8,34.48477925114209,90,False,False
2021-06-04,600704.SH,676,678,677.2,0.8366600265340756,2,False,False
2021-06-04,600707.SH,444,528,491.2,34.86688973797347,84,False,False
2021-06-04,600737.SH,401,588,473.8,83.91483778212289,187,False,False
2021-06-04,600741.SH,32,119,74.0,32.179185819408175,87,False,False
2021-06-04,600754.SH,218,336,272.4,46.532784141935885,118,False,False
2021-06-04,600760.SH,328,558,449.6,91.89287241130293,230,False,False
2021-06-04,600763.SH,420,539,499.0,49.57317823178175,119,False,False
2021-06-04,600764.SH,367,489,450.4,47.77865632267195,122,False,False
2021-06-04,600765.SH,77,136,115.8,25.547994050414214,59,False,False
2021-06-04,600795.SH,409,525,466.4,49.11008043161811,116,False,False
2021-06-04,600801.SH,50,214,91.4,69.93425483981365,164,False,False
2021-06-04,600803.SH,67,221,134.6,56.34092650995367,154,False,False
2021-06-04,600808.SH,219,491,330.6,107.08081060582236,272,False,False
2021-06-04,600809.SH,499,583,560.6,34.83245612930561,84,False,False
2021-06-04,600816.SH,498,584,555.8,33.43949760388155,86,False,False
2021-06-04,600820.SH,513,613,567.4,39.76556299111079,100,False,False
2021-06-04,600845.SH,42,110,68.4,26.81044572550035,68,False,False
2021-06-04,600848.SH,366,605,467.2,113.06502553840423,239,False,False
2021-06-04,600862.SH,110,220,174.2,51.30009746579435,110,False,False
2021-06-04,600863.SH,222,493,332.4,103.54371057674146,271,False,False
2021-06-04,600871.SH,656,673,667.0,6.782329983125268,17,False,False
2021-06-04,600873.SH,34,146,82.6,40.81421321059614,112,False,False
2021-06-04,600875.SH,201,298,243.0,41.731283229730664,97,False,False
2021-06-04,600879.SH,83,224,144.0,65.26101439603893,141,False,False
2021-06-04,600884.SH,204,319,259.6,49.772482357222245,115,False,False
2021-06-04,600885.SH,26,222,116.6,70.42584752773658,196,False,False
2021-06-04,600886.SH,590,653,613.4,28.72803508769787,63,False,False
2021-06-04,600887.SH,36,142,69.0,42.02380277890139,106,False,False
2021-06-04,600893.SH,650,679,671.0,11.958260743101398,29,False,False
2021-06-04,600900.SH,372,522,448.4,55.35611980621474,150,False,False
2021-06-04,600901.SH,481,569,524.8,36.93507817779732,88,False,False
2021-06-04,600906.SH,553,664,612.2,43.26892649465665,111,False,False
2021-06-04,600909.SH,454,499,475.0,21.702534414210707,45,False,False
2021-06-04,600918.SH,524,588,561.8,24.923884127479006,64,False,False
2021-06-04,600919.SH,566,598,581.4,11.588787684654507,32,False,False
2021-06-04,600926.SH,578,639,606.0,22.64950330581225,61,False,False
2021-06-04,600958.SH,432,478,454.2,19.188538245525635,46,False,False
2021-06-04,600967.SH,22,46,33.4,10.573551910309043,24,False,False
2021-06-04,600968.SH,214,394,300.4,68.51496186965296,180,False,False
2021-06-04,600970.SH,629,665,649.0,15.297058540778355,36,False,False
2021-06-04,600977.SH,319,421,379.6,41.626914370392626,102,False,False
2021-06-04,600985.SH,212,370,259.0,63.612105766119704,158,False,False
2021-06-04,600988.SH,149,275,225.2,48.074941497624316,126,False,False
2021-06-04,600989.SH,165,435,269.8,110.85440902372805,270,False,False
2021-06-04,600995.SH,7,30,18.0,11.157956802210698,23,True,False
2021-06-04,600998.SH,286,406,335.0,47.31807265728392,120,False,False
2021-06-04,600999.SH,457,556,486.4,39.715236370944595,99,False,False
2021-06-04,601000.SH,400,539,461.8,62.71522941040717,139,False,False
2021-06-04,601001.SH,568,638,597.6,26.005768590833842,70,False,False
2021-06-04,601006.SH,329,489,412.0,76.87327233831014,160,False,False
2021-06-04,601009.SH,609,645,633.4,14.536161804272817,36,False,False
2021-06-04,601012.SH,127,323,221.2,78.45508269067085,196,False,False
2021-06-04,601016.SH,558,605,587.4,18.311198759229285,47,False,False
2021-06-04,601018.SH,393,569,491.6,66.37620055411428,176,False,False
2021-06-04,601019.SH,346,542,430.0,75.23629443293974,196,False,False
2021-06-04,601021.SH,204,335,262.6,50.683330593006616,131,False,False
2021-06-04,601058.SH,431,602,502.2,74.34850368366534,171,False,False
2021-06-04,601066.SH,502,615,576.6,44.83636916611335,113,False,False
2021-06-04,601077.SH,597,641,617.6,15.630099167951558,44,False,False
2021-06-04,601088.SH,503,618,567.0,41.850925915683156,115,False,False
2021-06-04,601098.SH,319,486,389.8,65.52633058549823,167,False,False
2021-06-04,601099.SH,237,367,298.2,59.07368280376635,130,False,False
2021-06-04,601100.SH,285,467,337.4,74.00878326252905,182,False,False
2021-06-04,601106.SH,513,625,563.4,50.74741372720388,112,False,False
2021-06-04,601108.SH,371,478,402.4,43.350893877750664,107,False,False
2021-06-04,601111.SH,527,589,548.2,24.26314076948819,62,False,False
2021-06-04,601117.SH,531,602,578.4,29.73718211263468,71,False,False
2021-06-04,601118.SH,504,646,584.0,56.74063799429823,142,False,False
2021-06-04,601127.SH,579,620,595.6,16.69730517179344,41,False,False
2021-06-04,601128.SH,598,621,613.8,9.311283477587825,23,False,False
2021-06-04,601138.SH,132,211,166.0,29.368350311176826,79,False,False
2021-06-04,601139.SH,105,225,135.4,50.781886534472115,120,False,False
2021-06-04,601155.SH,598,657,625.2,22.576536492562358,59,False,False
2021-06-04,601162.SH,460,570,519.2,45.01888492621735,110,False,False
2021-06-04,601166.SH,349,422,372.6,29.51779124528121,73,False,False
2021-06-04,601169.SH,654,667,663.0,5.244044240850758,13,False,False
2021-06-04,601179.SH,404,495,450.6,32.88312637204681,91,False,False
2021-06-04,601186.SH,629,651,639.0,11.224972160321824,22,False,False
2021-06-04,601198.SH,485,564,520.0,29.206163733020468,79,False,False
2021-06-04,601211.SH,473,559,516.6,40.82033806817381,86,False,False
2021-06-04,601212.SH,81,148,115.4,25.481365740477884,67,False,False
2021-06-04,601216.SH,258,396,320.2,52.6089346024038,138,False,False
2021-06-04,601225.SH,488,547,515.4,27.73625785862253,59,False,False
2021-06-04,601228.SH,122,277,225.0,60.67536567668958,155,False,False
2021-06-04,601229.SH,660,677,668.4,6.06630035524124,17,False,False
2021-06-04,601233.SH,195,421,311.8,105.14133345169255,226,False,False
2021-06-04,601236.SH,209,415,351.2,85.37095524825759,206,False,False
2021-06-04,601238.SH,532,655,604.2,54.21900035965252,123,False,False
2021-06-04,601288.SH,653,660,656.0,2.5495097567963922,7,False,False
2021-06-04,601298.SH,463,560,520.8,35.59072912992933,97,False,False
2021-06-04,601318.SH,256,376,309.8,47.908245636842096,120,False,False
2021-06-04,601319.SH,420,477,455.2,21.323695739716417,57,False,False
2021-06-04,601328.SH,668,672,670.0,1.8708286933869707,4,False,False
2021-06-04,601336.SH,334,533,463.8,77.38669136227495,199,False,False
2021-06-04,601360.SH,363,474,407.8,59.533184023702276,111,False,False
2021-06-04,601377.SH,652,665,659.6,6.107372593840988,13,False,False
2021-06-04,601390.SH,626,647,636.0,9.40744386111339,21,False,False
2021-06-04,601398.SH,662,673,668.2,4.868264577855235,11,False,False
2021-06-04,601399.SH,320,424,376.0,41.641325627314025,104,False,False
2021-06-04,601456.SH,665,676,672.0,4.301162633521313,11,False,False
2021-06-04,601555.SH,407,523,461.4,43.108003897188276,116,False,False
2021-06-04,601567.SH,680,681,680.2,0.4472135954999579,1,False,False
2021-06-04,601577.SH,553,619,579.4,24.684002916869055,66,False,False
2021-06-04,601598.SH,162,280,217.2,44.66206443952183,118,False,False
2021-06-04,601600.SH,580,647,608.2,30.646370095004727,67,False,False
2021-06-04,601601.SH,256,378,332.8,52.2226004714434,122,False,False
2021-06-04,601607.SH,297,420,359.4,50.5796401727019,123,False,False
2021-06-04,601608.SH,519,632,570.6,43.39700450491946,113,False,False
2021-06-04,601611.SH,387,507,455.8,48.31873342710878,120,False,False
2021-06-04,601615.SH,138,281,176.4,60.425987786713094,143,False,False
2021-06-04,601618.SH,555,648,623.2,39.328106997413435,93,False,False
2021-06-04,601628.SH,351,463,422.0,43.243496620879306,112,False,False
2021-06-04,601633.SH,299,589,448.0,116.89311356961966,290,False,False
2021-06-04,601658.SH,521,569,554.8,19.57549488518745,48,False,False
2021-06-04,601666.SH,317,492,401.2,72.33740387932096,175,False,False
2021-06-04,601668.SH,628,644,637.8,5.932958789676531,16,False,False
2021-06-04,601669.SH,513,614,577.8,38.96408602803356,101,False,False
2021-06-04,601688.SH,414,550,474.8,54.089740247111564,136,False,False
2021-06-04,601689.SH,329,540,458.0,91.42483251283538,211,False,False
2021-06-04,601696.SH,596,642,617.2,19.110206696946005,46,False,False
2021-06-04,601698.SH,147,279,223.4,65.5461669359849,132,False,False
2021-06-04,601699.SH,571,620,599.6,18.84940317357555,49,False,False
2021-06-04,601717.SH,26,208,84.4,72.98835523561274,182,False,False
2021-06-04,601766.SH,371,444,420.2,28.70017421549911,73,False,False
2021-06-04,601788.SH,486,577,519.2,36.97566767483719,91,False,False
2021-06-04,601799.SH,58,121,88.4,23.61778990506944,63,False,False
2021-06-04,601800.SH,604,638,624.6,12.876334882255897,34,False,False
2021-06-04,601808.SH,86,175,122.2,33.81863391682165,89,False,False
2021-06-04,601816.SH,581,655,623.0,33.49626844888845,74,False,False
2021-06-04,601818.SH,662,671,667.8,3.768288736283355,9,False,False
2021-06-04,601838.SH,437,582,521.8,57.84202624389986,145,False,False
2021-06-04,601857.SH,554,628,607.6,31.548375552474962,74,False,False
2021-06-04,601865.SH,112,227,150.8,46.93293086948651,115,False,False
2021-06-04,601866.SH,438,562,496.6,55.06632364703495,124,False,False
2021-06-04,601872.SH,109,405,295.6,129.79329720752148,296,False,False
2021-06-04,601877.SH,137,301,217.0,60.44418913344772,164,False,False
2021-06-04,601878.SH,386,492,439.2,43.01976290032292,106,False,False
2021-06-04,601880.SH,298,453,390.6,63.101505528790675,155,False,False
2021-06-04,601881.SH,511,579,542.0,27.919527216627433,68,False,False
2021-06-04,601888.SH,379,480,433.4,43.1949071072042,101,False,False
2021-06-04,601898.SH,350,493,418.2,55.41389717390395,143,False,False
2021-06-04,601899.SH,141,203,168.6,27.88010043023518,62,False,False
2021-06-04,601901.SH,662,678,672.0,6.123724356957945,16,False,False
2021-06-04,601916.SH,509,552,529.2,16.20802270482121,43,False,False
2021-06-04,601919.SH,571,652,608.2,34.96712741990683,81,False,False
2021-06-04,601928.SH,384,504,453.4,49.737309939320205,120,False,False
2021-06-04,601939.SH,631,651,641.2,7.791020472312982,20,False,False
2021-06-04,601958.SH,437,557,501.2,49.645745034192004,120,False,False
2021-06-04,601966.SH,137,228,165.8,39.606817594954535,91,False,False
2021-06-04,601985.SH,617,647,635.4,12.0124934963562,30,False,False
2021-06-04,601988.SH,667,672,668.4,2.0736441353327724,5,False,False
2021-06-04,601990.SH,502,591,535.6,38.55256152319843,89,False,False
2021-06-04,601991.SH,476,563,505.8,35.26613106083513,87,False,False
2021-06-04,601995.SH,631,660,650.0,11.597413504743201,29,False,False
2021-06-04,601997.SH,552,627,594.4,31.808803812781143,75,False,False
2021-06-04,601998.SH,629,664,649.2,12.676750372236569,35,False,False
2021-06-04,603000.SH,148,198,167.2,20.80144225768973,50,False,False
2021-06-04,603019.SH,235,409,343.0,67.57588327206682,174,False,False
2021-06-04,603077.SH,410,590,507.8,73.80176149659302,180,False,False
2021-06-04,603087.SH,143,330,216.2,70.92742769902205,187,False,False
2021-06-04,603129.SH,12,110,65.6,38.76596445337069,98,True,False
2021-06-04,603156.SH,338,536,399.8,84.11718017147271,198,False,False
2021-06-04,603160.SH,34,128,82.0,38.890872965260115,94,False,False
2021-06-04,603179.SH,36,100,68.6,29.45844530860378,64,False,False
2021-06-04,603225.SH,52,148,101.6,36.569112649885284,96,False,False
2021-06-04,603233.SH,9,16,12.0,2.9154759474226504,7,True,False
2021-06-04,603259.SH,92,192,138.8,43.135831972966514,100,False,False
2021-06-04,603260.SH,15,51,33.2,13.046072205840346,36,True,False
2021-06-04,603288.SH,276,423,338.0,57.857583772570386,147,False,False
2021-06-04,603290.SH,31,121,65.2,33.402095742632675,90,False,False
2021-06-04,603298.SH,7,37,18.2,11.256109452204168,30,True,False
2021-06-04,603338.SH,341,407,371.0,30.124740662784138,66,False,False
2021-06-04,603345.SH,512,633,571.8,50.62805546334957,121,False,False
2021-06-04,603369.SH,55,220,167.4,66.93877799900443,165,False,False
2021-06-04,603379.SH,212,386,269.4,69.32027120547063,174,False,False
2021-06-04,603392.SH,25,97,63.4,28.918851982746478,72,False,False
2021-06-04,603444.SH,135,252,192.6,46.33896848226124,117,False,False
2021-06-04,603486.SH,13,45,27.6,13.126309458488324,32,True,False
2021-06-04,603501.SH,9,83,49.0,29.966648127543394,74,True,False
2021-06-04,603565.SH,6,40,15.0,14.2828568570857,34,True,False
2021-06-04,603568.SH,66,250,124.8,76.26073694897,184,False,False
2021-06-04,603589.SH,347,539,436.4,79.23572426626767,192,False,False
2021-06-04,603596.SH,20,119,69.0,38.38619543533847,99,True,False
2021-06-04,603605.SH,21,89,55.2,31.22819239085093,68,False,False
2021-06-04,603606.SH,164,323,228.4,64.19735197031105,159,False,False
2021-06-04,603650.SH,34,105,76.6,34.18040374249549,71,False,False
2021-06-04,603658.SH,90,173,127.4,30.63168294429805,83,False,False
2021-06-04,603659.SH,59,96,75.8,15.385057685949702,37,False,False
2021-06-04,603688.SH,35,79,50.2,17.569860557215588,44,False,False
2021-06-04,603699.SH,37,130,84.8,41.23954412939115,93,False,False
2021-06-04,603728.SH,22,123,74.4,40.537636832948216,101,False,False
2021-06-04,603737.SH,499,581,548.6,33.753518335130636,82,False,False
2021-06-04,603766.SH,131,259,171.4,51.42275760789186,128,False,False
2021-06-04,603786.SH,1,5,3.2,1.7888543819998317,4,True,True
2021-06-04,603799.SH,290,486,388.8,72.85396351606411,196,False,False
2021-06-04,603806.SH,282,503,390.2,84.80389142014653,221,False,False
2021-06-04,603816.SH,35,120,84.6,32.400617278070484,85,False,False
2021-06-04,603833.SH,84,305,174.6,86.07148192055253,221,False,False
2021-06-04,603858.SH,49,135,81.8,36.40329655402104,86,False,False
2021-06-04,603885.SH,353,441,410.2,33.75203697556638,88,False,False
2021-06-04,603893.SH,29,81,47.8,20.680909070928195,52,False,False
2021-06-04,603899.SH,27,82,60.8,21.016660058153864,55,False,False
2021-06-04,603920.SH,3,26,12.6,8.734987120768983,23,True,True
2021-06-04,603939.SH,23,41,31.4,8.61974477580398,18,False,False
2021-06-04,603979.SH,120,152,137.2,15.023315213360863,32,False,False
2021-06-04,603986.SH,259,389,330.8,56.495132533697095,130,False,False
2021-06-04,603993.SH,21,95,51.4,32.53920712002676,74,False,False
2021-06-04,605117.SH,2,8,4.0,2.449489742783178,6,True,True
2021-06-04,605358.SH,191,330,252.2,53.37321425584185,139,False,False
2021-06-04,605499.SH,70,149,100.4,37.573927130391894,79,False,False
2021-06-04,688002.SH,234,470,359.4,99.04695856006887,236,False,False
2021-06-04,688008.SH,240,361,288.0,48.65696250281145,121,False,False
2021-06-04,688009.SH,100,198,159.2,40.307567527698815,98,False,False
2021-06-04,688012.SH,186,325,228.6,57.09027938274606,139,False,False
2021-06-04,688017.SH,144,230,204.8,35.99583309217888,86,False,False
2021-06-04,688018.SH,39,130,85.6,37.031068037527625,91,False,False
2021-06-04,688019.SH,102,269,196.8,62.71522941040716,167,False,False
2021-06-04,688027.SH,352,474,416.4,53.43032846614365,122,False,False
2021-06-04,688036.SH,5,27,18.4,8.87693640846886,22,True,True
2021-06-04,688037.SH,143,243,192.4,41.66893327168336,100,False,False
2021-06-04,688065.SH,64,199,146.8,50.48465113279481,135,False,False
2021-06-04,688099.SH,19,71,37.0,20.18662923818635,52,True,False
2021-06-04,688111.SH,185,250,211.2,29.96164214458213,65,False,False
2021-06-04,688122.SH,11,57,28.8,19.639246421387966,46,True,False
2021-06-04,688126.SH,257,369,303.2,41.811481676687805,112,False,False
2021-06-04,688166.SH,92,182,141.6,34.73182978191619,90,False,False
2021-06-04,688169.SH,464,570,520.6,50.6882629412372,106,False,False
2021-06-04,688180.SH,439,613,525.0,75.57446658759822,174,False,False
2021-06-04,688183.SH,373,447,412.2,28.296642910423138,74,False,False
2021-06-04,688188.SH,98,150,118.8,23.952035404115453,52,False,False
2021-06-04,688256.SH,262,504,378.0,96.65660867214409,242,False,False
2021-06-04,688266.SH,208,319,266.2,45.05219195555306,111,False,False
2021-06-04,688278.SH,3,54,18.8,20.632498636859278,51,True,True
2021-06-04,688301.SH,224,313,265.4,32.23042041301974,89,False,False
2021-06-04,688318.SH,292,534,369.4,95.00421043301186,242,False,False
2021-06-04,688336.SH,287,416,342.2,46.9861681774541,129,False,False
2021-06-04,688363.SH,565,635,600.2,25.606639763936226,70,False,False
2021-06-04,688396.SH,136,212,167.6,31.769482211707512,76,False,False
2021-06-04,688520.SH,595,662,628.2,24.69210400107694,67,False,False
2021-06-04,688538.SH,187,304,225.4,47.914507197716226,117,False,False
2021-06-04,688561.SH,328,430,370.2,38.07492613256131,102,False,False
2021-06-04,688568.SH,227,337,271.0,44.771642811047265,110,False,False
2021-06-04,688578.SH,311,391,351.6,30.394078370630027,80,False,False
2021-06-04,688599.SH,399,544,465.6,70.44004542871903,145,False,False
2021-06-04,688608.SH,102,269,179.0,73.54930319180461,167,False,False
2021-06-04,688617.SH,139,297,205.6,71.19550547611836,158,False,False
2021-06-04,688676.SH,312,532,393.2,85.76246265120889,220,False,False
2021-06-04,688777.SH,384,482,418.6,38.37707649105127,98,False,False
2021-06-04,688819.SH,299,401,335.2,44.43197047172227,102,False,False
2021-06-04,688981.SH,595,662,628.0,29.351320242878344,67,False,False
2021-06-04,689009.SH,455,569,494.0,44.367781102958034,114,False,False
2021-07-05,000001.SZ,618,656,637.2,16.11521020650987,38,False,False
2021-07-05,000002.SZ,280,357,332.2,32.15120526512187,77,False,False
2021-07-05,000009.SZ,621,679,657.6,22.210357943986406,58,False,False
2021-07-05,000021.SZ,302,400,349.4,47.109447035599985,98,False,False
2021-07-05,000027.SZ,124,220,172.0,38.77499194068259,96,False,False
2021-07-05,000032.SZ,29,111,56.2,35.166745655519506,82,False,False
2021-07-05,000034.SZ,384,590,463.0,84.04760555780278,206,False,False
2021-07-05,000039.SZ,175,269,221.4,36.23948123249007,94,False,False
2021-07-05,000050.SZ,190,283,239.4,33.893952262903774,93,False,False
2021-07-05,000060.SZ,274,340,312.2,27.316661582265137,66,False,False
2021-07-05,000062.SZ,301,539,401.6,86.5725129587908,238,False,False
2021-07-05,000063.SZ,89,170,120.6,32.875522809531105,81,False,False
2021-07-05,000088.SZ,179,366,296.6,74.20107815928283,187,False,False
2021-07-05,000100.SZ,99,181,148.6,36.94996617048519,82,False,False
2021-07-05,000155.SZ,100,175,116.6,32.70015290484128,75,False,False
2021-07-05,000157.SZ,76,204,146.8,55.128939768509966,128,False,False
2021-07-05,000166.SZ,512,566,545.6,22.952124084711635,54,False,False
2021-07-05,000301.SZ,222,560,462.2,143.52769767539644,338,False,False
2021-07-05,000333.SZ,53,147,117.6,38.181147180251145,94,False,False
2021-07-05,000338.SZ,210,327,253.8,50.56876506303075,117,False,False
2021-07-05,000400.SZ,59,176,120.8,49.941966320920926,117,False,False
2021-07-05,000408.SZ,422,505,453.8,36.134471076798675,83,False,False
2021-07-05,000415.SZ,212,361,279.0,63.89444420291955,149,False,False
2021-07-05,000423.SZ,333,447,393.6,51.27182462132589,114,False,False
2021-07-05,000425.SZ,322,421,358.4,43.48907908889311,99,False,False
2021-07-05,000429.SZ,308,416,349.4,41.57884077268148,108,False,False
2021-07-05,000513.SZ,75,121,92.8,17.469974241537965,46,False,False
2021-07-05,000519.SZ,231,341,296.8,50.9431055197855,110,False,False
2021-07-05,000528.SZ,145,264,208.8,46.51558878483642,119,False,False
2021-07-05,000537.SZ,433,549,487.2,51.40233457733219,116,False,False
2021-07-05,000538.SZ,235,530,353.4,121.12514189878169,295,False,False
2021-07-05,000539.SZ,175,322,251.0,68.34837232882727,147,False,False
2021-07-05,000559.SZ,169,249,197.8,31.3878957561669,80,False,False
2021-07-05,000568.SZ,499,599,560.6,41.4523823199584,100,False,False
2021-07-05,000582.SZ,520,608,555.0,34.11011580162108,88,False,False
2021-07-05,000591.SZ,144,430,281.6,117.23608659452941,286,False,False
2021-07-05,000596.SZ,328,492,408.0,70.45211139490426,164,False,False
2021-07-05,000598.SZ,386,504,439.6,46.629389873769526,118,False,False
2021-07-05,000617.SZ,574,627,592.8,20.921281031523858,53,False,False
2021-07-05,000623.SZ,563,633,581.6,29.11700534052223,70,False,False
2021-07-05,000625.SZ,283,378,337.4,35.725341146026864,95,False,False
2021-07-05,000629.SZ,113,339,215.2,103.9047640871197,226,False,False
2021-07-05,000630.SZ,521,612,566.6,34.1438134952732,91,False,False
2021-07-05,000651.SZ,136,335,238.2,78.1005761822536,199,False,False
2021-07-05,000657.SZ,421,533,478.4,43.160166820808286,112,False,False
2021-07-05,000661.SZ,196,343,281.8,53.340416196351526,147,False,False
2021-07-05,000683.SZ,313,440,366.0,55.02272257894914,127,False,False
2021-07-05,000703.SZ,355,552,427.0,75.88478108290225,197,False,False
2021-07-05,000708.SZ,99,281,173.4,78.78642014966792,182,False,False
2021-07-05,000709.SZ,499,612,568.0,46.14108798023731,113,False,False
2021-07-05,000723.SZ,241,426,340.0,77.66273237531628,185,False,False
2021-07-05,000725.SZ,275,403,344.0,58.770741019660456,128,False,False
2021-07-05,000728.SZ,368,413,382.8,17.626684316683043,45,False,False
2021-07-05,000729.SZ,228,454,327.0,105.5106629682517,226,False,False
2021-07-05,000733.SZ,268,404,337.8,63.1561556778118,136,False,False
2021-07-05,000738.SZ,130,194,162.0,26.086394921491163,64,False,False
2021-07-05,000739.SZ,37,160,81.8,49.362941565510454,123,False,False
2021-07-05,000750.SZ,400,523,450.0,49.29503017546495,123,False,False
2021-07-05,000768.SZ,419,563,504.4,53.24283989420549,144,False,False
2021-07-05,000776.SZ,479,577,538.0,36.91882988394946,98,False,False
2021-07-05,000783.SZ,503,541,527.6,14.808781178746615,38,False,False
2021-07-05,000785.SZ,192,289,256.0,39.59166578965831,97,False,False
2021-07-05,000786.SZ,152,309,229.0,64.43213483969005,157,False,False
2021-07-05,000792.SZ,242,320,268.2,30.90631003533097,78,False,False
2021-07-05,000807.SZ,468,536,499.0,25.0499500997507,68,False,False
2021-07-05,000825.SZ,239,346,293.2,39.68248984123854,107,False,False
2021-07-05,000830.SZ,155,240,198.0,41.27347816697788,85,False,False
2021-07-05,000831.SZ,104,286,216.6,79.45627728505785,182,False,False
2021-07-05,000858.SZ,69,156,103.4,37.340326725940685,87,False,False
2021-07-05,000878.SZ,453,551,512.0,37.68288736283355,98,False,False
2021-07-05,000883.SZ,223,363,288.2,57.84202624389986,140,False,False
2021-07-05,000887.SZ,34,107,56.6,30.778239065937477,73,False,False
2021-07-05,000893.SZ,80,159,125.2,31.204166388480882,79,False,False
2021-07-05,000895.SZ,421,525,481.2,42.239791666152904,104,False,False
2021-07-05,000898.SZ,408,544,492.4,52.785414652155566,136,False,False
2021-07-05,000921.SZ,74,248,137.0,73.5289058806127,174,False,False
2021-07-05,000932.SZ,130,234,185.0,38.79432948254165,104,False,False
2021-07-05,000937.SZ,20,39,31.4,7.956129712366434,19,True,False
2021-07-05,000938.SZ,165,341,236.8,71.69867502262507,176,False,False
2021-07-05,000951.SZ,49,114,74.4,27.44631122755843,65,False,False
2021-07-05,000959.SZ,522,617,553.0,37.46331538985838,95,False,False
2021-07-05,000960.SZ,410,558,472.2,63.373496037381436,148,False,False
2021-07-05,000963.SZ,598,674,641.4,31.05318019140713,76,False,False
2021-07-05,000967.SZ,131,216,168.4,34.84680760127102,85,False,False
2021-07-05,000975.SZ,222,438,311.2,90.63774048375214,216,False,False
2021-07-05,000977.SZ,141,218,179.4,32.15276037916496,77,False,False
2021-07-05,000983.SZ,283,409,336.6,54.41782796106438,126,False,False
2021-07-05,000987.SZ,253,413,334.8,68.53612186285419,160,False,False
2021-07-05,000997.SZ,88,254,180.2,60.176407337095156,166,False,False
2021-07-05,000999.SZ,432,493,468.6,24.182638400306946,61,False,False
2021-07-05,001696.SZ,237,418,310.2,72.66154416195681,181,False,False
2021-07-05,001965.SZ,518,592,562.8,28.647862049374645,74,False,False
2021-07-05,001979.SZ,263,472,408.4,88.27400523370399,209,False,False
2021-07-05,002001.SZ,240,333,292.6,35.33128924904949,93,False,False
2021-07-05,002007.SZ,270,445,362.4,66.66558332453111,175,False,False
2021-07-05,002008.SZ,8,57,19.8,20.957099035887577,49,True,False
2021-07-05,002025.SZ,332,430,368.0,39.04484601070928,98,False,False
2021-07-05,002027.SZ,261,382,306.4,47.37932038347532,121,False,False
2021-07-05,002028.SZ,439,595,541.2,64.49185995146985,156,False,False
2021-07-05,002032.SZ,89,230,160.8,50.22648703622423,141,False,False
2021-07-05,002044.SZ,265,393,328.2,57.87227315390333,128,False,False
2021-07-05,002049.SZ,622,653,634.4,13.794926603646719,31,False,False
2021-07-05,002050.SZ,24,153,83.0,50.749384232717546,129,False,False
2021-07-05,002056.SZ,13,32,24.0,7.106335201775948,19,True,False
2021-07-05,002064.SZ,303,468,391.2,67.45146403155383,165,False,False
2021-07-05,002065.SZ,217,334,287.0,50.064957804835906,117,False,False
2021-07-05,002074.SZ,508,604,554.8,35.56262082580528,96,False,False
2021-07-05,002078.SZ,31,81,55.6,20.391174561559712,50,False,False
2021-07-05,002085.SZ,67,167,125.2,38.3562250488757,100,False,False
2021-07-05,002120.SZ,137,372,240.6,100.67919348107631,235,False,False
2021-07-05,002126.SZ,12,40,27.6,10.430723848324238,28,True,False
2021-07-05,002130.SZ,157,255,209.8,36.41016341627705,98,False,False
2021-07-05,002131.SZ,167,294,220.8,45.90424816942327,127,False,False
2021-07-05,002138.SZ,43,63,52.8,8.28854631404084,20,False,False
2021-07-05,002142.SZ,346,468,408.0,50.85272854036448,122,False,False
2021-07-05,002152.SZ,452,552,506.4,47.73154093469014,100,False,False
2021-07-05,002153.SZ,279,434,366.2,59.872364242611965,155,False,False
2021-07-05,002155.SZ,298,490,364.8,78.35623778615204,192,False,False
2021-07-05,002157.SZ,204,330,270.8,45.985867394233196,126,False,False
2021-07-05,002179.SZ,38,103,77.8,25.64566240127168,65,False,False
2021-07-05,002185.SZ,666,683,675.4,8.648699324175862,17,False,False
2021-07-05,002195.SZ,233,347,286.8,40.44996909763962,114,False,False
2021-07-05,002202.SZ,116,320,207.6,86.413540605625,204,False,False
2021-07-05,002203.SZ,343,571,467.0,87.28401915585694,228,False,False
2021-07-05,002223.SZ,282,526,434.4,98.82965142101837,244,False,False
2021-07-05,002230.SZ,479,563,531.2,36.69741135284613,84,False,False
2021-07-05,002236.SZ,136,343,239.2,73.51666477745029,207,False,False
2021-07-05,002241.SZ,81,103,91.0,11.045361017187261,22,False,False
2021-07-05,002244.SZ,332,478,397.4,53.33666656250651,146,False,False
2021-07-05,002252.SZ,316,418,375.6,40.0349847008838,102,False,False
2021-07-05,002261.SZ,675,686,683.0,4.58257569495584,11,False,False
2021-07-05,002262.SZ,102,215,174.4,43.826932358995876,113,False,False
2021-07-05,002265.SZ,5,7,6.0,1.0,2,True,True
2021-07-05,002266.SZ,106,242,169.0,55.18604896167146,136,False,False
2021-07-05,002271.SZ,127,187,152.2,23.742367194532225,60,False,False
2021-07-05,002273.SZ,515,662,597.6,65.5080147768195,147,False,False
2021-07-05,002281.SZ,18,57,38.6,14.707141122597553,39,True,False
2021-07-05,002299.SZ,212,351,273.8,62.01370816198625,139,False,False
2021-07-05,002304.SZ,267,483,364.4,83.31746515587233,216,False,False
2021-07-05,002311.SZ,274,461,370.0,80.65358020571685,187,False,False
2021-07-05,002312.SZ,346,494,420.0,65.06535176267012,148,False,False
2021-07-05,002318.SZ,9,21,17.4,4.774934554525329,12,True,False
2021-07-05,002335.SZ,194,373,292.8,65.50343502443211,179,False,False
2021-07-05,002340.SZ,603,678,639.6,33.19337283253993,75,False,False
2021-07-05,002352.SZ,334,448,373.0,44.28317965096906,114,False,False
2021-07-05,002353.SZ,177,267,207.2,36.51301137950689,90,False,False
2021-07-05,002371.SZ,264,497,395.8,96.7817131487142,233,False,False
2021-07-05,002384.SZ,227,325,289.0,40.24301181571777,98,False,False
2021-07-05,002402.SZ,48,140,94.0,37.416573867739416,92,False,False
2021-07-05,002409.SZ,194,407,315.8,79.080338896593,213,False,False
2021-07-05,002410.SZ,132,342,229.6,85.7047256573405,210,False,False
2021-07-05,002414.SZ,252,482,334.2,95.5573126453439,230,False,False
2021-07-05,002415.SZ,256,531,383.0,128.99224782908468,275,False,False
2021-07-05,002422.SZ,19,53,34.2,14.096098751072937,34,True,False
2021-07-05,002423.SZ,429,514,460.8,35.37937252128703,85,False,False
2021-07-05,002429.SZ,13,34,23.8,8.318653737234168,21,True,False
2021-07-05,002430.SZ,49,116,74.2,26.668333281253254,67,False,False
2021-07-05,002432.SZ,129,216,170.6,31.524593573906706,87,False,False
2021-07-05,002436.SZ,16,96,47.2,30.703420004944075,80,True,False
2021-07-05,002444.SZ,239,509,360.8,128.12571951017486,270,False,False
2021-07-05,002460.SZ,530,656,610.2,49.347745642531635,126,False,False
2021-07-05,002461.SZ,30,68,40.6,15.91540134586621,38,False,False
2021-07-05,002463.SZ,178,311,264.2,52.09318573479645,133,False,False
2021-07-05,002465.SZ,35,73,46.6,15.241391012633985,38,False,False
2021-07-05,002466.SZ,258,512,411.4,97.0530782613308,254,False,False
2021-07-05,002472.SZ,75,179,124.2,36.96890585343309,104,False,False
2021-07-05,002475.SZ,92,169,127.2,31.728536051951718,77,False,False
2021-07-05,002493.SZ,337,417,365.4,30.468016016800306,80,False,False
2021-07-05,002500.SZ,437,493,462.6,24.234273250914708,56,False,False
2021-07-05,002508.SZ,134,258,203.4,47.904070808230905,124,False,False
2021-07-05,002517.SZ,18,42,30.6,9.91463564635635,24,True,False
2021-07-05,002532.SZ,105,244,174.6,52.04132972936029,139,False,False
2021-07-05,002558.SZ,476,636,552.6,63.370340065364964,160,False,False
2021-07-05,002568.SZ,198,452,309.0,93.64293886887575,254,False,False
2021-07-05,002583.SZ,49,205,113.4,57.72607729614061,156,False,False
2021-07-05,002594.SZ,593,625,612.0,12.041594578792296,32,False,False
2021-07-05,002600.SZ,237,511,363.4,119.3578652624116,274,False,False
2021-07-05,002601.SZ,187,279,228.4,34.17308882732142,92,False,False
2021-07-05,002603.SZ,432,622,520.4,80.92156696456144,190,False,False
2021-07-05,002608.SZ,243,431,318.4,75.63597027869743,188,False,False
2021-07-05,002624.SZ,371,437,402.6,31.572139617073784,66,False,False
2021-07-05,002625.SZ,191,342,257.4,64.16619047442353,151,False,False
2021-07-05,002648.SZ,171,346,243.4,76.10059132490365,175,False,False
2021-07-05,002670.SZ,352,531,417.4,67.37432745489932,179,False,False
2021-07-05,002673.SZ,140,311,214.4,67.03208187129503,171,False,False
2021-07-05,002683.SZ,300,436,372.0,50.184659010498414,136,False,False
2021-07-05,002709.SZ,126,276,201.2,62.40753159675522,150,False,False
2021-07-05,002714.SZ,158,224,196.0,33.17378483079674,66,False,False
2021-07-05,002736.SZ,558,630,592.2,32.07335342616983,72,False,False
2021-07-05,002738.SZ,157,313,226.4,60.710789815320304,156,False,False
2021-07-05,002739.SZ,210,398,326.6,79.0493516734957,188,False,False
2021-07-05,002756.SZ,647,686,674.8,16.13071604114337,39,False,False
2021-07-05,002773.SZ,271,457,390.4,73.75499983051998,186,False,False
2021-07-05,002797.SZ,294,385,337.6,39.18290443548054,91,False,False
2021-07-05,002821.SZ,118,284,197.0,68.89484741256054,166,False,False
2021-07-05,002831.SZ,36,77,55.4,20.476816158768433,41,False,False
2021-07-05,002837.SZ,39,116,78.8,28.7349960849136,77,False,False
2021-07-05,002841.SZ,23,100,55.6,30.98870762068015,77,False,False
2021-07-05,002850.SZ,107,266,199.8,61.69035581028853,159,False,False
2021-07-05,002851.SZ,39,123,78.2,31.204166388480882,84,False,False
2021-07-05,002916.SZ,65,148,118.0,35.832945734337834,83,False,False
2021-07-05,002920.SZ,276,449,354.2,63.7157751267298,173,False,False
2021-07-05,002926.SZ,402,443,415.0,16.583123951777,41,False,False
2021-07-05,002938.SZ,361,536,442.2,68.2619952828805,175,False,False
2021-07-05,002939.SZ,377,533,462.0,56.191636388345195,156,False,False
2021-07-05,002945.SZ,290,382,351.8,36.56774535024001,92,False,False
2021-07-05,002966.SZ,646,676,661.0,11.704699910719626,30,False,False
2021-07-05,002984.SZ,44,151,82.2,43.551119388598956,107,False,False
2021-07-05,003021.SZ,1,3,1.6,0.8944271909999159,2,True,True
2021-07-05,003022.SZ,6,19,9.2,5.540758070878027,13,True,False
2021-07-05,003031.SZ,48,113,82.8,28.717590428167888,65,False,False
2021-07-05,003035.SZ,161,354,252.0,77.01947805587882,193,False,False
2021-07-05,003816.SZ,341,503,417.0,67.02611431375088,162,False,False
2021-07-05,300001.SZ,475,610,565.4,53.19586450091774,135,False,False
2021-07-05,300002.SZ,52,136,98.4,32.88312637204681,84,False,False
2021-07-05,300003.SZ,272,438,339.0,60.687725282795036,166,False,False
2021-07-05,300012.SZ,232,358,298.2,46.60150212171277,126,False,False
2021-07-05,300014.SZ,231,416,332.8,73.51666477745029,185,False,False
2021-07-05,300015.SZ,209,254,224.0,19.144189719076646,45,False,False
2021-07-05,300017.SZ,184,328,260.0,60.9302880347697,144,False,False
2021-07-05,300024.SZ,10,49,27.6,17.271363582531635,39,True,False
2021-07-05,300033.SZ,129,411,264.4,101.95979599822667,282,False,False
2021-07-05,300037.SZ,433,611,538.2,67.03133595565585,178,False,False
2021-07-05,300054.SZ,136,337,199.2,80.48726607358458,201,False,False
2021-07-05,300058.SZ,40,92,61.4,20.403431084011338,52,False,False
2021-07-05,300059.SZ,189,247,211.8,24.651571957990836,58,False,False
2021-07-05,300073.SZ,542,678,633.8,53.43407152744399,136,False,False
2021-07-05,300100.SZ,29,167,80.0,52.52618394667559,138,False,False
2021-07-05,300115.SZ,99,285,172.4,74.08981036552868,186,False,False
2021-07-05,300122.SZ,10,24,14.0,5.958187643906492,14,True,False
2021-07-05,300124.SZ,291,555,413.4,102.177786235561,264,False,False
2021-07-05,300136.SZ,80,170,125.4,37.091778064687055,90,False,False
2021-07-05,300140.SZ,190,293,236.2,38.82911278924616,103,False,False
2021-07-05,300142.SZ,497,632,568.8,53.75592990545322,135,False,False
2021-07-05,300144.SZ,407,534,462.2,45.62565068029168,127,False,False
2021-07-05,300146.SZ,246,415,295.2,73.34643822299758,169,False,False
2021-07-05,300207.SZ,427,589,475.4,64.86370325536463,162,False,False
2021-07-05,300223.SZ,300,462,398.4,68.54414635838717,162,False,False
2021-07-05,300251.SZ,94,188,156.6,38.57201057761962,94,False,False
2021-07-05,300274.SZ,177,338,245.0,62.56996084384263,161,False,False
2021-07-05,300285.SZ,233,292,265.4,22.853883696212336,59,False,False
2021-07-05,300308.SZ,230,304,274.6,29.762392376957873,74,False,False
2021-07-05,300316.SZ,164,214,182.6,19.112822920751398,50,False,False
2021-07-05,300339.SZ,688,688,688.0,0.0,0,False,False
2021-07-05,300346.SZ,534,622,586.4,43.08480010398099,88,False,False
2021-07-05,300373.SZ,660,682,673.0,8.246211251235321,22,False,False
2021-07-05,300383.SZ,116,250,157.2,55.160674397617726,134,False,False
2021-07-05,300390.SZ,98,250,158.0,57.844619455918284,152,False,False
2021-07-05,300394.SZ,181,360,259.6,76.85896174162126,179,False,False
2021-07-05,300395.SZ,59,98,74.8,16.66433316997713,39,False,False
2021-07-05,300408.SZ,128,348,229.4,80.0299943771084,220,False,False
2021-07-05,300413.SZ,92,148,109.2,22.465529150233696,56,False,False
2021-07-05,300418.SZ,356,440,403.6,36.41840194187548,84,False,False
2021-07-05,300432.SZ,453,539,482.4,34.72463102755737,86,False,False
2021-07-05,300433.SZ,123,279,189.4,73.46631881345355,156,False,False
2021-07-05,300442.SZ,26,78,48.0,19.595917942265423,52,False,False
2021-07-05,300450.SZ,120,203,155.4,32.13720585240727,83,False,False
2021-07-05,300454.SZ,129,207,162.4,28.840943119114534,78,False,False
2021-07-05,300458.SZ,606,656,639.0,19.570385790780925,50,False,False
2021-07-05,300474.SZ,446,522,484.2,31.783643592262987,76,False,False
2021-07-05,300476.SZ,5,15,10.0,4.358898943540674,10,True,True
2021-07-05,300487.SZ,79,248,137.0,64.62584622269948,169,False,False
2021-07-05,300496.SZ,98,196,130.6,39.6585425854254,98,False,False
2021-07-05,300498.SZ,55,148,85.0,36.21463792446364,93,False,False
2021-07-05,300502.SZ,206,399,311.8,89.36833891261492,193,False,False
2021-07-05,300558.SZ,120,241,177.0,51.66720429827803,121,False,False
2021-07-05,300567.SZ,208,358,292.8,57.83338136405306,150,False,False
2021-07-05,300570.SZ,2,5,3.2,1.0954451150103321,3,True,True
2021-07-05,300604.SZ,40,138,89.6,37.96445706183614,98,False,False
2021-07-05,300623.SZ,215,442,317.2,93.76939799316192,227,False,False
2021-07-05,300627.SZ,74,213,120.6,57.752056240449136,139,False,False
2021-07-05,300628.SZ,142,230,172.8,40.406682615626835,88,False,False
2021-07-05,300661.SZ,115,147,134.6,13.126309458488322,32,False,False
2021-07-05,300676.SZ,235,377,295.6,54.01666409544374,142,False,False
2021-07-05,300677.SZ,378,544,458.0,58.80476171195663,166,False,False
2021-07-05,300679.SZ,68,154,102.8,33.30465432938766,86,False,False
2021-07-05,300699.SZ,323,445,381.4,52.065343559799935,122,False,False
2021-07-05,300718.SZ,70,158,100.8,33.50671574475779,88,False,False
2021-07-05,300724.SZ,38,93,54.4,22.412050330123748,55,False,False
2021-07-05,300735.SZ,150,289,217.6,55.774546165791435,139,False,False
2021-07-05,300748.SZ,186,330,237.6,67.99485274636602,144,False,False
2021-07-05,300750.SZ,62,99,81.4,17.615334229017623,37,False,False
2021-07-05,300751.SZ,67,165,119.0,39.04484601070928,98,False,False
2021-07-05,300757.SZ,16,65,43.6,19.781304304822775,49,True,False
2021-07-05,300759.SZ,340,393,369.8,23.847431727546677,53,False,False
2021-07-05,300760.SZ,141,296,226.0,61.06963238795531,155,False,False
2021-07-05,300763.SZ,337,417,378.6,38.20078533224154,80,False,False
2021-07-05,300803.SZ,17,26,22.4,3.361547262794322,9,True,False
2021-07-05,300832.SZ,112,224,147.2,47.113692277298746,112,False,False
2021-07-05,300857.SZ,25,139,78.8,44.0477014156244,114,False,False
2021-07-05,300866.SZ,48,139,104.4,34.224260401066374,91,False,False
2021-07-05,300888.SZ,397,494,449.6,48.13834230631545,97,False,False
2021-07-05,300896.SZ,614,678,652.2,24.823376079816377,64,False,False
2021-07-05,300919.SZ,558,660,607.6,45.65413453346805,102,False,False
2021-07-05,300957.SZ,554,627,605.0,30.553232234904378,73,False,False
2021-07-05,300972.SZ,10,43,20.4,13.126309458488322,33,True,False
2021-07-05,300999.SZ,380,467,431.4,35.07563256735365,87,False,False
2021-07-05,302132.SZ,9,27,18.2,7.694153624668537,18,True,False
2021-07-05,600000.SH,642,678,658.4,14.99333185119305,36,False,False
2021-07-05,600004.SH,243,384,335.4,54.58296437534334,141,False,False
2021-07-05,600008.SH,330,442,389.6,46.827342440074474,112,False,False
2021-07-05,600009.SH,274,452,394.6,72.01249891511888,178,False,False
2021-07-05,600010.SH,439,506,466.4,28.858274376684413,67,False,False
2021-07-05,600011.SH,485,582,552.8,40.80073528749206,97,False,False
2021-07-05,600015.SH,629,672,643.8,17.963852593472257,43,False,False
2021-07-05,600016.SH,619,661,647.2,17.23948955160796,42,False,False
2021-07-05,600018.SH,609,659,626.8,19.03155274800246,50,False,False
2021-07-05,600019.SH,251,426,323.4,71.03027523528259,175,False,False
2021-07-05,600021.SH,464,520,493.0,21.447610589527216,56,False,False
2021-07-05,600023.SH,620,650,640.2,12.37739875741264,30,False,False
2021-07-05,600025.SH,644,667,657.0,11.247221879201993,23,False,False
2021-07-05,600026.SH,379,534,474.4,68.77717644684172,155,False,False
2021-07-05,600027.SH,308,438,358.6,48.926475450414365,130,False,False
2021-07-05,600028.SH,456,516,495.8,23.069460331789298,60,False,False
2021-07-05,600029.SH,195,322,268.4,55.89096528062474,127,False,False
2021-07-05,600030.SH,373,506,447.2,50.011998560345496,133,False,False
2021-07-05,600031.SH,122,306,194.4,71.05138985269747,184,False,False
2021-07-05,600032.SH,396,600,477.6,96.96545776718635,204,False,False
2021-07-05,600036.SH,628,670,646.2,17.949930361981906,42,False,False
2021-07-05,600038.SH,174,281,220.0,45.93473631142341,107,False,False
2021-07-05,600039.SH,527,608,565.0,32.341923257592455,81,False,False
2021-07-05,600048.SH,525,611,561.8,35.87060077556549,86,False,False
2021-07-05,600050.SH,563,628,586.4,29.398979574128077,65,False,False
2021-07-05,600060.SH,397,537,484.2,55.83636807672935,140,False,False
2021-07-05,600061.SH,440,477,455.2,16.068602926203635,37,False,False
2021-07-05,600062.SH,494,588,538.2,36.85376507224194,94,False,False
2021-07-05,600066.SH,18,77,50.8,22.196846622887676,59,True,False
2021-07-05,600085.SH,635,662,654.2,11.031772296417289,27,False,False
2021-07-05,600089.SH,569,674,618.2,37.56594202199646,105,False,False
2021-07-05,600095.SH,415,548,503.2,51.46066458956783,133,False,False
2021-07-05,600098.SH,154,295,239.2,54.46742145539846,141,False,False
2021-07-05,600104.SH,356,481,412.4,45.56643501526096,125,False,False
2021-07-05,600109.SH,502,564,540.6,23.09328906847182,62,False,False
2021-07-05,600111.SH,443,520,493.2,29.911536236041105,77,False,False
2021-07-05,600115.SH,285,501,409.0,85.02940667792525,216,False,False
2021-07-05,600118.SH,314,454,367.8,64.49961240193618,140,False,False
2021-07-05,600126.SH,217,347,287.8,48.19439801470706,130,False,False
2021-07-05,600131.SH,319,395,356.2,36.540388613149695,76,False,False
2021-07-05,600132.SH,278,492,379.0,83.89874850079708,214,False,False
2021-07-05,600141.SH,438,586,539.2,63.96639742864999,148,False,False
2021-07-05,600143.SH,405,516,452.0,45.97281805589037,111,False,False
2021-07-05,600150.SH,50,114,87.4,24.97598846892751,64,False,False
2021-07-05,600153.SH,570,641,601.4,28.289574051229543,71,False,False
2021-07-05,600157.SH,79,189,134.2,52.637439147435735,110,False,False
2021-07-05,600160.SH,515,592,548.0,30.813957876261206,77,False,False
2021-07-05,600161.SH,166,274,220.0,50.532167972490555,108,False,False
2021-07-05,600166.SH,647,677,667.4,12.759310326189265,30,False,False
2021-07-05,600170.SH,586,631,613.8,17.58408371226661,45,False,False
2021-07-05,600171.SH,683,686,684.6,1.3416407864998738,3,False,False
2021-07-05,600176.SH,471,582,517.8,55.79157642511995,111,False,False
2021-07-05,600177.SH,370,491,424.6,48.226548705044195,121,False,False
2021-07-05,600183.SH,178,303,255.8,57.290487866660726,125,False,False
2021-07-05,600188.SH,213,526,380.4,112.8618624691264,313,False,False
2021-07-05,600196.SH,679,687,684.4,3.714835124201342,8,False,False
2021-07-05,600208.SH,461,596,545.6,57.88177606120946,135,False,False
2021-07-05,600219.SH,460,585,550.4,51.61201410524492,125,False,False
2021-07-05,600233.SH,175,287,241.6,53.76151039544927,112,False,False
2021-07-05,600276.SH,301,433,372.6,48.0499739854248,132,False,False
2021-07-05,600282.SH,168,256,219.8,33.72239611889997,88,False,False
2021-07-05,600295.SH,331,436,377.0,44.72694937059759,105,False,False
2021-07-05,600298.SH,44,63,56.0,7.44983221287567,19,False,False
2021-07-05,600299.SH,291,472,403.6,70.30860544769752,181,False,False
2021-07-05,600309.SH,66,86,75.8,9.497368056467012,20,False,False
2021-07-05,600312.SH,46,303,174.4,92.70814419456362,257,False,False
2021-07-05,600316.SH,579,684,643.0,48.43036237733515,105,False,False
2021-07-05,600329.SH,176,491,363.2,127.53313294983387,315,False,False
2021-07-05,600332.SH,601,647,622.6,19.578048932414077,46,False,False
2021-07-05,600339.SH,540,605,571.8,25.33179819910146,65,False,False
2021-07-05,600346.SH,123,178,145.4,23.458473948660853,55,False,False
2021-07-05,600348.SH,60,110,85.2,19.3183850256692,50,False,False
2021-07-05,600352.SH,224,312,277.0,45.29348739057305,88,False,False
2021-07-05,600362.SH,312,408,379.6,38.53310265213535,96,False,False
2021-07-05,600363.SH,612,681,659.2,29.405781744412103,69,False,False
2021-07-05,600369.SH,562,615,577.8,21.300234740490538,53,False,False
2021-07-05,600372.SH,197,297,255.2,41.40289844926319,100,False,False
2021-07-05,600377.SH,497,583,533.8,38.486361220567474,86,False,False
2021-07-05,600378.SH,97,160,131.2,28.11049626029395,63,False,False
2021-07-05,600380.SH,43,91,63.0,18.547236990991408,48,False,False
2021-07-05,600390.SH,437,496,462.8,22.297981971469973,59,False,False
2021-07-05,600392.SH,547,628,594.8,32.08893890423926,81,False,False
2021-07-05,600398.SH,303,474,369.6,66.87525700885193,171,False,False
2021-07-05,600406.SH,196,275,238.2,30.425318404250103,79,False,False
2021-07-05,600415.SH,354,512,433.8,66.16041112326917,158,False,False
2021-07-05,600426.SH,486,585,540.6,36.40467003009367,99,False,False
2021-07-05,600435.SH,166,259,210.2,39.23901120058965,93,False,False
2021-07-05,600436.SH,611,677,647.8,26.52734438273081,66,False,False
2021-07-05,600438.SH,603,664,633.6,26.894237300953524,61,False,False
2021-07-05,600460.SH,489,587,534.8,35.97499131341104,98,False,False
2021-07-05,600482.SH,459,594,550.4,55.84621741890851,135,False,False
2021-07-05,600483.SH,368,490,460.8,52.19865898660616,122,False,False
2021-07-05,600486.SH,34,87,52.6,21.52440475367437,53,False,False
2021-07-05,600489.SH,269,353,326.0,35.96526101670889,84,False,False
2021-07-05,600497.SH,370,451,407.6,33.63480340361751,81,False,False
2021-07-05,600498.SH,381,498,428.6,49.62156789139174,117,False,False
2021-07-05,600499.SH,450,635,568.0,81.74350127074322,185,False,False
2021-07-05,600511.SH,378,492,426.0,44.24929377967517,114,False,False
2021-07-05,600515.SH,155,197,173.6,15.931101656822104,42,False,False
2021-07-05,600516.SH,225,435,329.0,74.44125200451695,210,False,False
2021-07-05,600517.SH,191,359,276.2,62.23102120325521,168,False,False
2021-07-05,600519.SH,340,391,359.0,20.087309426600665,51,False,False
2021-07-05,600521.SH,204,354,273.6,55.74316101550036,150,False,False
2021-07-05,600522.SH,285,387,315.6,40.60541835765272,102,False,False
2021-07-05,600535.SH,475,553,520.6,32.57759966602819,78,False,False
2021-07-05,600536.SH,328,455,406.4,49.75741150823664,127,False,False
2021-07-05,600546.SH,21,163,74.4,54.14609865909085,142,False,False
2021-07-05,600547.SH,132,359,219.2,91.94944263017585,227,False,False
2021-07-05,600549.SH,620,682,663.8,25.48921340488953,62,False,False
2021-07-05,600562.SH,87,172,123.4,33.23100961451517,85,False,False
2021-07-05,600563.SH,141,290,194.6,57.9982758364419,149,False,False
2021-07-05,600566.SH,363,506,442.6,60.76429872877659,143,False,False
2021-07-05,600570.SH,225,326,266.2,49.87684833667821,101,False,False
2021-07-05,600578.SH,486,583,535.4,35.80921669067895,97,False,False
2021-07-05,600582.SH,606,677,650.2,27.941009287425533,71,False,False
2021-07-05,600583.SH,510,591,564.0,31.47220996371243,81,False,False
2021-07-05,600584.SH,416,510,473.0,34.77067730142742,94,False,False
2021-07-05,600585.SH,227,414,305.0,72.27378501227122,187,False,False
2021-07-05,600588.SH,479,598,530.2,48.607612572517894,119,False,False
2021-07-05,600598.SH,422,543,497.8,47.31490251495823,121,False,False
2021-07-05,600600.SH,237,530,358.8,124.3611675725184,293,False,False
2021-07-05,600601.SH,245,413,353.6,66.05149506256464,168,False,False
2021-07-05,600602.SH,251,365,307.8,41.23954412939115,114,False,False
2021-07-05,600606.SH,433,569,510.2,53.2278122789205,136,False,False
2021-07-05,600637.SH,399,535,459.8,53.26537336769545,136,False,False
2021-07-05,600642.SH,388,484,448.2,40.44996909763962,96,False,False
2021-07-05,600655.SH,152,302,220.0,53.65165421494476,150,False,False
2021-07-05,600660.SH,380,522,445.4,52.13252343786938,142,False,False
2021-07-05,600663.SH,670,683,675.6,5.319774431308154,13,False,False
2021-07-05,600674.SH,511,635,583.4,46.5435280141074,124,False,False
2021-07-05,600685.SH,74,156,116.0,38.05916446797013,82,False,False
2021-07-05,600688.SH,516,599,560.4,36.18425071768103,83,False,False
2021-07-05,600690.SH,73,217,153.2,59.675790736277634,144,False,False
2021-07-05,600699.SH,568,658,621.0,42.07730979993849,90,False,False
2021-07-05,600704.SH,621,649,633.4,11.0589330407594,28,False,False
2021-07-05,600707.SH,493,615,547.6,52.37174810907117,122,False,False
2021-07-05,600737.SH,277,456,408.0,75.48178588242332,179,False,False
2021-07-05,600741.SH,13,45,27.6,12.561846997953763,32,True,False
2021-07-05,600754.SH,161,205,185.6,20.755722102591374,44,False,False
2021-07-05,600760.SH,557,652,613.6,40.99146252575041,95,False,False
2021-07-05,600763.SH,360,476,415.6,47.13066942024057,116,False,False
2021-07-05,600764.SH,214,326,269.8,50.18166996025541,112,False,False
2021-07-05,600765.SH,129,229,195.6,45.528013354417304,100,False,False
2021-07-05,600795.SH,470,596,539.8,46.67119025694545,126,False,False
2021-07-05,600801.SH,41,108,75.4,25.715753926338618,67,False,False
2021-07-05,600803.SH,104,187,140.4,34.961407294329554,83,False,False
2021-07-05,600808.SH,233,386,301.4,59.71850634434857,153,False,False
2021-07-05,600809.SH,272,329,299.8,21.147103820618085,57,False,False
2021-07-05,600816.SH,401,538,490.8,57.0324469052486,137,False,False
2021-07-05,600820.SH,510,600,562.6,34.93994848307593,90,False,False
2021-07-05,600845.SH,344,488,384.4,59.12951885479874,144,False,False
2021-07-05,600848.SH,85,305,188.6,81.07280678501269,220,False,False
2021-07-05,600862.SH,444,598,530.0,63.58852097666685,154,False,False
2021-07-05,600863.SH,366,497,417.4,52.71906675957001,131,False,False
2021-07-05,600871.SH,627,685,660.8,24.417207047490095,58,False,False
2021-07-05,600873.SH,79,174,122.6,36.22568149807537,95,False,False
2021-07-05,600875.SH,109,247,173.0,60.054142238483436,138,False,False
2021-07-05,600879.SH,75,210,130.0,52.01442107723588,135,False,False
2021-07-05,600884.SH,529,602,557.8,28.225874654295477,73,False,False
2021-07-05,600885.SH,112,202,158.2,34.68717342188608,90,False,False
2021-07-05,600886.SH,554,619,586.6,24.46017170830982,65,False,False
2021-07-05,600887.SH,70,174,109.6,40.35219944439212,104,False,False
2021-07-05,600893.SH,567,646,610.8,30.792856314411626,79,False,False
2021-07-05,600900.SH,403,504,457.4,39.259393780342556,101,False,False
2021-07-05,600901.SH,475,577,533.0,39.40177660969109,102,False,False
2021-07-05,600905.SH,613,648,630.2,15.84929020492716,35,False,False
2021-07-05,600906.SH,644,681,658.2,13.845576911057192,37,False,False
2021-07-05,600909.SH,400,495,453.6,44.72471352619265,95,False,False
2021-07-05,600918.SH,463,541,506.0,31.701734968294716,78,False,False
2021-07-05,600919.SH,521,627,591.6,43.83263624287273,106,False,False
2021-07-05,600926.SH,591,639,612.0,18.0,48,False,False
2021-07-05,600958.SH,439,514,482.4,30.729464687820386,75,False,False
2021-07-05,600967.SH,18,83,47.2,30.752235691084316,65,True,False
2021-07-05,600968.SH,432,497,469.2,25.547994050414214,65,False,False
2021-07-05,600970.SH,595,662,633.0,30.553232234904378,67,False,False
2021-07-05,600977.SH,140,395,296.4,98.91562060665646,255,False,False
2021-07-05,600985.SH,302,390,352.8,33.67046183229449,88,False,False
2021-07-05,600988.SH,275,399,316.2,48.11652522782584,124,False,False
2021-07-05,600989.SH,211,391,297.2,67.91317986959527,180,False,False
2021-07-05,600995.SH,1,6,3.6,2.073644135332772,5,True,True
2021-07-05,600998.SH,218,308,263.4,42.78784874237078,90,False,False
2021-07-05,600999.SH,446,568,514.4,47.2472221405661,122,False,False
2021-07-05,601000.SH,574,625,602.6,19.64179217892298,51,False,False
2021-07-05,601001.SH,270,355,308.2,32.35274331490299,85,False,False
2021-07-05,601006.SH,388,490,442.6,41.14365078599613,102,False,False
2021-07-05,601009.SH,624,648,637.8,11.7983049630021,24,False,False
2021-07-05,601012.SH,591,648,624.0,22.85825890132492,57,False,False
2021-07-05,601016.SH,532,592,561.8,24.71234509309062,60,False,False
2021-07-05,601018.SH,555,656,601.4,37.01756339901372,101,False,False
2021-07-05,601019.SH,509,597,559.0,34.066112193791646,88,False,False
2021-07-05,601021.SH,206,313,246.8,41.78755795688473,107,False,False
2021-07-05,601058.SH,169,242,200.8,32.10451681617401,73,False,False
2021-07-05,601066.SH,376,454,424.4,30.021658848238214,78,False,False
2021-07-05,601077.SH,548,598,578.0,19.836834424877374,50,False,False
2021-07-05,601088.SH,587,641,618.0,23.853720883753127,54,False,False
2021-07-05,601098.SH,348,426,400.0,33.384127965247195,78,False,False
2021-07-05,601099.SH,191,289,225.2,39.85222703940145,98,False,False
2021-07-05,601100.SH,314,535,438.6,82.07496573255452,221,False,False
2021-07-05,601106.SH,542,659,615.2,45.135351998184305,117,False,False
2021-07-05,601108.SH,398,457,431.8,27.941009287425533,59,False,False
2021-07-05,601111.SH,330,466,390.4,61.01884954667697,136,False,False
2021-07-05,601117.SH,582,632,608.8,20.68090907092819,50,False,False
2021-07-05,601118.SH,396,488,434.8,38.00920941035212,92,False,False
2021-07-05,601127.SH,614,666,643.0,19.235384061671343,52,False,False
2021-07-05,601128.SH,594,623,604.8,11.819475453673906,29,False,False
2021-07-05,601138.SH,36,119,75.0,31.54362059117501,83,False,False
2021-07-05,601139.SH,206,352,251.4,57.873137119046866,146,False,False
2021-07-05,601155.SH,570,667,618.2,36.134471076798675,97,False,False
2021-07-05,601156.SH,321,434,375.2,51.02646372226866,113,False,False
2021-07-05,601162.SH,362,425,391.2,23.435016535091243,63,False,False
2021-07-05,601166.SH,237,412,325.6,65.8809532414339,175,False,False
2021-07-05,601169.SH,657,680,668.8,9.038805230781334,23,False,False
2021-07-05,601179.SH,225,392,332.6,67.44108540051828,167,False,False
2021-07-05,601186.SH,637,677,654.6,14.328293687665674,40,False,False
2021-07-05,601198.SH,402,530,479.4,53.97036223706489,128,False,False
2021-07-05,601211.SH,528,604,567.2,29.827839345148686,76,False,False
2021-07-05,601212.SH,181,233,205.0,20.03746490951388,52,False,False
2021-07-05,601216.SH,96,313,181.6,86.23108488242508,217,False,False
2021-07-05,601225.SH,391,484,454.4,39.56387240905521,93,False,False
2021-07-05,601228.SH,409,496,448.6,38.01710141502111,87,False,False
2021-07-05,601229.SH,626,668,644.2,16.498484778912275,42,False,False
2021-07-05,601233.SH,302,446,393.2,60.022495782831285,144,False,False
2021-07-05,601236.SH,350,420,381.6,27.208454568387378,70,False,False
2021-07-05,601238.SH,634,669,651.8,15.319921670818033,35,False,False
2021-07-05,601288.SH,616,652,637.2,18.48512915832616,36,False,False
2021-07-05,601298.SH,515,570,548.4,21.57081361469706,55,False,False
2021-07-05,601318.SH,271,396,330.2,47.07122263124254,125,False,False
2021-07-05,601319.SH,459,519,494.2,25.390943267236057,60,False,False
2021-07-05,601328.SH,601,650,635.6,19.641792178922984,49,False,False
2021-07-05,601336.SH,428,515,488.8,35.09558376776201,87,False,False
2021-07-05,601360.SH,498,600,540.6,41.72289539329695,102,False,False
2021-07-05,601377.SH,513,621,562.6,41.113258202190686,108,False,False
2021-07-05,601390.SH,533,596,570.2,26.52734438273081,63,False,False
2021-07-05,601398.SH,651,675,666.4,9.6850400102426,24,False,False
2021-07-05,601399.SH,95,176,147.8,32.31408361689992,81,False,False
2021-07-05,601456.SH,613,680,647.6,31.357614705203584,67,False,False
2021-07-05,601555.SH,412,501,452.8,38.983329770557056,89,False,False
2021-07-05,601567.SH,657,685,674.6,13.520355024924456,28,False,False
2021-07-05,601577.SH,542,592,571.2,23.82645588416372,50,False,False
2021-07-05,601598.SH,269,424,367.4,59.66824951345565,155,False,False
2021-07-05,601600.SH,414,528,467.6,44.65758614166242,114,False,False
2021-07-05,601601.SH,296,345,326.8,22.331591971912797,49,False,False
2021-07-05,601607.SH,142,244,208.8,40.56722815278362,102,False,False
2021-07-05,601608.SH,634,672,650.4,14.536161804272817,38,False,False
2021-07-05,601611.SH,517,603,556.6,38.253104449181635,86,False,False
2021-07-05,601615.SH,159,262,188.8,42.880065298457744,103,False,False
2021-07-05,601618.SH,553,633,599.6,30.344686520048285,80,False,False
2021-07-05,601628.SH,382,472,427.8,32.065557846387144,90,False,False
2021-07-05,601633.SH,436,522,481.0,35.4682957019364,86,False,False
2021-07-05,601658.SH,344,455,407.6,46.484405987384626,111,False,False
2021-07-05,601665.SH,637,673,658.4,13.722244714331543,36,False,False
2021-07-05,601666.SH,191,307,246.0,45.803929962395145,116,False,False
2021-07-05,601668.SH,578,664,613.6,36.26706494879342,86,False,False
2021-07-05,601669.SH,500,575,541.8,34.1935666463737,75,False,False
2021-07-05,601688.SH,518,552,536.2,12.13260071048248,34,False,False
2021-07-05,601689.SH,381,513,432.8,52.78446741229848,132,False,False
2021-07-05,601696.SH,606,673,643.2,29.57532755524442,67,False,False
2021-07-05,601698.SH,135,336,215.6,83.18834052918714,201,False,False
2021-07-05,601699.SH,250,332,289.0,34.56877203488721,82,False,False
2021-07-05,601717.SH,221,384,320.2,67.49962962861352,163,False,False
2021-07-05,601766.SH,412,539,478.4,48.37147920004101,127,False,False
2021-07-05,601788.SH,483,556,514.6,29.57701810527897,73,False,False
2021-07-05,601799.SH,47,100,82.4,20.827865949251738,53,False,False
2021-07-05,601800.SH,576,637,598.0,24.041630560342615,61,False,False
2021-07-05,601808.SH,155,316,238.6,77.41640652988228,161,False,False
2021-07-05,601816.SH,403,561,499.2,65.13984955463131,158,False,False
2021-07-05,601818.SH,661,672,667.2,4.54972526643093,11,False,False
2021-07-05,601838.SH,552,573,562.0,10.198039027185569,21,False,False
2021-07-05,601857.SH,601,632,616.4,12.700393694685216,31,False,False
2021-07-05,601865.SH,259,362,331.0,41.06701839676214,103,False,False
2021-07-05,601866.SH,679,687,684.0,3.4641016151377544,8,False,False
2021-07-05,601872.SH,286,473,393.6,68.42733371979358,187,False,False
2021-07-05,601877.SH,202,369,265.0,67.05967491719595,167,False,False
2021-07-05,601878.SH,329,463,403.0,56.69215113223346,134,False,False
2021-07-05,601880.SH,355,512,427.6,73.81260055031255,157,False,False
2021-07-05,601881.SH,471,524,492.4,20.59854363784003,53,False,False
2021-07-05,601888.SH,204,412,300.2,89.34315866366042,208,False,False
2021-07-05,601898.SH,559,601,575.0,18.934096228761486,42,False,False
2021-07-05,601899.SH,46,153,92.6,45.29127951383136,107,False,False
2021-07-05,601901.SH,620,671,658.6,21.663333076883625,51,False,False
2021-07-05,601916.SH,442,524,476.4,33.61993456269658,82,False,False
2021-07-05,601919.SH,483,556,519.0,29.317230428538096,73,False,False
2021-07-05,601928.SH,495,531,511.6,17.198837169994952,36,False,False
2021-07-05,601939.SH,629,660,646.8,13.405222862750175,31,False,False
2021-07-05,601958.SH,520,584,548.8,24.48877293781785,64,False,False
2021-07-05,601966.SH,51,87,69.4,16.861198059449986,36,False,False
2021-07-05,601985.SH,582,681,627.4,36.54175693641454,99,False,False
2021-07-05,601988.SH,665,676,673.0,4.636809247747852,11,False,False
2021-07-05,601990.SH,572,627,602.2,25.606639763936226,55,False,False
2021-07-05,601991.SH,539,655,584.2,48.996938679880806,116,False,False
2021-07-05,601995.SH,538,615,571.0,31.960913628993776,77,False,False
2021-07-05,601997.SH,597,678,633.8,34.20087718173322,81,False,False
2021-07-05,601998.SH,602,648,622.6,21.69792616818483,46,False,False
2021-07-05,603000.SH,110,232,175.6,60.607755279336985,122,False,False
2021-07-05,603019.SH,318,465,412.0,56.99561386633186,147,False,False
2021-07-05,603077.SH,219,363,302.2,61.44672489238137,144,False,False
2021-07-05,603087.SH,155,305,222.8,65.54540411043325,150,False,False
2021-07-05,603129.SH,12,67,31.2,23.583892808440254,55,True,False
2021-07-05,603156.SH,441,528,477.2,40.35715549936591,87,False,False
2021-07-05,603160.SH,216,413,297.6,79.06516299863044,197,False,False
2021-07-05,603179.SH,20,78,49.2,21.87921387984495,58,True,False
2021-07-05,603225.SH,30,88,66.0,24.052026941611388,58,False,False
2021-07-05,603233.SH,46,83,69.2,14.219704638282751,37,False,False
2021-07-05,603259.SH,118,221,153.4,41.48855263804704,103,False,False
2021-07-05,603260.SH,47,62,56.8,5.974947698515862,15,False,False
2021-07-05,603288.SH,374,505,434.6,53.420969665478744,131,False,False
2021-07-05,603290.SH,192,262,224.2,27.607969863791144,70,False,False
2021-07-05,603298.SH,17,74,38.6,26.59511233290809,57,True,False
2021-07-05,603338.SH,419,495,449.4,32.57759966602819,76,False,False
2021-07-05,603345.SH,102,180,132.4,31.627519662471162,78,False,False
2021-07-05,603369.SH,107,198,163.4,40.94264280673635,91,False,False
2021-07-05,603379.SH,329,507,432.0,72.73238618387272,178,False,False
2021-07-05,603392.SH,100,249,155.8,58.929619038307045,149,False,False
2021-07-05,603444.SH,134,227,183.8,36.06521870167988,93,False,False
2021-07-05,603486.SH,4,27,10.0,9.72111104761179,23,True,True
2021-07-05,603501.SH,64,133,95.2,26.975915183733804,69,False,False
2021-07-05,603529.SH,436,553,508.6,48.567478831003775,117,False,False
2021-07-05,603565.SH,10,23,16.2,4.658325879540846,13,True,False
2021-07-05,603568.SH,52,150,110.8,39.85849972088764,98,False,False
2021-07-05,603589.SH,541,608,584.2,27.47180372673043,67,False,False
2021-07-05,603596.SH,122,293,211.8,69.05939472656853,171,False,False
2021-07-05,603605.SH,63,132,101.6,28.64087987475245,69,False,False
2021-07-05,603606.SH,125,220,161.8,37.365759727322555,95,False,False
2021-07-05,603650.SH,44,82,53.8,16.068602926203635,38,False,False
2021-07-05,603658.SH,73,127,104.6,20.62280291328024,54,False,False
2021-07-05,603659.SH,68,103,79.8,14.906374475371265,35,False,False
2021-07-05,603688.SH,33,70,50.0,14.370107863199914,37,False,False
2021-07-05,603699.SH,29,106,55.2,30.227470949452588,77,False,False
2021-07-05,603728.SH,11,81,36.0,29.614185789921695,70,True,False
2021-07-05,603737.SH,603,653,630.4,17.99444358684091,50,False,False
2021-07-05,603766.SH,117,182,154.4,29.407482041140483,65,False,False
2021-07-05,603786.SH,1,4,2.4,1.140175425099138,3,True,True
2021-07-05,603799.SH,219,388,303.2,61.03032033342116,169,False,False
2021-07-05,603806.SH,372,571,482.2,74.24082434887156,199,False,False
2021-07-05,603816.SH,16,34,26.6,6.54217089351845,18,True,False
2021-07-05,603833.SH,170,286,240.4,45.42356216766801,116,False,False
2021-07-05,603858.SH,93,189,134.2,39.26448777203136,96,False,False
2021-07-05,603885.SH,354,542,407.2,77.60927779589242,188,False,False
2021-07-05,603893.SH,77,234,145.4,61.67090075554272,157,False,False
2021-07-05,603899.SH,130,307,255.4,71.97430096916537,177,False,False
2021-07-05,603920.SH,11,61,34.2,23.763417262675,50,True,False
2021-07-05,603939.SH,21,62,43.8,17.527121840165314,41,False,False
2021-07-05,603979.SH,232,395,276.6,67.40400581567833,163,False,False
2021-07-05,603986.SH,310,464,403.6,69.9235296591927,154,False,False
2021-07-05,603993.SH,75,164,128.0,33.1134413795969,89,False,False
2021-07-05,605117.SH,11,42,26.0,12.144957801491119,31,True,False
2021-07-05,605358.SH,476,638,566.4,65.21349553581682,162,False,False
2021-07-05,605499.SH,465,580,540.4,44.39932431918306,115,False,False
2021-07-05,688002.SH,118,156,138.2,16.769019053003667,38,False,False
2021-07-05,688008.SH,336,546,432.6,83.14324987634294,210,False,False
2021-07-05,688009.SH,35,117,93.0,34.12477106150311,82,False,False
2021-07-05,688012.SH,455,588,518.8,47.9082456368421,133,False,False
2021-07-05,688017.SH,180,384,306.0,80.34923770640266,204,False,False
2021-07-05,688018.SH,109,259,176.6,62.7479083316727,150,False,False
2021-07-05,688019.SH,138,300,195.6,64.67456996378097,162,False,False
2021-07-05,688027.SH,123,265,194.4,50.96861779565932,142,False,False
2021-07-05,688036.SH,22,69,39.2,19.84187491140895,47,False,False
2021-07-05,688037.SH,246,309,275.6,23.071627597549334,63,False,False
2021-07-05,688065.SH,12,57,28.0,17.05872210923198,45,True,False
2021-07-05,688099.SH,4,28,11.4,9.476286192385707,24,True,True
2021-07-05,688111.SH,121,169,142.2,21.58008341040414,48,False,False
2021-07-05,688122.SH,44,115,83.4,27.519084287090656,71,False,False
2021-07-05,688126.SH,305,422,375.2,44.578021490416106,117,False,False
2021-07-05,688166.SH,32,60,49.4,11.674759098157015,28,False,False
2021-07-05,688169.SH,226,416,307.2,84.38720282128091,190,False,False
2021-07-05,688180.SH,184,347,246.6,65.26331281815229,163,False,False
2021-07-05,688183.SH,165,314,258.0,56.855078928799315,149,False,False
2021-07-05,688188.SH,114,208,156.4,47.035093281506306,94,False,False
2021-07-05,688256.SH,276,431,347.8,64.2549608979727,155,False,False
2021-07-05,688266.SH,88,220,150.2,53.65351805799877,132,False,False
2021-07-05,688278.SH,7,39,18.0,12.227019260637483,32,True,False
2021-07-05,688301.SH,323,525,425.8,95.7063216302873,202,False,False
2021-07-05,688318.SH,105,170,139.0,24.166091947189145,65,False,False
2021-07-05,688336.SH,213,309,255.2,35.22357165308481,96,False,False
2021-07-05,688363.SH,510,555,537.8,18.833480825381166,45,False,False
2021-07-05,688396.SH,605,679,636.2,27.289191999764302,74,False,False
2021-07-05,688425.SH,576,608,585.8,13.349157276772193,32,False,False
2021-07-05,688520.SH,221,447,386.0,93.8216392949942,226,False,False
2021-07-05,688538.SH,64,267,131.0,82.59842613512681,203,False,False
2021-07-05,688561.SH,202,336,264.0,56.71419575379695,134,False,False
2021-07-05,688568.SH,70,145,111.6,29.056840846864272,75,False,False
2021-07-05,688578.SH,240,453,313.2,81.43525035265748,213,False,False
2021-07-05,688599.SH,639,675,662.8,14.839137441239634,36,False,False
2021-07-05,688608.SH,205,381,295.8,80.14798812197347,176,False,False
2021-07-05,688617.SH,387,618,500.4,83.51826147615861,231,False,False
2021-07-05,688676.SH,252,345,311.8,36.27257917490842,93,False,False
2021-07-05,688777.SH,509,614,577.2,40.19577092182709,105,False,False
2021-07-05,688819.SH,335,501,430.0,76.96752561957543,166,False,False
2021-07-05,688981.SH,470,565,519.4,43.52355683994588,95,False,False
2021-07-05,689009.SH,326,407,373.8,30.703420004944075,81,False,False
2021-08-02,000001.SZ,311,423,362.0,41.36423575989287,112,False,False
2021-08-02,000002.SZ,247,379,297.0,52.244616947586096,132,False,False
2021-08-02,000009.SZ,299,503,410.2,86.70467115444242,204,False,False
2021-08-02,000021.SZ,239,347,285.8,41.82343840479881,108,False,False
2021-08-02,000027.SZ,208,396,298.0,81.70679286326198,188,False,False
2021-08-02,000032.SZ,6,30,19.0,9.38083151964686,24,True,False
2021-08-02,000034.SZ,102,263,164.6,60.359754804008276,161,False,False
2021-08-02,000039.SZ,109,211,148.8,41.978565959308334,102,False,False
2021-08-02,000050.SZ,203,266,228.8,25.13364279208249,63,False,False
2021-08-02,000060.SZ,379,660,515.0,112.94024968982492,281,False,False
2021-08-02,000062.SZ,58,85,71.6,12.581732790041283,27,False,False
2021-08-02,000063.SZ,236,357,283.0,47.460509900337144,121,False,False
2021-08-02,000088.SZ,199,369,266.6,66.67308302456097,170,False,False
2021-08-02,000100.SZ,84,204,150.6,43.21805178394787,120,False,False
2021-08-02,000155.SZ,285,400,342.4,41.058494857946265,115,False,False
2021-08-02,000157.SZ,232,374,318.0,57.15330261673423,142,False,False
2021-08-02,000166.SZ,564,601,583.6,14.99333185119305,37,False,False
2021-08-02,000301.SZ,360,431,395.4,25.224987611493493,71,False,False
2021-08-02,000333.SZ,120,212,158.8,38.36274234201721,92,False,False
2021-08-02,000338.SZ,327,579,437.4,90.24577552439781,252,False,False
2021-08-02,000400.SZ,283,532,402.0,90.4626994954274,249,False,False
2021-08-02,000408.SZ,427,590,509.2,74.83114324931833,163,False,False
2021-08-02,000415.SZ,260,367,308.0,53.2634959423431,107,False,False
2021-08-02,000423.SZ,162,319,245.2,60.50371889396552,157,False,False
2021-08-02,000425.SZ,51,154,88.4,40.525300739167875,103,False,False
2021-08-02,000429.SZ,532,631,586.4,37.633761438368076,99,False,False
2021-08-02,000513.SZ,7,21,13.6,5.272570530585627,14,True,False
2021-08-02,000519.SZ,495,669,616.6,69.5291305856761,174,False,False
2021-08-02,000528.SZ,107,196,156.2,37.22499160510315,89,False,False
2021-08-02,000537.SZ,193,296,246.8,37.425926842230645,103,False,False
2021-08-02,000538.SZ,198,436,292.2,93.73473209008495,238,False,False
2021-08-02,000539.SZ,130,236,185.8,38.848423391432505,106,False,False
2021-08-02,000559.SZ,45,121,70.0,31.64648479689332,76,False,False
2021-08-02,000568.SZ,453,655,576.6,81.0450492010462,202,False,False
2021-08-02,000582.SZ,426,547,493.0,52.70199237220544,121,False,False
2021-08-02,000591.SZ,558,650,596.2,38.46036921299638,92,False,False
2021-08-02,000596.SZ,201,386,288.0,81.2742271571991,185,False,False
2021-08-02,000598.SZ,179,306,218.6,52.046133381837315,127,False,False
2021-08-02,000617.SZ,605,672,637.6,29.466930617219024,67,False,False
2021-08-02,000623.SZ,529,660,615.6,52.828022866656674,131,False,False
2021-08-02,000625.SZ,285,402,326.6,44.719123426113796,117,False,False
2021-08-02,000629.SZ,249,402,345.8,71.27552174484589,153,False,False
2021-08-02,000630.SZ,670,685,676.6,5.549774770204643,15,False,False
2021-08-02,000651.SZ,57,161,103.2,39.53732413808501,104,False,False
2021-08-02,000657.SZ,193,352,266.4,66.68807989438594,159,False,False
2021-08-02,000661.SZ,305,522,440.4,89.82928253080952,217,False,False
2021-08-02,000683.SZ,211,328,277.0,51.07347648241698,117,False,False
2021-08-02,000703.SZ,231,356,282.6,54.91174737704128,125,False,False
2021-08-02,000708.SZ,136,231,164.2,39.200765298652016,95,False,False
2021-08-02,000709.SZ,399,551,484.4,61.59383085991648,152,False,False
2021-08-02,000723.SZ,596,662,623.4,26.623298067669978,66,False,False
2021-08-02,000725.SZ,230,330,298.0,40.614036982304526,100,False,False
2021-08-02,000728.SZ,339,539,419.2,85.5143262851319,200,False,False
2021-08-02,000729.SZ,82,192,135.0,43.61192497471305,110,False,False
2021-08-02,000733.SZ,341,414,384.8,29.978325503603433,73,False,False
2021-08-02,000738.SZ,99,132,112.8,14.024977718342372,33,False,False
2021-08-02,000739.SZ,62,111,84.4,18.68956928342652,49,False,False
2021-08-02,000750.SZ,354,515,424.6,69.35632631562892,161,False,False
2021-08-02,000768.SZ,659,683,671.2,10.401922899156675,24,False,False
2021-08-02,000776.SZ,537,626,587.0,33.69718089098849,89,False,False
2021-08-02,000783.SZ,539,627,594.4,36.57594838141589,88,False,False
2021-08-02,000785.SZ,119,202,163.6,37.004053831979,83,False,False
2021-08-02,000786.SZ,183,311,242.6,49.19654459410742,128,False,False
2021-08-02,000792.SZ,105,144,126.0,15.016657417681207,39,False,False
2021-08-02,000807.SZ,390,565,432.2,74.61032100185604,175,False,False
2021-08-02,000825.SZ,164,310,250.4,56.94558806439705,146,False,False
2021-08-02,000830.SZ,153,232,178.2,31.28418130621289,79,False,False
2021-08-02,000831.SZ,447,653,587.8,82.80821215314336,206,False,False
2021-08-02,000858.SZ,160,370,241.4,78.74833331569627,210,False,False
2021-08-02,000878.SZ,374,526,443.0,56.42694391866354,152,False,False
2021-08-02,000883.SZ,229,359,280.4,50.207569150477696,130,False,False
2021-08-02,000887.SZ,77,389,217.8,114.63725397967278,312,False,False
2021-08-02,000893.SZ,156,250,214.0,35.298725189445584,94,False,False
2021-08-02,000895.SZ,472,663,585.6,80.8195520898254,191,False,False
2021-08-02,000898.SZ,576,674,613.4,40.728368491752775,98,False,False
2021-08-02,000921.SZ,20,119,60.2,38.440863673960294,99,True,False
2021-08-02,000932.SZ,419,544,488.4,45.57740668357514,125,False,False
2021-08-02,000937.SZ,24,32,27.4,3.4351128074635335,8,False,False
2021-08-02,000938.SZ,328,427,365.4,37.607180165494995,99,False,False
2021-08-02,000951.SZ,237,322,293.0,33.66749173906485,85,False,False
2021-08-02,000959.SZ,321,590,467.8,107.29725066375185,269,False,False
2021-08-02,000960.SZ,536,671,637.6,57.37421023421586,135,False,False
2021-08-02,000963.SZ,361,553,451.2,68.46312876286038,192,False,False
2021-08-02,000967.SZ,77,194,150.0,46.351914739307155,117,False,False
2021-08-02,000975.SZ,139,225,185.0,33.436506994600975,86,False,False
2021-08-02,000977.SZ,386,552,467.6,60.690196901970914,166,False,False
2021-08-02,000983.SZ,298,446,351.2,58.916890617207564,148,False,False
2021-08-02,000987.SZ,257,515,383.8,95.53899727336477,258,False,False
2021-08-02,000997.SZ,149,224,179.6,27.72724292099739,75,False,False
2021-08-02,000999.SZ,234,483,340.6,96.21486371657969,249,False,False
2021-08-02,001696.SZ,43,97,69.8,24.190907382733705,54,False,False
2021-08-02,001965.SZ,441,529,473.2,36.155220923125334,88,False,False
2021-08-02,001979.SZ,283,433,353.6,53.91474751865207,150,False,False
2021-08-02,002001.SZ,333,413,374.6,34.158454297582026,80,False,False
2021-08-02,002007.SZ,267,420,361.0,56.568542494923804,153,False,False
2021-08-02,002008.SZ,8,18,12.8,4.207136793592526,10,True,False
2021-08-02,002025.SZ,227,407,308.8,74.93130187044663,180,False,False
2021-08-02,002027.SZ,483,574,528.6,41.96784483387251,91,False,False
2021-08-02,002028.SZ,429,527,471.6,39.13821661752104,98,False,False
2021-08-02,002032.SZ,66,138,103.4,30.541774670113718,72,False,False
2021-08-02,002044.SZ,478,580,527.4,43.940869358718885,102,False,False
2021-08-02,002049.SZ,531,626,574.8,40.82523729263554,95,False,False
2021-08-02,002050.SZ,8,48,23.2,16.037456157383566,40,True,False
2021-08-02,002056.SZ,265,378,329.0,43.60045871318328,113,False,False
2021-08-02,002064.SZ,452,602,528.6,55.70278269530167,150,False,False
2021-08-02,002065.SZ,62,150,99.2,40.806862168022676,88,False,False
2021-08-02,002074.SZ,438,614,566.6,73.4186624776017,176,False,False
2021-08-02,002078.SZ,315,433,385.0,46.652974181717504,118,False,False
2021-08-02,002085.SZ,45,106,67.0,22.967368155711704,61,False,False
2021-08-02,002120.SZ,143,225,188.0,30.074906483645133,82,False,False
2021-08-02,002126.SZ,57,207,114.0,58.240879114244144,150,False,False
2021-08-02,002130.SZ,170,383,292.0,85.0881895447306,213,False,False
2021-08-02,002131.SZ,140,351,230.2,76.99805192340908,211,False,False
2021-08-02,002138.SZ,121,334,226.6,77.70328178397615,213,False,False
2021-08-02,002142.SZ,111,254,161.8,59.98083027101242,143,False,False
2021-08-02,002152.SZ,150,313,238.8,74.5030200730145,163,False,False
2021-08-02,002153.SZ,405,508,463.4,46.58647872505498,103,False,False
2021-08-02,002155.SZ,424,561,498.8,50.53414687119988,137,False,False
2021-08-02,002157.SZ,271,365,320.4,40.28399185780873,94,False,False
2021-08-02,002179.SZ,44,85,61.0,17.564168070250297,41,False,False
2021-08-02,002185.SZ,230,348,288.0,47.78598120788146,118,False,False
2021-08-02,002195.SZ,210,348,297.0,65.19202405202648,138,False,False
2021-08-02,002202.SZ,274,371,328.8,41.191018438489714,97,False,False
2021-08-02,002203.SZ,537,637,599.2,39.143326378835,100,False,False
2021-08-02,002223.SZ,125,175,151.8,22.151749366585022,50,False,False
2021-08-02,002230.SZ,382,458,408.0,30.041637771599603,76,False,False
2021-08-02,002236.SZ,182,271,208.6,35.865024745565144,89,False,False
2021-08-02,002241.SZ,104,234,149.2,52.23696009531948,130,False,False
2021-08-02,002244.SZ,255,382,307.6,56.145347091277294,127,False,False
2021-08-02,002252.SZ,419,570,505.0,56.71419575379695,151,False,False
2021-08-02,002261.SZ,518,565,536.0,19.222382786741086,47,False,False
2021-08-02,002262.SZ,151,233,177.0,34.25638626592128,82,False,False
2021-08-02,002265.SZ,4,28,15.2,10.232301793829189,24,True,True
2021-08-02,002266.SZ,65,183,120.6,52.58611984164642,118,False,False
2021-08-02,002271.SZ,59,183,124.4,49.293001531657616,124,False,False
2021-08-02,002273.SZ,488,592,536.6,38.455168703309575,104,False,False
2021-08-02,002281.SZ,246,502,391.4,103.65230339939387,256,False,False
2021-08-02,002299.SZ,243,469,327.2,87.7564812421282,226,False,False
2021-08-02,002304.SZ,297,413,367.0,44.83859944289072,116,False,False
2021-08-02,002311.SZ,91,214,136.8,50.3259376465059,123,False,False
2021-08-02,002312.SZ,256,318,285.8,23.242202993692313,62,False,False
2021-08-02,002318.SZ,7,23,14.0,6.557438524302,16,True,False
2021-08-02,002335.SZ,395,487,440.4,32.60061349115995,92,False,False
2021-08-02,002340.SZ,677,687,684.0,4.0,10,False,False
2021-08-02,002352.SZ,86,266,170.2,76.10978912071693,180,False,False
2021-08-02,002353.SZ,80,190,132.2,41.6437270186039,110,False,False
2021-08-02,002371.SZ,291,487,360.8,77.33821823652262,196,False,False
2021-08-02,002384.SZ,353,556,467.2,85.4558365473067,203,False,False
2021-08-02,002402.SZ,73,174,113.8,39.52467583674786,101,False,False
2021-08-02,002409.SZ,398,573,473.8,71.08234661292494,175,False,False
2021-08-02,002410.SZ,71,231,145.4,62.03466772700568,160,False,False
2021-08-02,002414.SZ,439,580,518.6,62.11924017564928,141,False,False
2021-08-02,002415.SZ,216,418,314.0,84.9617561023782,202,False,False
2021-08-02,002422.SZ,50,99,76.8,19.613770672667712,49,False,False
2021-08-02,002423.SZ,517,549,531.0,14.474114826130128,32,False,False
2021-08-02,002429.SZ,168,310,254.8,58.87868884409706,142,False,False
2021-08-02,002430.SZ,98,258,150.6,66.23292232719314,160,False,False
2021-08-02,002432.SZ,37,107,77.2,29.29505077653903,70,False,False
2021-08-02,002436.SZ,322,468,404.2,55.61654430113399,146,False,False
2021-08-02,002444.SZ,302,489,392.4,78.40790776445958,187,False,False
2021-08-02,002460.SZ,584,662,628.4,33.17077026540083,78,False,False
2021-08-02,002461.SZ,8,28,16.0,8.916277250063503,20,True,False
2021-08-02,002463.SZ,327,523,427.8,70.45353078448234,196,False,False
2021-08-02,002465.SZ,72,200,131.8,47.70953783050094,128,False,False
2021-08-02,002466.SZ,180,370,275.8,86.5228293573436,190,False,False
2021-08-02,002472.SZ,78,113,92.2,16.858232410309213,35,False,False
2021-08-02,002475.SZ,19,38,25.4,7.861297602813419,19,True,False
2021-08-02,002493.SZ,505,631,564.0,63.46652661048972,126,False,False
2021-08-02,002500.SZ,340,478,426.8,53.42939265984595,138,False,False
2021-08-02,002508.SZ,66,135,92.8,26.780589986032794,69,False,False
2021-08-02,002517.SZ,36,76,56.6,16.241921068642096,40,False,False
2021-08-02,002532.SZ,287,416,360.2,51.10479429564314,129,False,False
2021-08-02,002558.SZ,557,595,571.0,16.263455967290593,38,False,False
2021-08-02,002568.SZ,177,281,226.6,38.76596445337069,104,False,False
2021-08-02,002583.SZ,34,78,50.8,19.879637823662684,44,False,False
2021-08-02,002594.SZ,491,613,548.4,49.42469018618124,122,False,False
2021-08-02,002600.SZ,290,506,395.6,90.56931047545852,216,False,False
2021-08-02,002601.SZ,324,450,380.6,52.505237833953295,126,False,False
2021-08-02,002603.SZ,490,615,536.4,48.2420977984996,125,False,False
2021-08-02,002608.SZ,100,299,175.4,85.44471897080591,199,False,False
2021-08-02,002624.SZ,657,683,668.8,10.207840124139876,26,False,False
2021-08-02,002625.SZ,331,561,450.6,87.13667425372626,230,False,False
2021-08-02,002648.SZ,50,300,120.8,101.59576762838105,250,False,False
2021-08-02,002670.SZ,251,325,286.0,30.62678566222711,74,False,False
2021-08-02,002673.SZ,175,287,215.0,45.70010940905941,112,False,False
2021-08-02,002683.SZ,237,466,398.6,93.81790873815083,229,False,False
2021-08-02,002709.SZ,155,256,195.8,48.45822943525692,101,False,False
2021-08-02,002714.SZ,265,519,390.8,96.64212332104464,254,False,False
2021-08-02,002736.SZ,387,521,462.2,58.717118457908,134,False,False
2021-08-02,002738.SZ,218,536,354.0,127.77323663428112,318,False,False
2021-08-02,002739.SZ,162,262,208.0,37.89459064299283,100,False,False
2021-08-02,002756.SZ,598,657,634.2,22.873565528793275,59,False,False
2021-08-02,002773.SZ,329,582,468.6,92.7485848948651,253,False,False
2021-08-02,002797.SZ,277,327,306.4,18.365728953678914,50,False,False
2021-08-02,002821.SZ,219,413,285.8,78.85239374933394,194,False,False
2021-08-02,002831.SZ,184,295,245.8,49.017343869287735,111,False,False
2021-08-02,002837.SZ,257,496,341.8,108.18595102877268,239,False,False
2021-08-02,002841.SZ,12,31,24.2,8.07465169527454,19,True,False
2021-08-02,002850.SZ,492,572,540.6,33.38862081608044,80,False,False
2021-08-02,002851.SZ,75,166,107.0,38.49025850783546,91,False,False
2021-08-02,002916.SZ,46,117,85.6,27.153268679847734,71,False,False
2021-08-02,002920.SZ,491,627,554.0,49.33558553417604,136,False,False
2021-08-02,002926.SZ,362,470,420.4,41.560798837365965,108,False,False
2021-08-02,002938.SZ,337,498,457.2,68.3059294644323,161,False,False
2021-08-02,002939.SZ,284,405,330.4,48.210994596668506,121,False,False
2021-08-02,002945.SZ,398,550,468.8,62.85857141233803,152,False,False
2021-08-02,002966.SZ,629,651,645.6,9.316651759081692,22,False,False
2021-08-02,002984.SZ,1,1,1.0,0.0,0,True,True
2021-08-02,003021.SZ,2,3,2.2,0.4472135954999579,1,True,True
2021-08-02,003022.SZ,19,41,29.4,10.4546640309481,22,True,False
2021-08-02,003031.SZ,105,198,155.8,35.10982768399754,93,False,False
2021-08-02,003035.SZ,54,86,67.0,15.280706789936126,32,False,False
2021-08-02,003816.SZ,353,536,459.4,68.32495883643107,183,False,False
2021-08-02,300001.SZ,490,639,561.2,69.03767087612385,149,False,False
2021-08-02,300002.SZ,15,61,40.2,19.214577799160722,46,True,False
2021-08-02,300003.SZ,439,608,542.8,69.62542639007678,169,False,False
2021-08-02,300012.SZ,69,194,126.4,50.78680931107998,125,False,False
2021-08-02,300014.SZ,365,533,438.0,69.28924880528002,168,False,False
2021-08-02,300015.SZ,228,437,349.6,79.65111424204936,209,False,False
2021-08-02,300017.SZ,367,527,431.8,81.23853765301293,160,False,False
2021-08-02,300024.SZ,60,93,72.2,12.814054783713077,33,False,False
2021-08-02,300033.SZ,372,483,442.8,46.943583161066854,111,False,False
2021-08-02,300037.SZ,469,573,529.0,39.191835884530846,104,False,False
2021-08-02,300054.SZ,501,563,524.2,25.878562556679995,62,False,False
2021-08-02,300058.SZ,21,58,40.8,14.855975228843107,37,False,False
2021-08-02,300059.SZ,241,316,273.0,32.48845948948642,75,False,False
2021-08-02,300073.SZ,679,688,684.8,4.08656334834051,9,False,False
2021-08-02,300100.SZ,87,126,98.6,15.962455951387932,39,False,False
2021-08-02,300115.SZ,89,168,131.4,29.279685790663805,79,False,False
2021-08-02,300122.SZ,23,43,33.8,8.19756061276768,20,False,False
2021-08-02,300124.SZ,408,587,479.8,69.24377228314472,179,False,False
2021-08-02,300136.SZ,159,237,190.6,33.82750360283774,78,False,False
2021-08-02,300140.SZ,185,420,264.0,95.38605768140332,235,False,False
2021-08-02,300142.SZ,606,656,637.2,23.80546155822231,50,False,False
2021-08-02,300144.SZ,354,457,422.4,43.87254266622804,103,False,False
2021-08-02,300146.SZ,117,313,199.6,72.17894429818159,196,False,False
2021-08-02,300207.SZ,444,593,514.2,57.07626476916653,149,False,False
2021-08-02,300223.SZ,508,605,552.0,42.326114870136614,97,False,False
2021-08-02,300251.SZ,318,474,418.8,67.90213545979242,156,False,False
2021-08-02,300274.SZ,249,393,307.2,59.37339471514156,144,False,False
2021-08-02,300285.SZ,73,107,92.0,14.089002803605371,34,False,False
2021-08-02,300308.SZ,598,680,630.2,34.54272716506327,82,False,False
2021-08-02,300316.SZ,184,319,269.0,54.53439281774392,135,False,False
2021-08-02,300339.SZ,686,689,687.4,1.3416407864998738,3,False,False
2021-08-02,300346.SZ,517,641,596.4,51.24256043563788,124,False,False
2021-08-02,300373.SZ,602,680,649.0,29.899832775452108,78,False,False
2021-08-02,300383.SZ,264,465,366.8,78.59516524570707,201,False,False
2021-08-02,300390.SZ,137,280,226.2,58.87868884409706,143,False,False
2021-08-02,300394.SZ,511,615,565.8,37.15777173082368,104,False,False
2021-08-02,300395.SZ,118,218,168.6,47.81004078642896,100,False,False
2021-08-02,300408.SZ,180,282,218.4,42.88706098580317,102,False,False
2021-08-02,300413.SZ,51,94,74.0,15.763882770434446,43,False,False
2021-08-02,300418.SZ,476,572,531.4,42.169894474613045,96,False,False
2021-08-02,300432.SZ,343,548,460.2,89.59185230812008,205,False,False
2021-08-02,300433.SZ,88,206,149.0,44.22668877499196,118,False,False
2021-08-02,300442.SZ,9,63,31.6,22.063544592834578,54,True,False
2021-08-02,300450.SZ,29,58,39.6,11.928956366757319,29,False,False
2021-08-02,300454.SZ,67,221,152.0,65.08456038109192,154,False,False
2021-08-02,300458.SZ,601,658,630.0,25.836021365527625,57,False,False
2021-08-02,300474.SZ,335,606,466.8,105.71991297764106,271,False,False
2021-08-02,300476.SZ,300,509,370.4,89.4779302398083,209,False,False
2021-08-02,300487.SZ,128,261,202.6,57.48304097731782,133,False,False
2021-08-02,300496.SZ,54,109,71.4,21.57081361469706,55,False,False
2021-08-02,300498.SZ,73,129,99.0,20.493901531919196,56,False,False
2021-08-02,300502.SZ,674,684,679.4,4.219004621945797,10,False,False
2021-08-02,300558.SZ,282,427,340.2,56.86563109647162,145,False,False
2021-08-02,300567.SZ,593,667,629.4,27.10719461692781,74,False,False
2021-08-02,300570.SZ,76,139,116.4,23.723406163533937,63,False,False
2021-08-02,300604.SZ,294,391,345.4,39.796984810409946,97,False,False
2021-08-02,300623.SZ,268,314,289.6,20.671236053995415,46,False,False
2021-08-02,300627.SZ,214,355,283.4,51.781270745318714,141,False,False
2021-08-02,300628.SZ,202,304,244.8,38.36274234201721,102,False,False
2021-08-02,300661.SZ,112,459,296.8,139.7504919490447,347,False,False
2021-08-02,300676.SZ,281,485,369.8,82.63897385616546,204,False,False
2021-08-02,300677.SZ,530,626,575.8,38.68720718790644,96,False,False
2021-08-02,300679.SZ,71,177,134.4,41.89033301371571,106,False,False
2021-08-02,300699.SZ,210,329,265.2,43.205323746038516,119,False,False
2021-08-02,300718.SZ,35,165,65.8,55.60305746989099,130,False,False
2021-08-02,300724.SZ,172,431,313.0,106.5926826756884,259,False,False
2021-08-02,300735.SZ,194,325,240.6,52.78541465215557,131,False,False
2021-08-02,300748.SZ,86,191,142.6,43.64401448079679,105,False,False
2021-08-02,300750.SZ,148,432,268.2,103.96730255229285,284,False,False
2021-08-02,300751.SZ,92,258,165.0,59.52310475773252,166,False,False
2021-08-02,300757.SZ,176,244,209.8,25.547994050414214,68,False,False
2021-08-02,300759.SZ,240,393,311.8,56.812850658983834,153,False,False
2021-08-02,300760.SZ,142,246,216.8,43.516663475041376,104,False,False
2021-08-02,300763.SZ,213,506,369.6,140.23658581126398,293,False,False
2021-08-02,300803.SZ,5,14,8.6,3.5777087639996634,9,True,True
2021-08-02,300832.SZ,121,202,158.6,31.910813214332222,81,False,False
2021-08-02,300857.SZ,79,299,156.8,97.14010500303158,220,False,False
2021-08-02,300866.SZ,13,39,26.8,9.284395510748128,26,True,False
2021-08-02,300888.SZ,415,567,478.6,67.42625601351449,152,False,False
2021-08-02,300896.SZ,542,650,597.4,46.70974202454987,108,False,False
2021-08-02,300919.SZ,592,654,620.2,28.951683888851782,62,False,False
2021-08-02,300957.SZ,218,295,256.0,30.553232234904378,77,False,False
2021-08-02,300972.SZ,15,75,45.6,23.447814397081874,60,True,False
2021-08-02,300999.SZ,317,455,401.4,61.14981602588842,138,False,False
2021-08-02,302132.SZ,14,60,31.0,20.760539492026695,46,True,False
2021-08-02,600000.SH,607,643,628.0,13.2664991614216,36,False,False
2021-08-02,600004.SH,349,516,427.2,64.66993118907736,167,False,False
2021-08-02,600008.SH,189,318,256.4,50.67346445626152,129,False,False
2021-08-02,600009.SH,373,519,430.4,61.19885619846175,146,False,False
2021-08-02,600010.SH,632,674,655.8,17.469974241537965,42,False,False
2021-08-02,600011.SH,243,360,313.8,43.50517210631398,117,False,False
2021-08-02,600015.SH,641,672,654.2,12.31665539016173,31,False,False
2021-08-02,600016.SH,618,653,642.6,15.093044755780722,35,False,False
2021-08-02,600018.SH,520,642,589.8,53.32166539034579,122,False,False
2021-08-02,600019.SH,222,520,349.0,115.88787684654508,298,False,False
2021-08-02,600021.SH,377,445,408.2,30.50737615725089,68,False,False
2021-08-02,600023.SH,401,578,488.8,75.75420780392334,177,False,False
2021-08-02,600025.SH,550,633,597.8,33.72980877502866,83,False,False
2021-08-02,600026.SH,252,376,313.8,45.68041155681503,124,False,False
2021-08-02,600027.SH,180,331,283.2,59.34812549693545,151,False,False
2021-08-02,600028.SH,224,448,373.0,87.73539764542018,224,False,False
2021-08-02,600029.SH,187,303,247.6,45.307835966861184,116,False,False
2021-08-02,600030.SH,372,486,430.4,43.67264590106718,114,False,False
2021-08-02,600031.SH,261,425,336.2,61.16126224989147,164,False,False
2021-08-02,600032.SH,242,388,307.8,55.580572145309915,146,False,False
2021-08-02,600036.SH,521,633,563.6,44.15653971950248,112,False,False
2021-08-02,600038.SH,94,215,167.6,46.13350192647422,121,False,False
2021-08-02,600039.SH,538,611,578.4,30.956420981760797,73,False,False
2021-08-02,600048.SH,396,579,476.0,67.72370338367506,183,False,False
2021-08-02,600050.SH,545,644,600.8,39.85849972088764,99,False,False
2021-08-02,600060.SH,182,360,312.0,74.00337830126406,178,False,False
2021-08-02,600061.SH,233,436,348.6,72.94038661811439,203,False,False
2021-08-02,600062.SH,314,444,408.8,54.0296215052447,130,False,False
2021-08-02,600066.SH,27,97,61.4,25.274493071078595,70,False,False
2021-08-02,600085.SH,322,579,467.2,94.40974525969233,257,False,False
2021-08-02,600089.SH,666,687,681.2,8.64291617453276,21,False,False
2021-08-02,600095.SH,410,571,487.0,75.97038896833423,161,False,False
2021-08-02,600098.SH,83,208,131.0,48.51288488638869,125,False,False
2021-08-02,600104.SH,301,412,378.4,45.10321496301566,111,False,False
2021-08-02,600109.SH,384,561,476.6,66.94998132934765,177,False,False
2021-08-02,600111.SH,574,675,638.6,46.23094201938784,101,False,False
2021-08-02,600115.SH,126,187,170.8,25.459772190654025,61,False,False
2021-08-02,600118.SH,304,379,334.8,28.40246468178422,75,False,False
2021-08-02,600126.SH,99,207,137.6,43.36242613138707,108,False,False
2021-08-02,600131.SH,225,406,294.4,72.86494355998637,181,False,False
2021-08-02,600132.SH,323,471,405.6,65.40489278333845,148,False,False
2021-08-02,600141.SH,407,603,533.8,76.99805192340908,196,False,False
2021-08-02,600143.SH,358,431,403.0,28.442925306655784,73,False,False
2021-08-02,600150.SH,13,32,21.2,7.429670248402684,19,True,False
2021-08-02,600153.SH,572,601,585.0,11.067971810589327,29,False,False
2021-08-02,600157.SH,119,184,148.8,27.725439581727105,65,False,False
2021-08-02,600160.SH,614,682,656.8,32.29086558146127,68,False,False
2021-08-02,600161.SH,178,319,254.2,50.721790189227356,141,False,False
2021-08-02,600166.SH,568,678,642.8,47.47315030625206,110,False,False
2021-08-02,600170.SH,633,668,646.6,15.533834040570923,35,False,False
2021-08-02,600171.SH,673,686,681.8,5.167204273105526,13,False,False
2021-08-02,600176.SH,651,675,660.6,9.736529155710468,24,False,False
2021-08-02,600177.SH,269,371,330.4,37.66696165076233,102,False,False
2021-08-02,600183.SH,173,296,256.8,51.543185776589326,123,False,False
2021-08-02,600188.SH,232,337,276.6,40.77131344462673,105,False,False
2021-08-02,600196.SH,665,684,676.8,7.259476565152615,19,False,False
2021-08-02,600208.SH,572,610,594.6,15.388307249337075,38,False,False
2021-08-02,600219.SH,507,636,573.6,53.35072633057586,129,False,False
2021-08-02,600233.SH,181,272,236.2,40.57955150072509,91,False,False
2021-08-02,600276.SH,265,417,340.0,55.72701319826857,152,False,False
2021-08-02,600282.SH,149,185,170.4,13.55728586406586,36,False,False
2021-08-02,600295.SH,355,568,457.6,85.54414065264785,213,False,False
2021-08-02,600298.SH,102,153,119.4,20.767763480933617,51,False,False
2021-08-02,600299.SH,310,430,372.6,56.06959960620372,120,False,False
2021-08-02,600309.SH,54,143,89.8,34.62224718298915,89,False,False
2021-08-02,600312.SH,85,146,114.8,24.67184630302321,61,False,False
2021-08-02,600316.SH,684,689,687.6,2.1908902300206647,5,False,False
2021-08-02,600329.SH,94,159,132.6,26.912822222873615,65,False,False
2021-08-02,600332.SH,147,372,220.2,87.75648124212822,225,False,False
2021-08-02,600339.SH,405,492,468.6,37.31353641776668,87,False,False
2021-08-02,600346.SH,389,552,498.6,66.32721914870244,163,False,False
2021-08-02,600348.SH,297,397,342.8,49.9069133487536,100,False,False
2021-08-02,600352.SH,237,298,262.8,23.015212360523638,61,False,False
2021-08-02,600362.SH,625,680,662.2,22.829805080201627,55,False,False
2021-08-02,600363.SH,647,666,659.8,7.496665925596525,19,False,False
2021-08-02,600369.SH,551,612,591.8,24.69210400107694,61,False,False
2021-08-02,600372.SH,102,140,113.6,15.533834040570925,38,False,False
2021-08-02,600377.SH,341,472,427.2,51.823739733832404,131,False,False
2021-08-02,600378.SH,289,514,409.4,81.12213014954673,225,False,False
2021-08-02,600380.SH,11,27,20.2,6.1400325732035,16,True,False
2021-08-02,600390.SH,369,477,415.8,40.307567527698815,108,False,False
2021-08-02,600392.SH,643,676,657.8,14.342245291445828,33,False,False
2021-08-02,600398.SH,278,407,351.6,51.97884184935251,129,False,False
2021-08-02,600406.SH,466,575,513.2,51.29034996956055,109,False,False
2021-08-02,600415.SH,221,364,290.2,51.87677707799512,143,False,False
2021-08-02,600426.SH,522,601,548.4,31.461087075941926,79,False,False
2021-08-02,600435.SH,141,214,164.6,31.165686259089497,73,False,False
2021-08-02,600436.SH,385,559,456.2,68.62725406134213,174,False,False
2021-08-02,600438.SH,514,571,544.8,23.50957251844448,57,False,False
2021-08-02,600460.SH,394,581,482.6,71.10414896474045,187,False,False
2021-08-02,600482.SH,378,555,456.0,66.20800555824046,177,False,False
2021-08-02,600483.SH,448,499,474.2,21.764650238402638,51,False,False
2021-08-02,600486.SH,32,197,110.0,67.30898899849856,165,False,False
2021-08-02,600489.SH,270,349,327.4,32.807011445726054,79,False,False
2021-08-02,600497.SH,349,568,511.8,92.14499443811368,219,False,False
2021-08-02,600498.SH,451,560,496.8,45.762430005409456,109,False,False
2021-08-02,600499.SH,233,363,295.8,48.30320900312939,130,False,False
2021-08-02,600511.SH,397,458,438.8,26.677706048309325,61,False,False
2021-08-02,600515.SH,238,331,299.6,39.157374784323835,93,False,False
2021-08-02,600516.SH,402,583,486.6,65.33988062431703,181,False,False
2021-08-02,600517.SH,208,316,281.6,43.7069788477767,108,False,False
2021-08-02,600519.SH,320,446,382.4,57.08590018559749,126,False,False
2021-08-02,600521.SH,149,274,207.8,44.78504214578792,125,False,False
2021-08-02,600522.SH,227,376,311.4,58.9262250615123,149,False,False
2021-08-02,600535.SH,204,336,294.8,58.281214812321814,132,False,False
2021-08-02,600536.SH,171,433,360.0,109.40292500660117,262,False,False
2021-08-02,600546.SH,87,211,142.4,44.679973142337495,124,False,False
2021-08-02,600547.SH,130,255,180.8,62.95792245619291,125,False,False
2021-08-02,600549.SH,677,689,685.2,4.8166378315169185,12,False,False
2021-08-02,600562.SH,35,115,71.0,32.16364407215078,80,False,False
2021-08-02,600563.SH,116,220,167.8,48.41693918454573,104,False,False
2021-08-02,600566.SH,337,570,457.0,82.75566445869431,233,False,False
2021-08-02,600570.SH,424,567,493.6,52.95564181463577,143,False,False
2021-08-02,600578.SH,385,529,450.8,64.93997228210065,144,False,False
2021-08-02,600582.SH,468,540,505.6,26.894237300953527,72,False,False
2021-08-02,600583.SH,367,574,456.8,74.44931161535344,207,False,False
2021-08-02,600584.SH,435,604,514.0,67.52777206453653,169,False,False
2021-08-02,600585.SH,391,516,454.0,47.471043805671684,125,False,False
2021-08-02,600588.SH,174,389,260.4,79.4185116959516,215,False,False
2021-08-02,600598.SH,223,303,275.0,33.860005906674026,80,False,False
2021-08-02,600600.SH,90,161,129.8,34.535488993208126,71,False,False
2021-08-02,600601.SH,4,6,4.8,0.8366600265340756,2,True,True
2021-08-02,600602.SH,79,271,162.8,72.07773581349514,192,False,False
2021-08-02,600606.SH,232,428,366.6,77.38087619043868,196,False,False
2021-08-02,600637.SH,364,549,468.2,69.64337728743487,185,False,False
2021-08-02,600642.SH,334,479,388.4,57.89041371418933,145,False,False
2021-08-02,600655.SH,106,202,149.4,34.93994848307593,96,False,False
2021-08-02,600660.SH,446,649,533.0,84.15164882520128,203,False,False
2021-08-02,600663.SH,558,647,608.8,36.547229717175554,89,False,False
2021-08-02,600674.SH,347,556,474.0,95.90359742991917,209,False,False
2021-08-02,600685.SH,52,128,77.8,30.03664428660432,76,False,False
2021-08-02,600688.SH,286,480,375.6,71.85262695267306,194,False,False
2021-08-02,600690.SH,104,359,198.8,103.62769899983306,255,False,False
2021-08-02,600699.SH,467,609,540.0,52.05766033928148,142,False,False
2021-08-02,600704.SH,464,535,510.4,27.134848442547085,71,False,False
2021-08-02,600707.SH,358,505,457.4,57.2083909929304,147,False,False
2021-08-02,600737.SH,344,494,437.0,67.32013071882734,150,False,False
2021-08-02,600741.SH,47,53,49.2,2.4899799195977463,6,False,False
2021-08-02,600754.SH,111,227,155.2,44.46571713129116,116,False,False
2021-08-02,600760.SH,586,683,643.6,36.40467003009367,97,False,False
2021-08-02,600763.SH,528,609,563.2,29.337689070545416,81,False,False
2021-08-02,600764.SH,96,191,157.4,42.71182506051456,95,False,False
2021-08-02,600765.SH,294,470,373.2,63.061081500399276,176,False,False
2021-08-02,600795.SH,581,634,599.4,20.156884679930084,53,False,False
2021-08-02,600801.SH,69,114,92.2,16.068602926203635,45,False,False
2021-08-02,600803.SH,181,307,244.0,46.73328578219169,126,False,False
2021-08-02,600808.SH,224,392,306.4,61.16616711875937,168,False,False
2021-08-02,600809.SH,359,504,454.6,68.6061221757942,145,False,False
2021-08-02,600816.SH,341,473,384.6,52.74751178965696,132,False,False
2021-08-02,600820.SH,467,582,515.8,46.37024908279014,115,False,False
2021-08-02,600845.SH,65,311,215.0,95.81492576837911,246,False,False
2021-08-02,600848.SH,83,218,147.6,57.496086823365644,135,False,False
2021-08-02,600862.SH,397,599,524.0,80.2932126645833,202,False,False
2021-08-02,600863.SH,87,182,142.8,36.175958867734245,95,False,False
2021-08-02,600871.SH,619,658,638.6,17.515707236649053,39,False,False
2021-08-02,600873.SH,296,328,310.8,11.966620241321273,32,False,False
2021-08-02,600875.SH,437,464,452.8,10.963576058932597,27,False,False
2021-08-02,600879.SH,91,202,132.4,42.18767592555911,111,False,False
2021-08-02,600884.SH,374,523,446.6,53.63114766625827,149,False,False
2021-08-02,600885.SH,278,399,328.4,44.44434722211589,121,False,False
2021-08-02,600886.SH,533,634,607.6,42.429942257797144,101,False,False
2021-08-02,600887.SH,244,320,284.2,32.01093563143696,76,False,False
2021-08-02,600893.SH,640,672,660.4,12.837445228704969,32,False,False
2021-08-02,600900.SH,470,613,556.2,55.805017695544194,143,False,False
2021-08-02,600901.SH,564,620,591.4,21.314314438892936,56,False,False
2021-08-02,600905.SH,545,670,619.0,49.57822102496216,125,False,False
2021-08-02,600906.SH,618,680,656.4,22.952124084711638,62,False,False
2021-08-02,600909.SH,478,635,548.0,59.173473786824445,157,False,False
2021-08-02,600918.SH,501,597,538.2,41.655731898503475,96,False,False
2021-08-02,600919.SH,481,546,517.2,32.82834141408914,65,False,False
2021-08-02,600926.SH,316,417,370.0,35.91656999213594,101,False,False
2021-08-02,600958.SH,462,548,497.0,32.41913015489465,86,False,False
2021-08-02,600967.SH,22,72,46.4,17.700282483621553,50,False,False
2021-08-02,600968.SH,214,339,289.8,50.454930383462035,125,False,False
2021-08-02,600970.SH,550,608,576.8,22.75302177733762,58,False,False
2021-08-02,600977.SH,205,262,246.4,23.733941939762133,57,False,False
2021-08-02,600985.SH,289,478,362.4,78.39834181919922,189,False,False
2021-08-02,600988.SH,188,281,223.8,41.221353689562406,93,False,False
2021-08-02,600989.SH,340,525,457.8,70.06925145882465,185,False,False
2021-08-02,600995.SH,2,3,2.8,0.4472135954999579,1,True,True
2021-08-02,600998.SH,128,307,204.8,71.58351765595206,179,False,False
2021-08-02,600999.SH,493,586,532.8,37.96314001765396,93,False,False
2021-08-02,601000.SH,468,602,514.4,53.41628965025557,134,False,False
2021-08-02,601001.SH,172,359,259.8,79.58454623857574,187,False,False
2021-08-02,601006.SH,348,508,418.4,61.73572709541859,160,False,False
2021-08-02,601009.SH,559,596,576.4,16.040573555830225,37,False,False
2021-08-02,601012.SH,483,623,545.8,50.96273148095577,140,False,False
2021-08-02,601016.SH,614,679,657.0,26.201145013147805,65,False,False
2021-08-02,601018.SH,422,542,486.8,55.50855789876008,120,False,False
2021-08-02,601019.SH,335,527,444.0,90.69178573608527,192,False,False
2021-08-02,601021.SH,193,220,207.4,12.934450123604018,27,False,False
2021-08-02,601058.SH,35,78,48.8,17.19592975096142,43,False,False
2021-08-02,601066.SH,447,544,503.8,36.60191251833707,97,False,False
2021-08-02,601077.SH,464,514,495.4,20.31748015872047,50,False,False
2021-08-02,601088.SH,573,633,599.6,22.006817125609057,60,False,False
2021-08-02,601098.SH,261,431,364.6,72.0367961530772,170,False,False
2021-08-02,601099.SH,107,187,145.4,35.84410690755177,80,False,False
2021-08-02,601100.SH,377,474,428.0,36.830693721405794,97,False,False
2021-08-02,601106.SH,583,670,638.0,35.58791929854849,87,False,False
2021-08-02,601108.SH,338,402,374.8,23.88932816133598,64,False,False
2021-08-02,601111.SH,186,290,242.2,37.95655411124672,104,False,False
2021-08-02,601117.SH,506,604,569.6,43.99204473538369,98,False,False
2021-08-02,601118.SH,214,428,291.8,84.49378675381996,214,False,False
2021-08-02,601127.SH,360,472,413.6,47.9040708082309,112,False,False
2021-08-02,601128.SH,531,601,556.6,27.915945264310864,70,False,False
2021-08-02,601138.SH,96,153,125.2,23.058620947489466,57,False,False
2021-08-02,601139.SH,201,368,269.6,70.1519778766073,167,False,False
2021-08-02,601155.SH,288,351,318.2,27.499090894064118,63,False,False
2021-08-02,601156.SH,208,380,298.8,70.93095234099144,172,False,False
2021-08-02,601162.SH,365,524,435.2,65.91054543849565,159,False,False
2021-08-02,601166.SH,272,340,304.2,26.252618916976648,68,False,False
2021-08-02,601169.SH,609,637,625.6,10.89954127475097,28,False,False
2021-08-02,601179.SH,418,569,481.8,61.97338138265493,151,False,False
2021-08-02,601186.SH,654,682,665.6,10.4546640309481,28,False,False
2021-08-02,601198.SH,443,603,528.0,59.321159799855565,160,False,False
2021-08-02,601211.SH,569,630,597.2,22.85169577952586,61,False,False
2021-08-02,601212.SH,158,235,197.8,27.887273082895717,77,False,False
2021-08-02,601216.SH,239,383,291.8,65.18972311645449,144,False,False
2021-08-02,601225.SH,420,563,490.0,59.99583318864736,143,False,False
2021-08-02,601228.SH,179,424,279.2,103.30392054515647,245,False,False
2021-08-02,601229.SH,629,659,645.0,12.589678312014172,30,False,False
2021-08-02,601233.SH,546,646,590.6,42.4358339142758,100,False,False
2021-08-02,601236.SH,109,192,154.2,31.507142047478695,83,False,False
2021-08-02,601238.SH,661,681,672.4,7.334848328356898,20,False,False
2021-08-02,601288.SH,620,655,644.0,13.946325680981353,35,False,False
2021-08-02,601298.SH,388,495,454.2,53.8581470160272,107,False,False
2021-08-02,601318.SH,151,334,260.8,69.16429714816742,183,False,False
2021-08-02,601319.SH,345,457,396.4,41.13149644736987,112,False,False
2021-08-02,601328.SH,610,642,631.2,12.457929201917949,32,False,False
2021-08-02,601336.SH,380,464,411.0,32.64965543462902,84,False,False
2021-08-02,601360.SH,445,560,522.2,46.86896627833816,115,False,False
2021-08-02,601377.SH,591,654,618.8,23.036926878383756,63,False,False
2021-08-02,601390.SH,559,642,603.4,29.517791245281213,83,False,False
2021-08-02,601398.SH,646,667,656.2,7.661592523751182,21,False,False
2021-08-02,601399.SH,12,42,28.6,11.480418110852932,30,True,False
2021-08-02,601456.SH,618,668,650.4,20.08233054204616,50,False,False
2021-08-02,601555.SH,476,591,528.2,46.82627467565619,115,False,False
2021-08-02,601567.SH,498,621,569.6,52.12772774637314,123,False,False
2021-08-02,601577.SH,589,617,606.2,12.517987058628874,28,False,False
2021-08-02,601598.SH,126,224,175.0,36.857834987964225,98,False,False
2021-08-02,601600.SH,615,646,634.2,11.903780911962384,31,False,False
2021-08-02,601601.SH,303,383,344.6,37.580580091318446,80,False,False
2021-08-02,601607.SH,47,65,56.0,7.483314773547883,18,False,False
2021-08-02,601608.SH,305,495,402.8,72.02221879392498,190,False,False
2021-08-02,601611.SH,400,530,468.2,49.01224336836664,130,False,False
2021-08-02,601615.SH,585,666,634.6,32.02030605725061,81,False,False
2021-08-02,601618.SH,673,681,677.6,3.5777087639996634,8,False,False
2021-08-02,601628.SH,421,514,476.6,36.198066246693344,93,False,False
2021-08-02,601633.SH,289,471,354.6,68.51496186965296,182,False,False
2021-08-02,601658.SH,401,486,427.6,34.355494465951146,85,False,False
2021-08-02,601665.SH,651,677,667.6,10.430723848324238,26,False,False
2021-08-02,601666.SH,210,329,262.4,48.8702363407422,119,False,False
2021-08-02,601668.SH,592,635,619.6,16.410362579784763,43,False,False
2021-08-02,601669.SH,585,649,620.4,27.64597619907823,64,False,False
2021-08-02,601688.SH,596,619,607.8,10.134100848126586,23,False,False
2021-08-02,601689.SH,406,548,478.4,68.81351611420536,142,False,False
2021-08-02,601696.SH,524,594,569.0,30.757112998459398,70,False,False
2021-08-02,601698.SH,74,108,87.0,12.884098726725126,34,False,False
2021-08-02,601699.SH,317,412,350.4,38.47466699011182,95,False,False
2021-08-02,601717.SH,16,63,47.4,19.37266114915553,47,True,False
2021-08-02,601766.SH,433,532,481.4,35.962480448378415,99,False,False
2021-08-02,601788.SH,537,617,579.6,31.793081008294873,80,False,False
2021-08-02,601799.SH,78,257,167.8,70.29722611881638,179,False,False
2021-08-02,601800.SH,583,643,624.0,24.072806234421446,60,False,False
2021-08-02,601808.SH,217,323,260.4,39.94120679198364,106,False,False
2021-08-02,601816.SH,487,638,581.4,57.387280820753304,151,False,False
2021-08-02,601818.SH,620,648,634.6,10.08959860450355,28,False,False
2021-08-02,601838.SH,447,512,484.2,25.46958971008367,65,False,False
2021-08-02,601857.SH,288,462,384.0,67.09321873334144,174,False,False
2021-08-02,601865.SH,285,366,312.8,36.56090808500248,81,False,False
2021-08-02,601866.SH,523,612,570.0,40.41658075592244,89,False,False
2021-08-02,601872.SH,157,438,295.0,103.90139556329356,281,False,False
2021-08-02,601877.SH,382,619,511.4,90.70997740050429,237,False,False
2021-08-02,601878.SH,381,464,411.2,31.854356060043028,83,False,False
2021-08-02,601880.SH,324,527,461.8,85.94591322453907,203,False,False
2021-08-02,601881.SH,473,555,514.4,36.68514685809504,82,False,False
2021-08-02,601888.SH,302,513,405.6,81.0697230783478,211,False,False
2021-08-02,601898.SH,384,582,505.2,92.23719423312917,198,False,False
2021-08-02,601899.SH,98,273,214.8,68.18870874272368,175,False,False
2021-08-02,601901.SH,552,656,615.2,39.93369504566288,104,False,False
2021-08-02,601916.SH,387,494,441.6,43.17754045797421,107,False,False
2021-08-02,601919.SH,404,496,444.6,38.22041339389201,92,False,False
2021-08-02,601928.SH,286,473,381.6,73.49353713082532,187,False,False
2021-08-02,601939.SH,545,621,580.0,33.36914742692717,76,False,False
2021-08-02,601958.SH,557,630,588.2,34.61502563916427,73,False,False
2021-08-02,601966.SH,77,219,154.0,51.97114584074513,142,False,False
2021-08-02,601985.SH,505,612,551.2,41.42704430682932,107,False,False
2021-08-02,601988.SH,667,677,670.6,3.847076812334269,10,False,False
2021-08-02,601990.SH,480,589,538.8,48.14249681933831,109,False,False
2021-08-02,601991.SH,385,481,440.2,38.225645841502796,96,False,False
2021-08-02,601995.SH,388,512,470.4,55.37869626489955,124,False,False
2021-08-02,601997.SH,630,663,647.6,13.758633653092156,33,False,False
2021-08-02,601998.SH,569,626,608.8,22.774986278810356,57,False,False
2021-08-02,603000.SH,204,373,284.2,64.31718277412344,169,False,False
2021-08-02,603019.SH,429,543,485.0,46.54030511288038,114,False,False
2021-08-02,603077.SH,300,407,359.8,40.04622329259028,107,False,False
2021-08-02,603087.SH,343,437,393.2,33.46938899950222,94,False,False
2021-08-02,603129.SH,24,77,51.2,18.939376969689366,53,False,False
2021-08-02,603156.SH,529,580,560.4,19.346834366376324,51,False,False
2021-08-02,603160.SH,135,232,191.0,35.12121865767189,97,False,False
2021-08-02,603179.SH,17,42,26.0,10.51189802081432,25,True,False
2021-08-02,603225.SH,34,108,62.4,28.50087717948344,74,False,False
2021-08-02,603233.SH,27,55,38.0,10.36822067666386,28,False,False
2021-08-02,603259.SH,95,195,139.6,50.998039177991934,100,False,False
2021-08-02,603260.SH,72,173,121.8,38.62253228362946,101,False,False
2021-08-02,603288.SH,460,585,542.8,51.085222912306065,125,False,False
2021-08-02,603290.SH,81,195,144.4,46.2957881453594,114,False,False
2021-08-02,603298.SH,45,137,101.4,37.10525569242179,92,False,False
2021-08-02,603338.SH,477,615,522.4,53.43032846614365,138,False,False
2021-08-02,603345.SH,196,329,265.0,49.472214423856144,133,False,False
2021-08-02,603369.SH,184,278,211.0,39.06404996924922,94,False,False
2021-08-02,603379.SH,369,554,458.6,66.01742194299926,185,False,False
2021-08-02,603392.SH,53,196,101.6,57.95084123634445,143,False,False
2021-08-02,603444.SH,90,138,110.4,22.52332124709853,48,False,False
2021-08-02,603486.SH,10,27,15.6,7.956129712366434,17,True,False
2021-08-02,603501.SH,24,110,58.8,31.71277345171816,86,False,False
2021-08-02,603529.SH,205,534,393.2,131.53972783915893,329,False,False
2021-08-02,603565.SH,41,154,89.8,48.90500996830488,113,False,False
2021-08-02,603568.SH,107,284,163.4,69.32027120547063,177,False,False
2021-08-02,603589.SH,443,557,505.2,54.12670320645808,114,False,False
2021-08-02,603596.SH,165,276,233.2,44.41508752665022,111,False,False
2021-08-02,603605.SH,28,65,48.2,16.724233913695418,37,False,False
2021-08-02,603606.SH,43,83,69.0,15.763882770434446,40,False,False
2021-08-02,603650.SH,56,93,75.4,14.010710188994704,37,False,False
2021-08-02,603658.SH,109,152,135.4,16.861198059449986,43,False,False
2021-08-02,603659.SH,34,58,43.8,9.549869109050658,24,False,False
2021-08-02,603688.SH,70,187,115.4,50.59940711115102,117,False,False
2021-08-02,603699.SH,122,188,160.0,26.5329983228432,66,False,False
2021-08-02,603728.SH,7,20,13.4,5.594640292279746,13,True,False
2021-08-02,603737.SH,425,570,499.4,55.80591366513051,145,False,False
2021-08-02,603766.SH,22,82,51.4,21.881499034572563,60,False,False
2021-08-02,603786.SH,4,11,7.6,2.701851217221259,7,True,True
2021-08-02,603799.SH,195,346,246.0,60.749485594529936,151,False,False
2021-08-02,603806.SH,506,570,542.0,23.526580712037184,64,False,False
2021-08-02,603816.SH,19,39,26.6,8.905054744357274,20,True,False
2021-08-02,603833.SH,191,456,292.4,107.18348753422795,265,False,False
2021-08-02,603858.SH,32,84,54.4,18.76965636339675,52,False,False
2021-08-02,603885.SH,65,208,153.8,53.237205035576395,143,False,False
2021-08-02,603893.SH,128,343,227.2,87.27943629515488,215,False,False
2021-08-02,603899.SH,219,409,303.4,79.55689787818527,190,False,False
2021-08-02,603920.SH,24,57,43.2,14.060583202698243,33,False,False
2021-08-02,603939.SH,25,44,35.2,7.791020472312981,19,False,False
2021-08-02,603979.SH,194,458,288.0,101.90927337588076,264,False,False
2021-08-02,603986.SH,264,455,359.4,87.73425784720584,191,False,False
2021-08-02,603993.SH,276,507,404.8,89.33196516365237,231,False,False
2021-08-02,605117.SH,93,253,170.4,59.5214247141313,160,False,False
2021-08-02,605358.SH,569,643,605.2,28.986203614823378,74,False,False
2021-08-02,605499.SH,186,269,242.8,32.599079741612336,83,False,False
2021-08-02,688002.SH,177,217,198.6,18.46076921474292,40,False,False
2021-08-02,688008.SH,551,624,596.2,29.380265485526163,73,False,False
2021-08-02,688009.SH,120,166,140.6,20.489021450523204,46,False,False
2021-08-02,688012.SH,450,570,516.6,48.19543546851714,120,False,False
2021-08-02,688017.SH,118,221,163.8,37.71869562962113,103,False,False
2021-08-02,688018.SH,87,146,121.8,23.89979079406345,59,False,False
2021-08-02,688019.SH,110,283,205.4,67.35948337094044,173,False,False
2021-08-02,688027.SH,166,358,244.6,70.4329468359801,192,False,False
2021-08-02,688036.SH,17,68,42.0,19.27433526739638,51,True,False
2021-08-02,688037.SH,287,458,387.6,79.70131742951304,171,False,False
2021-08-02,688065.SH,7,29,14.8,8.438009243891594,22,True,False
2021-08-02,688099.SH,90,142,120.4,22.23285856564558,52,False,False
2021-08-02,688111.SH,88,174,122.6,33.04239700748116,86,False,False
2021-08-02,688122.SH,52,141,93.4,43.775563959816665,89,False,False
2021-08-02,688126.SH,476,609,535.2,51.89123240008855,133,False,False
2021-08-02,688166.SH,69,132,106.4,26.463181970428273,63,False,False
2021-08-02,688169.SH,131,213,175.6,35.28172331391991,82,False,False
2021-08-02,688180.SH,465,617,569.2,60.23869188486749,152,False,False
2021-08-02,688183.SH,46,117,94.6,28.875595231960155,71,False,False
2021-08-02,688188.SH,95,225,151.4,53.54717546239017,130,False,False
2021-08-02,688256.SH,151,449,335.6,125.96745611466478,298,False,False
2021-08-02,688266.SH,59,136,99.4,35.08988458231232,77,False,False
2021-08-02,688278.SH,4,12,6.4,3.2093613071762426,8,True,True
2021-08-02,688301.SH,127,305,243.4,67.85867667439442,178,False,False
2021-08-02,688303.SH,197,391,297.2,84.20926314842092,194,False,False
2021-08-02,688318.SH,93,220,152.2,51.124358186680446,127,False,False
2021-08-02,688336.SH,160,377,262.8,82.32678786397535,217,False,False
2021-08-02,688363.SH,310,525,429.0,82.91863481751253,215,False,False
2021-08-02,688396.SH,584,650,618.4,27.079512551004314,66,False,False
2021-08-02,688425.SH,290,547,414.6,92.63260764979036,257,False,False
2021-08-02,688520.SH,293,526,412.6,94.12119846240803,233,False,False
2021-08-02,688538.SH,25,71,49.6,17.994443586840912,46,False,False
2021-08-02,688561.SH,241,317,275.2,29.68501305372797,76,False,False
2021-08-02,688568.SH,26,68,40.2,16.17714437099453,42,False,False
2021-08-02,688578.SH,71,209,152.0,57.50217387195027,138,False,False
2021-08-02,688599.SH,643,684,670.0,16.30950643030009,41,False,False
2021-08-02,688608.SH,15,37,25.0,9.273618495495704,22,True,False
2021-08-02,688617.SH,115,267,181.2,65.0092301138846,152,False,False
2021-08-02,688676.SH,339,515,413.6,75.93615739553853,176,False,False
2021-08-02,688777.SH,179,384,301.0,76.42970626660814,205,False,False
2021-08-02,688819.SH,480,663,606.8,73.67971226871072,183,False,False
2021-08-02,688981.SH,607,669,649.6,25.549951076274102,62,False,False
2021-08-02,689009.SH,111,225,157.6,44.65198763773008,114,False,False
2021-08-30,000001.SZ,346,516,455.6,64.24406587382215,170,False,False
2021-08-30,000002.SZ,284,493,393.4,92.52729327068852,209,False,False
2021-08-30,000009.SZ,27,111,60.2,33.04088376542008,84,False,False
2021-08-30,000021.SZ,284,435,365.6,68.55144053920384,151,False,False
2021-08-30,000027.SZ,251,398,326.0,57.1620503481112,147,False,False
2021-08-30,000032.SZ,49,216,131.2,65.88398895027532,167,False,False
2021-08-30,000034.SZ,131,344,236.4,105.30099714627588,213,False,False
2021-08-30,000039.SZ,198,319,251.6,45.340930735925575,121,False,False
2021-08-30,000050.SZ,435,559,520.2,50.08692444141485,124,False,False
2021-08-30,000060.SZ,578,586,583.2,3.1144823004794873,8,False,False
2021-08-30,000062.SZ,75,271,183.2,85.11286624241954,196,False,False
2021-08-30,000063.SZ,252,421,347.0,63.43500610861482,169,False,False
2021-08-30,000088.SZ,335,439,390.8,50.96273148095577,104,False,False
2021-08-30,000100.SZ,244,389,314.6,54.5875443668242,145,False,False
2021-08-30,000155.SZ,142,248,195.8,47.47315030625206,106,False,False
2021-08-30,000157.SZ,264,414,320.4,63.33482454384791,150,False,False
2021-08-30,000166.SZ,590,685,643.4,44.42746898035043,95,False,False
2021-08-30,000301.SZ,238,336,275.8,36.48561360317242,98,False,False
2021-08-30,000333.SZ,157,252,194.8,43.83719881561777,95,False,False
2021-08-30,000338.SZ,241,515,400.4,107.20447751843204,274,False,False
2021-08-30,000400.SZ,463,630,554.4,74.50033556971405,167,False,False
2021-08-30,000408.SZ,101,325,199.2,96.9984535959208,224,False,False
2021-08-30,000415.SZ,219,444,310.6,86.92985678120033,225,False,False
2021-08-30,000423.SZ,270,441,332.0,74.5385806143369,171,False,False
2021-08-30,000425.SZ,114,294,203.2,68.2107029724808,180,False,False
2021-08-30,000429.SZ,466,588,542.6,47.273671319244926,122,False,False
2021-08-30,000513.SZ,133,194,160.2,25.781776509775273,61,False,False
2021-08-30,000519.SZ,556,655,613.8,36.065218701679875,99,False,False
2021-08-30,000528.SZ,133,392,274.8,130.8078743807115,259,False,False
2021-08-30,000537.SZ,361,584,474.4,91.80032679680394,223,False,False
2021-08-30,000538.SZ,235,546,387.2,114.25716607723123,311,False,False
2021-08-30,000539.SZ,209,290,251.6,36.81439935677343,81,False,False
2021-08-30,000559.SZ,42,188,109.4,59.513023784714555,146,False,False
2021-08-30,000568.SZ,252,535,416.6,118.56348510397288,283,False,False
2021-08-30,000582.SZ,474,610,524.0,52.01442107723588,136,False,False
2021-08-30,000591.SZ,486,662,606.4,70.89640329382021,176,False,False
2021-08-30,000596.SZ,109,234,171.8,50.88909509904848,125,False,False
2021-08-30,000598.SZ,391,524,465.0,56.85068161420758,133,False,False
2021-08-30,000617.SZ,568,603,588.8,16.13071604114337,35,False,False
2021-08-30,000623.SZ,504,568,533.0,28.416544476765644,64,False,False
2021-08-30,000625.SZ,220,373,301.4,63.86939799309212,153,False,False
2021-08-30,000629.SZ,294,485,412.4,73.39822886146504,191,False,False
2021-08-30,000630.SZ,538,645,606.2,41.105960638330785,107,False,False
2021-08-30,000651.SZ,161,352,229.6,74.77499582079561,191,False,False
2021-08-30,000657.SZ,114,246,198.6,51.110664249254285,132,False,False
2021-08-30,000661.SZ,519,572,546.0,20.334699407662754,53,False,False
2021-08-30,000683.SZ,121,292,181.6,68.8498366011133,171,False,False
2021-08-30,000703.SZ,390,526,455.6,52.690606373432445,136,False,False
2021-08-30,000708.SZ,249,488,363.2,107.85963100252106,239,False,False
2021-08-30,000709.SZ,428,632,560.0,82.38021607157874,204,False,False
2021-08-30,000723.SZ,186,227,205.2,18.349386910739007,41,False,False
2021-08-30,000725.SZ,257,433,314.8,68.19604094080536,176,False,False
2021-08-30,000728.SZ,627,670,644.0,17.7341478509682,43,False,False
2021-08-30,000729.SZ,248,412,306.6,66.48533672923678,164,False,False
2021-08-30,000733.SZ,59,126,104.0,26.457513110645905,67,False,False
2021-08-30,000738.SZ,104,197,154.6,39.90363391973217,93,False,False
2021-08-30,000739.SZ,18,52,35.0,15.033296378372908,34,True,False
2021-08-30,000750.SZ,467,641,562.2,87.4568465015747,174,False,False
2021-08-30,000768.SZ,565,642,599.8,35.10982768399754,77,False,False
2021-08-30,000776.SZ,689,693,691.0,1.5811388300841898,4,False,False
2021-08-30,000783.SZ,671,693,684.4,8.173126696681019,22,False,False
2021-08-30,000785.SZ,318,411,360.4,42.46527993549554,93,False,False
2021-08-30,000786.SZ,185,658,408.2,171.4823606088976,473,False,False
2021-08-30,000792.SZ,379,468,419.0,37.71604433129222,89,False,False
2021-08-30,000807.SZ,122,305,180.6,72.17548060110164,183,False,False
2021-08-30,000825.SZ,311,468,415.4,66.01742194299926,157,False,False
2021-08-30,000830.SZ,163,327,253.2,60.849815118864576,164,False,False
2021-08-30,000831.SZ,446,591,530.8,58.97202726717134,145,False,False
2021-08-30,000858.SZ,167,305,230.6,55.66237508407273,138,False,False
2021-08-30,000878.SZ,527,655,606.8,50.24639290536187,128,False,False
2021-08-30,000883.SZ,407,575,508.6,67.10663156499513,168,False,False
2021-08-30,000887.SZ,21,88,45.8,28.464012366495346,67,False,False
2021-08-30,000893.SZ,92,279,181.0,74.05065833603372,187,False,False
2021-08-30,000895.SZ,511,637,561.0,52.426138518872435,126,False,False
2021-08-30,000898.SZ,320,607,439.2,142.3716966254178,287,False,False
2021-08-30,000921.SZ,1,51,16.4,20.194058532152468,50,True,True
2021-08-30,000932.SZ,251,480,373.4,92.92631489518995,229,False,False
2021-08-30,000937.SZ,208,324,268.2,45.58727892734989,116,False,False
2021-08-30,000938.SZ,77,376,237.6,136.0782862913845,299,False,False
2021-08-30,000951.SZ,178,350,297.6,70.59957506954274,172,False,False
2021-08-30,000959.SZ,357,515,456.0,60.72067193304106,158,False,False
2021-08-30,000960.SZ,428,610,509.8,81.30928606254024,182,False,False
2021-08-30,000963.SZ,642,687,666.0,19.06567596493762,45,False,False
2021-08-30,000967.SZ,385,510,444.2,45.16857314549575,125,False,False
2021-08-30,000975.SZ,146,253,197.6,38.79819583434261,107,False,False
2021-08-30,000977.SZ,399,612,509.4,77.91854721438278,213,False,False
2021-08-30,000983.SZ,319,537,420.4,98.78663877265994,218,False,False
2021-08-30,000987.SZ,466,553,520.4,34.717430780517155,87,False,False
2021-08-30,000997.SZ,194,425,275.6,92.2024945432606,231,False,False
2021-08-30,000999.SZ,316,551,442.8,91.11366527585201,235,False,False
2021-08-30,001696.SZ,193,314,261.4,59.16333323943133,121,False,False
2021-08-30,001965.SZ,515,620,568.6,42.32965863316169,105,False,False
2021-08-30,001979.SZ,260,544,435.8,123.72226962030724,284,False,False
2021-08-30,002001.SZ,476,632,577.8,60.69761115562951,156,False,False
2021-08-30,002007.SZ,416,534,450.6,48.95712409854158,118,False,False
2021-08-30,002008.SZ,229,293,256.4,33.01969109486035,64,False,False
2021-08-30,002025.SZ,31,124,64.4,36.827978494617376,93,False,False
2021-08-30,002027.SZ,348,544,442.2,79.61909318750119,196,False,False
2021-08-30,002028.SZ,382,519,467.8,63.88035691822644,137,False,False
2021-08-30,002032.SZ,61,246,150.0,71.773950706367,185,False,False
2021-08-30,002044.SZ,261,482,402.4,91.08951641105577,221,False,False
2021-08-30,002049.SZ,228,458,339.4,89.89605108123493,230,False,False
2021-08-30,002050.SZ,21,58,42.0,15.215124054702938,37,False,False
2021-08-30,002056.SZ,141,287,196.4,54.54172714537008,146,False,False
2021-08-30,002064.SZ,287,349,313.0,23.526580712037184,62,False,False
2021-08-30,002065.SZ,289,424,347.6,51.58294291720859,135,False,False
2021-08-30,002074.SZ,238,553,418.0,119.99583326099285,315,False,False
2021-08-30,002078.SZ,286,592,399.6,115.96680559539442,306,False,False
2021-08-30,002085.SZ,94,417,259.8,144.75738323139169,323,False,False
2021-08-30,002120.SZ,109,407,285.2,130.0161528426372,298,False,False
2021-08-30,002126.SZ,18,117,71.2,39.30267166491357,99,True,False
2021-08-30,002130.SZ,384,443,409.0,21.965882636488796,59,False,False
2021-08-30,002131.SZ,258,506,415.8,106.94017018875554,248,False,False
2021-08-30,002138.SZ,75,138,111.4,26.500943379434627,63,False,False
2021-08-30,002142.SZ,198,391,307.6,83.93032824909004,193,False,False
2021-08-30,002152.SZ,87,275,165.2,79.2666386318986,188,False,False
2021-08-30,002153.SZ,42,95,61.0,20.65187642806338,53,False,False
2021-08-30,002155.SZ,612,695,659.8,33.38712326631332,83,False,False
2021-08-30,002157.SZ,206,470,334.0,118.29623831720095,264,False,False
2021-08-30,002179.SZ,13,48,23.6,14.570518178843194,35,True,False
2021-08-30,002185.SZ,153,368,259.4,77.15115034787233,215,False,False
2021-08-30,002195.SZ,427,530,471.8,41.039005835911766,103,False,False
2021-08-30,002202.SZ,385,555,483.0,64.85368146836385,170,False,False
2021-08-30,002203.SZ,512,652,599.8,58.26405409856063,140,False,False
2021-08-30,002223.SZ,91,200,164.4,47.125364720074046,109,False,False
2021-08-30,002230.SZ,249,411,309.2,61.02622387138172,162,False,False
2021-08-30,002236.SZ,185,463,330.4,134.92887015016467,278,False,False
2021-08-30,002241.SZ,62,160,113.2,39.95872870850623,98,False,False
2021-08-30,002244.SZ,508,585,539.6,30.435177016077958,77,False,False
2021-08-30,002252.SZ,269,368,305.8,41.20922226880774,99,False,False
2021-08-30,002261.SZ,132,340,220.6,77.93779570914229,208,False,False
2021-08-30,002262.SZ,77,127,99.2,21.77613372479146,50,False,False
2021-08-30,002265.SZ,40,233,105.8,83.27184398102398,193,False,False
2021-08-30,002266.SZ,172,365,294.8,75.93220660562947,193,False,False
2021-08-30,002271.SZ,123,220,171.4,43.512067291729544,97,False,False
2021-08-30,002273.SZ,472,612,520.6,53.48644688142969,140,False,False
2021-08-30,002281.SZ,154,362,276.0,84.5931439302264,208,False,False
2021-08-30,002299.SZ,74,227,156.2,67.78421645191453,153,False,False
2021-08-30,002304.SZ,266,443,341.6,75.57314337778998,177,False,False
2021-08-30,002311.SZ,221,348,278.6,50.94408699741315,127,False,False
2021-08-30,002312.SZ,171,319,233.6,53.645130254292425,148,False,False
2021-08-30,002318.SZ,44,171,95.2,49.575195410608316,127,False,False
2021-08-30,002335.SZ,94,384,228.6,126.12216300079857,290,False,False
2021-08-30,002340.SZ,435,627,505.2,78.38494753458727,192,False,False
2021-08-30,002352.SZ,273,381,324.0,49.31531202375181,108,False,False
2021-08-30,002353.SZ,169,217,203.6,19.590814173994914,48,False,False
2021-08-30,002371.SZ,97,163,136.8,28.91712295509358,66,False,False
2021-08-30,002384.SZ,194,377,288.6,83.97201914923804,183,False,False
2021-08-30,002402.SZ,53,105,74.0,24.1039415863879,52,False,False
2021-08-30,002409.SZ,280,608,428.8,163.6190697932243,328,False,False
2021-08-30,002410.SZ,42,79,54.2,16.66433316997713,37,False,False
2021-08-30,002414.SZ,511,615,561.4,43.34512660034574,104,False,False
2021-08-30,002415.SZ,58,184,114.8,50.011998560345496,126,False,False
2021-08-30,002422.SZ,83,192,142.6,40.37697363597228,109,False,False
2021-08-30,002423.SZ,454,533,508.4,31.117519181322923,79,False,False
2021-08-30,002429.SZ,140,266,223.2,51.16346352623129,126,False,False
2021-08-30,002430.SZ,53,249,140.0,81.51073548925933,196,False,False
2021-08-30,002432.SZ,64,250,134.6,71.04083332844569,186,False,False
2021-08-30,002436.SZ,212,272,247.0,25.903667693977237,60,False,False
2021-08-30,002444.SZ,84,176,128.8,32.94237392781522,92,False,False
2021-08-30,002460.SZ,539,639,586.0,40.614036982304526,100,False,False
2021-08-30,002461.SZ,80,208,130.2,51.90568369648935,128,False,False
2021-08-30,002463.SZ,280,552,457.4,114.68565734214545,272,False,False
2021-08-30,002465.SZ,313,447,379.2,54.435282675852804,134,False,False
2021-08-30,002466.SZ,11,107,64.2,35.14541221838207,96,True,False
2021-08-30,002472.SZ,18,91,59.8,30.34303874037668,73,True,False
2021-08-30,002475.SZ,177,195,185.2,7.19027120489902,18,False,False
2021-08-30,002493.SZ,317,402,364.0,36.30426972134269,85,False,False
2021-08-30,002500.SZ,479,592,541.2,44.35312841277377,113,False,False
2021-08-30,002508.SZ,15,50,35.4,12.77888884058391,35,True,False
2021-08-30,002517.SZ,100,154,119.4,21.99545407578575,54,False,False
2021-08-30,002532.SZ,199,419,315.0,95.42274362016636,220,False,False
2021-08-30,002558.SZ,302,591,507.4,117.67455119948409,289,False,False
2021-08-30,002568.SZ,154,316,233.6,67.19598202273704,162,False,False
2021-08-30,002583.SZ,77,243,128.4,68.76990620903884,166,False,False
2021-08-30,002594.SZ,237,495,388.8,103.69763738870815,258,False,False
2021-08-30,002600.SZ,401,630,524.6,87.70005701252423,229,False,False
2021-08-30,002601.SZ,240,547,396.8,145.43624032544295,307,False,False
2021-08-30,002603.SZ,215,390,314.6,72.517584074485,175,False,False
2021-08-30,002608.SZ,471,598,538.2,48.34976732105337,127,False,False
2021-08-30,002624.SZ,422,549,476.8,48.2047715480532,127,False,False
2021-08-30,002625.SZ,538,653,582.0,42.924352062669506,115,False,False
2021-08-30,002648.SZ,98,179,155.0,32.72613634390714,81,False,False
2021-08-30,002670.SZ,241,601,445.0,130.62924634246346,360,False,False
2021-08-30,002673.SZ,440,490,470.4,21.10213259365034,50,False,False
2021-08-30,002683.SZ,245,491,353.8,93.87864506904644,246,False,False
2021-08-30,002709.SZ,126,372,284.6,94.89625914650166,246,False,False
2021-08-30,002714.SZ,167,256,198.8,34.679965397906614,89,False,False
2021-08-30,002736.SZ,527,623,586.4,37.010809231898726,96,False,False
2021-08-30,002738.SZ,13,165,64.6,61.715476178994194,152,True,False
2021-08-30,002739.SZ,231,335,268.4,39.87856567129766,104,False,False
2021-08-30,002756.SZ,392,603,503.6,92.68926582943679,211,False,False
2021-08-30,002773.SZ,188,325,269.2,63.35376863297084,137,False,False
2021-08-30,002797.SZ,447,618,528.6,74.68132296632136,171,False,False
2021-08-30,002821.SZ,45,119,82.2,34.43399483069021,74,False,False
2021-08-30,002831.SZ,155,417,233.6,107.56068054823751,262,False,False
2021-08-30,002837.SZ,76,184,128.0,44.883181705400524,108,False,False
2021-08-30,002841.SZ,36,79,56.4,17.812916661793487,43,False,False
2021-08-30,002850.SZ,9,38,21.8,10.756393447619885,29,True,False
2021-08-30,002851.SZ,130,238,187.4,44.139551424997514,108,False,False
2021-08-30,002916.SZ,141,412,233.6,108.68900588375992,271,False,False
2021-08-30,002920.SZ,28,243,112.8,90.6901317674641,215,False,False
2021-08-30,002926.SZ,558,652,613.0,40.681691213615984,94,False,False
2021-08-30,002938.SZ,409,498,446.2,38.04865306420189,89,False,False
2021-08-30,002939.SZ,522,631,590.2,48.16326400899341,109,False,False
2021-08-30,002945.SZ,497,609,561.6,47.35820942561068,112,False,False
2021-08-30,002966.SZ,634,668,647.8,13.330416347586446,34,False,False
2021-08-30,002984.SZ,5,33,14.0,11.811011811017716,28,True,True
2021-08-30,003021.SZ,20,102,50.6,30.907927785602194,82,True,False
2021-08-30,003022.SZ,83,182,122.6,38.01710141502111,99,False,False
2021-08-30,003031.SZ,2,11,4.4,3.7815340802378077,9,True,True
2021-08-30,003035.SZ,109,232,145.0,51.74456493198102,123,False,False
2021-08-30,003816.SZ,572,618,604.6,18.528356645962965,46,False,False
2021-08-30,300001.SZ,306,443,389.2,54.9563463123232,137,False,False
2021-08-30,300002.SZ,89,357,186.6,105.62812125565804,268,False,False
2021-08-30,300003.SZ,560,681,621.2,55.233142224573825,121,False,False
2021-08-30,300012.SZ,25,106,50.4,33.35116189880047,81,False,False
2021-08-30,300014.SZ,10,38,27.6,11.282730166054668,28,True,False
2021-08-30,300015.SZ,82,176,109.8,39.75172952212268,94,False,False
2021-08-30,300017.SZ,190,303,237.8,48.14249681933831,113,False,False
2021-08-30,300024.SZ,131,334,216.8,81.86085755719886,203,False,False
2021-08-30,300033.SZ,139,432,338.6,118.03092815020986,293,False,False
2021-08-30,300037.SZ,115,297,209.6,81.99268260033939,182,False,False
2021-08-30,300054.SZ,226,514,387.0,108.79338215167317,288,False,False
2021-08-30,300058.SZ,86,224,158.2,67.37358532837628,138,False,False
2021-08-30,300059.SZ,177,372,283.6,75.2515780565431,195,False,False
2021-08-30,300073.SZ,376,494,448.0,58.33095233235953,118,False,False
2021-08-30,300100.SZ,34,106,53.8,30.417100453527784,72,False,False
2021-08-30,300115.SZ,97,301,169.8,83.61638595395044,204,False,False
2021-08-30,300122.SZ,65,73,69.0,3.391164991562634,8,False,False
2021-08-30,300124.SZ,153,271,203.8,60.573921781571975,118,False,False
2021-08-30,300136.SZ,251,366,312.4,53.854433429384436,115,False,False
2021-08-30,300140.SZ,208,410,298.4,88.47202947824809,202,False,False
2021-08-30,300142.SZ,397,583,471.4,73.2959753328926,186,False,False
2021-08-30,300144.SZ,315,544,465.0,91.43303560529968,229,False,False
2021-08-30,300146.SZ,82,206,128.6,47.56889740155851,124,False,False
2021-08-30,300207.SZ,349,605,476.0,112.196256622046,256,False,False
2021-08-30,300223.SZ,128,277,200.6,68.90790956051417,149,False,False
2021-08-30,300251.SZ,386,507,441.4,44.59035770208622,121,False,False
2021-08-30,300274.SZ,91,437,236.0,132.0,346,False,False
2021-08-30,300285.SZ,32,129,60.4,39.77813469734346,97,False,False
2021-08-30,300308.SZ,84,256,154.2,62.56356767320738,172,False,False
2021-08-30,300316.SZ,15,33,27.4,7.092249290598858,18,True,False
2021-08-30,300339.SZ,584,690,639.8,41.49939758598912,106,False,False
2021-08-30,300346.SZ,31,86,60.8,19.639246421387966,55,False,False
2021-08-30,300373.SZ,217,374,291.8,67.06489394608776,157,False,False
2021-08-30,300383.SZ,255,335,284.0,32.49615361854384,80,False,False
2021-08-30,300390.SZ,94,165,135.6,25.92874852359828,71,False,False
2021-08-30,300394.SZ,472,682,553.0,89.39798655450804,210,False,False
2021-08-30,300395.SZ,71,180,135.4,45.96520423102675,109,False,False
2021-08-30,300408.SZ,199,327,266.2,58.26405409856063,128,False,False
2021-08-30,300413.SZ,51,159,114.4,45.053301765797364,108,False,False
2021-08-30,300418.SZ,431,581,511.6,66.05906448020589,150,False,False
2021-08-30,300432.SZ,191,414,268.0,94.601797023101,223,False,False
2021-08-30,300433.SZ,285,433,381.4,57.29136060524309,148,False,False
2021-08-30,300442.SZ,2,11,6.4,3.5071355833500366,9,True,True
2021-08-30,300450.SZ,48,222,112.8,67.6513118867624,174,False,False
2021-08-30,300454.SZ,78,157,112.0,31.78049716414141,79,False,False
2021-08-30,300458.SZ,222,307,269.0,32.901367752724205,85,False,False
2021-08-30,300474.SZ,432,565,491.0,55.31274717458897,133,False,False
2021-08-30,300476.SZ,28,129,83.4,39.5006329063219,101,False,False
2021-08-30,300487.SZ,80,341,211.2,110.5178718579036,261,False,False
2021-08-30,300496.SZ,71,151,97.0,31.945265689926575,80,False,False
2021-08-30,300498.SZ,231,499,408.0,109.29318368498559,268,False,False
2021-08-30,300502.SZ,309,478,392.6,82.63957889534531,169,False,False
2021-08-30,300558.SZ,102,282,176.0,72.94175758781796,180,False,False
2021-08-30,300567.SZ,298,455,397.0,59.9666574022598,157,False,False
2021-08-30,300570.SZ,4,17,10.6,6.107372593840989,13,True,True
2021-08-30,300604.SZ,193,312,233.0,47.36559933116016,119,False,False
2021-08-30,300623.SZ,68,232,138.8,63.668673615837164,164,False,False
2021-08-30,300627.SZ,46,66,55.2,8.814760348415605,20,False,False
2021-08-30,300628.SZ,80,141,110.8,28.208154849263007,61,False,False
2021-08-30,300661.SZ,139,307,184.0,69.77822009767804,168,False,False
2021-08-30,300676.SZ,549,668,609.6,54.9026411022275,119,False,False
2021-08-30,300677.SZ,551,647,595.0,39.06404996924922,96,False,False
2021-08-30,300679.SZ,98,214,130.4,48.01353975703104,116,False,False
2021-08-30,300699.SZ,288,383,351.0,39.12160528403711,95,False,False
2021-08-30,300718.SZ,37,61,47.4,8.734987120768983,24,False,False
2021-08-30,300724.SZ,12,44,32.4,13.277801022759755,32,True,False
2021-08-30,300735.SZ,212,307,240.8,37.87743391519547,95,False,False
2021-08-30,300748.SZ,131,215,167.2,36.75187070068679,84,False,False
2021-08-30,300750.SZ,77,126,99.0,19.58315602756614,49,False,False
2021-08-30,300751.SZ,4,51,21.4,18.10524785801067,47,True,True
2021-08-30,300757.SZ,180,364,262.4,71.92565606235372,184,False,False
2021-08-30,300759.SZ,76,192,124.8,50.83010918737043,116,False,False
2021-08-30,300760.SZ,226,321,274.4,36.8822450509727,95,False,False
2021-08-30,300763.SZ,3,8,5.8,1.9235384061671346,5,True,True
2021-08-30,300803.SZ,6,19,12.8,5.890670590009257,13,True,False
2021-08-30,300832.SZ,156,300,218.8,55.75571719563833,144,False,False
2021-08-30,300857.SZ,1,31,10.4,12.198360545581526,30,True,True
2021-08-30,300866.SZ,21,69,48.4,17.501428513124292,48,False,False
2021-08-30,300888.SZ,322,580,441.2,121.53888266723534,258,False,False
2021-08-30,300896.SZ,287,458,380.2,71.58700999483077,171,False,False
2021-08-30,300919.SZ,501,639,537.6,57.70008665504758,138,False,False
2021-08-30,300957.SZ,332,569,418.8,90.36426284765456,237,False,False
2021-08-30,300972.SZ,15,108,65.0,33.68233958619858,93,True,False
2021-08-30,300999.SZ,396,563,459.4,80.0768380994155,167,False,False
2021-08-30,302132.SZ,28,117,61.2,34.665544853643944,89,False,False
2021-08-30,600000.SH,632,680,662.0,18.2208671582886,48,False,False
2021-08-30,600004.SH,477,542,505.6,23.55419283269966,65,False,False
2021-08-30,600008.SH,316,481,404.6,71.741201551131,165,False,False
2021-08-30,600009.SH,534,675,589.6,56.12753335039765,141,False,False
2021-08-30,600010.SH,398,552,467.2,58.37122578805417,154,False,False
2021-08-30,600011.SH,305,472,387.8,70.36476390921808,167,False,False
2021-08-30,600015.SH,672,685,678.6,4.8270073544588685,13,False,False
2021-08-30,600016.SH,610,675,649.8,30.41710045352778,65,False,False
2021-08-30,600018.SH,574,652,610.0,27.7758888246623,78,False,False
2021-08-30,600019.SH,228,440,311.4,88.93705639383396,212,False,False
2021-08-30,600021.SH,536,576,557.6,14.432601983010548,40,False,False
2021-08-30,600023.SH,405,623,547.6,91.56855355415416,218,False,False
2021-08-30,600025.SH,529,605,560.8,34.09838705862786,76,False,False
2021-08-30,600026.SH,347,609,482.8,101.2210452425779,262,False,False
2021-08-30,600027.SH,273,509,365.6,93.52967443544321,236,False,False
2021-08-30,600028.SH,453,585,537.2,55.92137337369318,132,False,False
2021-08-30,600029.SH,182,326,262.6,59.51302378471455,144,False,False
2021-08-30,600030.SH,261,506,409.6,123.06624232501778,245,False,False
2021-08-30,600031.SH,183,240,211.4,22.063544592834578,57,False,False
2021-08-30,600032.SH,438,618,542.6,78.1716060983782,180,False,False
2021-08-30,600036.SH,539,660,607.0,56.96490147450446,121,False,False
2021-08-30,600038.SH,361,540,484.4,73.20724007910692,179,False,False
2021-08-30,600039.SH,456,617,554.4,70.12346254999107,161,False,False
2021-08-30,600048.SH,464,580,516.6,44.77499302065831,116,False,False
2021-08-30,600050.SH,657,681,668.4,10.89954127475097,24,False,False
2021-08-30,600060.SH,176,329,240.6,67.41884009681567,153,False,False
2021-08-30,600061.SH,516,571,536.2,22.196846622887673,55,False,False
2021-08-30,600062.SH,382,470,427.4,35.78826623350173,88,False,False
2021-08-30,600066.SH,57,210,146.8,57.04559579844881,153,False,False
2021-08-30,600085.SH,166,348,246.2,77.28971471030282,182,False,False
2021-08-30,600089.SH,580,680,636.6,45.307835966861184,100,False,False
2021-08-30,600095.SH,268,411,349.0,63.11497445139307,143,False,False
2021-08-30,600098.SH,368,590,519.2,86.69890426066526,222,False,False
2021-08-30,600104.SH,480,579,525.4,36.32216953872662,99,False,False
2021-08-30,600109.SH,504,569,538.4,23.43714999738663,65,False,False
2021-08-30,600111.SH,115,294,189.4,66.53795909103313,179,False,False
2021-08-30,600115.SH,184,467,308.4,121.45081308908559,283,False,False
2021-08-30,600118.SH,71,209,137.6,56.914848677651776,138,False,False
2021-08-30,600126.SH,298,470,391.0,87.06893820416096,172,False,False
2021-08-30,600131.SH,293,519,410.0,98.90904913100722,226,False,False
2021-08-30,600132.SH,250,402,297.6,62.7757915123338,152,False,False
2021-08-30,600141.SH,443,527,480.8,33.98087697514589,84,False,False
2021-08-30,600143.SH,587,649,622.4,26.264043862284424,62,False,False
2021-08-30,600150.SH,366,559,445.4,72.23780173842502,193,False,False
2021-08-30,600153.SH,616,673,651.6,27.42808779335519,57,False,False
2021-08-30,600157.SH,152,352,236.8,78.66193488594087,200,False,False
2021-08-30,600160.SH,523,664,586.0,59.055059055088584,141,False,False
2021-08-30,600161.SH,201,337,265.8,48.509792825779,136,False,False
2021-08-30,600166.SH,485,636,546.0,58.59607495387383,151,False,False
2021-08-30,600170.SH,533,648,598.2,47.7619095095663,115,False,False
2021-08-30,600171.SH,542,683,608.2,66.30761645542691,141,False,False
2021-08-30,600176.SH,168,362,255.8,81.76307234931916,194,False,False
2021-08-30,600177.SH,425,569,510.2,77.34145072339929,144,False,False
2021-08-30,600183.SH,103,198,145.4,34.61647006845152,95,False,False
2021-08-30,600188.SH,262,363,312.8,46.337889464238664,101,False,False
2021-08-30,600196.SH,230,460,350.2,86.7479106376632,230,False,False
2021-08-30,600208.SH,554,664,606.2,43.72870910511766,110,False,False
2021-08-30,600219.SH,347,650,511.8,122.31394033388018,303,False,False
2021-08-30,600233.SH,327,517,406.8,78.18056024357973,190,False,False
2021-08-30,600276.SH,367,663,538.2,115.01173853133427,296,False,False
2021-08-30,600282.SH,120,289,188.2,72.25441163001744,169,False,False
2021-08-30,600295.SH,479,595,549.4,49.76243563170919,116,False,False
2021-08-30,600298.SH,127,305,183.6,69.5938215648487,178,False,False
2021-08-30,600299.SH,613,651,630.4,15.388307249337075,38,False,False
2021-08-30,600309.SH,65,152,114.2,38.983329770557056,87,False,False
2021-08-30,600312.SH,211,296,247.2,33.22950496170534,85,False,False
2021-08-30,600316.SH,590,694,651.2,42.9033798202426,104,False,False
2021-08-30,600329.SH,27,87,53.6,25.254702532399783,60,False,False
2021-08-30,600332.SH,216,527,383.6,144.10170019815865,311,False,False
2021-08-30,600339.SH,526,641,599.4,54.38565987463975,115,False,False
2021-08-30,600346.SH,237,489,376.4,109.77613584017247,252,False,False
2021-08-30,600348.SH,293,386,322.0,39.26194085880116,93,False,False
2021-08-30,600352.SH,351,540,427.4,72.72069856650168,189,False,False
2021-08-30,600362.SH,405,649,528.6,111.20836299487553,244,False,False
2021-08-30,600363.SH,575,652,616.4,29.72036338943385,77,False,False
2021-08-30,600369.SH,651,669,661.4,7.797435475847171,18,False,False
2021-08-30,600372.SH,309,575,479.4,101.23388760686808,266,False,False
2021-08-30,600377.SH,435,536,477.6,42.518231383725265,101,False,False
2021-08-30,600378.SH,55,112,88.2,21.37054047047009,57,False,False
2021-08-30,600380.SH,128,224,173.8,38.7840173267288,96,False,False
2021-08-30,600390.SH,565,605,584.6,15.126136320951229,40,False,False
2021-08-30,600392.SH,564,633,599.2,24.873680869545623,69,False,False
2021-08-30,600398.SH,279,475,367.0,74.28324171709255,196,False,False
2021-08-30,600406.SH,369,448,396.4,32.11385993617086,79,False,False
2021-08-30,600415.SH,306,481,375.4,64.26351997828938,175,False,False
2021-08-30,600426.SH,164,355,288.8,84.80389142014651,191,False,False
2021-08-30,600435.SH,286,438,373.2,69.19320775914353,152,False,False
2021-08-30,600436.SH,193,343,255.6,58.54741668084083,150,False,False
2021-08-30,600438.SH,310,547,425.2,114.25716607723123,237,False,False
2021-08-30,600460.SH,69,181,114.6,52.02691611079788,112,False,False
2021-08-30,600482.SH,216,462,362.8,90.54943401258785,246,False,False
2021-08-30,600483.SH,367,523,462.0,67.92643079096678,156,False,False
2021-08-30,600486.SH,282,567,399.8,115.51493409944881,285,False,False
2021-08-30,600489.SH,243,418,334.0,83.5134719671024,175,False,False
2021-08-30,600497.SH,364,496,439.2,58.580713549768234,132,False,False
2021-08-30,600498.SH,183,391,288.4,98.95857719268199,208,False,False
2021-08-30,600499.SH,248,361,305.2,54.48577796085874,113,False,False
2021-08-30,600511.SH,190,363,274.0,66.26462102811726,173,False,False
2021-08-30,600515.SH,238,383,305.2,56.122188125553336,145,False,False
2021-08-30,600516.SH,521,635,576.0,51.90857347298228,114,False,False
2021-08-30,600517.SH,299,487,380.4,71.85262695267306,188,False,False
2021-08-30,600519.SH,184,395,318.4,80.30130758586687,211,False,False
2021-08-30,600521.SH,285,566,441.8,108.2413968867734,281,False,False
2021-08-30,600522.SH,275,448,324.4,70.1092005374473,173,False,False
2021-08-30,600535.SH,582,676,632.6,37.77962413788681,94,False,False
2021-08-30,600536.SH,76,220,133.4,62.211735227366866,144,False,False
2021-08-30,600546.SH,519,629,574.2,47.609872925686325,110,False,False
2021-08-30,600547.SH,202,370,287.2,67.92422248358828,168,False,False
2021-08-30,600549.SH,245,538,363.0,119.13647636219564,293,False,False
2021-08-30,600562.SH,136,386,271.0,106.29675441893792,250,False,False
2021-08-30,600563.SH,121,283,185.8,64.5422342346467,162,False,False
2021-08-30,600566.SH,353,452,410.0,43.01162633521314,99,False,False
2021-08-30,600570.SH,221,408,349.4,73.49353713082532,187,False,False
2021-08-30,600578.SH,164,425,337.8,105.8617022345664,261,False,False
2021-08-30,600582.SH,465,528,499.2,29.089517012147176,63,False,False
2021-08-30,600583.SH,497,595,551.4,43.39700450491946,98,False,False
2021-08-30,600584.SH,222,427,333.4,79.52546761887038,205,False,False
2021-08-30,600585.SH,447,573,498.0,51.31276644267,126,False,False
2021-08-30,600588.SH,214,429,340.2,99.7030591306004,215,False,False
2021-08-30,600598.SH,369,493,451.4,56.985085768120065,124,False,False
2021-08-30,600600.SH,65,154,114.2,39.0281949364815,89,False,False
2021-08-30,600601.SH,48,127,84.2,28.261280933460892,79,False,False
2021-08-30,600602.SH,195,323,259.8,52.58041460467956,128,False,False
2021-08-30,600606.SH,225,436,331.2,98.39817071470384,211,False,False
2021-08-30,600637.SH,528,646,595.6,42.594600596789256,118,False,False
2021-08-30,600642.SH,357,448,396.4,36.705585406038686,91,False,False
2021-08-30,600655.SH,217,445,359.4,94.82246569247184,228,False,False
2021-08-30,600660.SH,167,253,196.8,38.486361220567474,86,False,False
2021-08-30,600663.SH,430,646,559.8,109.75518211000336,216,False,False
2021-08-30,600674.SH,497,641,562.0,55.263007518592396,144,False,False
2021-08-30,600685.SH,105,244,169.8,56.52167725749122,139,False,False
2021-08-30,600688.SH,409,529,447.2,50.0019999600016,120,False,False
2021-08-30,600690.SH,103,181,153.8,31.443600302764313,78,False,False
2021-08-30,600699.SH,88,142,120.8,24.752777621915484,54,False,False
2021-08-30,600704.SH,356,502,433.6,57.01578728738208,146,False,False
2021-08-30,600707.SH,376,442,405.0,24.474476501040833,66,False,False
2021-08-30,600737.SH,380,593,480.4,95.45836788883415,213,False,False
2021-08-30,600741.SH,77,233,154.0,55.95980700467077,156,False,False
2021-08-30,600754.SH,46,236,143.0,69.86415389883427,190,False,False
2021-08-30,600760.SH,521,686,618.2,78.09417391841725,165,False,False
2021-08-30,600763.SH,42,114,85.6,30.138015860371432,72,False,False
2021-08-30,600764.SH,203,398,291.2,76.4964051442942,195,False,False
2021-08-30,600765.SH,303,539,408.0,95.53009996854395,236,False,False
2021-08-30,600795.SH,461,583,539.2,46.92760381694339,122,False,False
2021-08-30,600801.SH,19,180,101.2,74.3989247234125,161,True,False
2021-08-30,600803.SH,303,450,387.8,58.550832615770716,147,False,False
2021-08-30,600808.SH,172,324,260.4,61.419052418610306,152,False,False
2021-08-30,600809.SH,249,502,380.8,110.44319807032029,253,False,False
2021-08-30,600816.SH,191,468,331.4,103.44708792421369,277,False,False
2021-08-30,600820.SH,445,655,582.4,89.08310726507018,210,False,False
2021-08-30,600845.SH,49,181,124.6,49.56107343470276,132,False,False
2021-08-30,600848.SH,236,495,358.4,95.95988745303946,259,False,False
2021-08-30,600862.SH,460,642,567.0,68.4470598345904,182,False,False
2021-08-30,600863.SH,332,475,416.8,69.25460273512513,143,False,False
2021-08-30,600871.SH,594,665,639.8,29.14103635768639,71,False,False
2021-08-30,600873.SH,161,295,236.8,49.519693052360495,134,False,False
2021-08-30,600875.SH,554,620,590.8,28.856541719339827,66,False,False
2021-08-30,600879.SH,255,390,327.0,51.628480512213414,135,False,False
2021-08-30,600884.SH,86,190,134.6,37.83913318246072,104,False,False
2021-08-30,600885.SH,68,125,99.8,22.620786900547913,57,False,False
2021-08-30,600886.SH,562,659,617.2,41.3726963104896,97,False,False
2021-08-30,600887.SH,134,268,200.0,60.64239441183041,134,False,False
2021-08-30,600893.SH,608,640,620.8,13.405222862750175,32,False,False
2021-08-30,600900.SH,494,631,564.2,54.59578738327711,137,False,False
2021-08-30,600901.SH,617,666,643.8,22.565460332109335,49,False,False
2021-08-30,600905.SH,570,660,615.8,42.29893615683496,90,False,False
2021-08-30,600906.SH,689,695,693.0,2.449489742783178,6,False,False
2021-08-30,600909.SH,588,642,620.6,24.815317850069945,54,False,False
2021-08-30,600918.SH,567,650,621.2,33.16926287996162,83,False,False
2021-08-30,600919.SH,638,671,656.8,12.296340919151518,33,False,False
2021-08-30,600926.SH,477,562,526.6,31.86377253245447,85,False,False
2021-08-30,600958.SH,640,679,659.4,16.195678435928517,39,False,False
2021-08-30,600967.SH,256,366,291.0,44.87761134463375,110,False,False
2021-08-30,600968.SH,434,585,503.8,66.11883241558338,151,False,False
2021-08-30,600970.SH,360,488,438.4,48.81393243736874,128,False,False
2021-08-30,600977.SH,233,409,306.2,75.64852939747077,176,False,False
2021-08-30,600985.SH,404,537,466.2,59.75951807034592,133,False,False
2021-08-30,600988.SH,262,446,343.2,85.05116107379135,184,False,False
2021-08-30,600989.SH,382,609,502.8,90.63222385001926,227,False,False
2021-08-30,600995.SH,21,113,56.6,37.88535337039897,92,False,False
2021-08-30,600998.SH,212,379,309.6,67.83288288138725,167,False,False
2021-08-30,600999.SH,392,614,495.0,98.21659737539272,222,False,False
2021-08-30,601000.SH,586,616,603.4,14.099645385611653,30,False,False
2021-08-30,601001.SH,240,425,332.4,78.02755923390146,185,False,False
2021-08-30,601006.SH,574,619,592.4,18.487833837418595,45,False,False
2021-08-30,601009.SH,543,645,602.0,39.87480407475377,102,False,False
2021-08-30,601012.SH,134,457,271.8,147.38961971590808,323,False,False
2021-08-30,601016.SH,618,685,648.4,25.73518991575543,67,False,False
2021-08-30,601018.SH,483,635,589.2,61.880530055906924,152,False,False
2021-08-30,601019.SH,419,589,488.2,65.1820527446014,170,False,False
2021-08-30,601021.SH,132,543,334.2,178.57827415450066,411,False,False
2021-08-30,601058.SH,134,229,173.6,44.8252161177166,95,False,False
2021-08-30,601066.SH,389,431,409.2,16.67932852365466,42,False,False
2021-08-30,601077.SH,656,682,671.4,9.864076236526156,26,False,False
2021-08-30,601088.SH,597,661,629.0,22.85825890132492,64,False,False
2021-08-30,601098.SH,492,600,561.2,46.569303194271654,108,False,False
2021-08-30,601099.SH,291,334,313.4,16.2265215003093,43,False,False
2021-08-30,601100.SH,366,597,468.2,89.32077026089732,231,False,False
2021-08-30,601106.SH,671,687,680.2,7.259476565152615,16,False,False
2021-08-30,601108.SH,422,511,461.0,32.802438933713454,89,False,False
2021-08-30,601111.SH,174,451,333.4,144.05658610421114,277,False,False
2021-08-30,601117.SH,391,531,445.6,64.55850060216703,140,False,False
2021-08-30,601118.SH,200,432,351.0,90.22749026765624,232,False,False
2021-08-30,601127.SH,359,582,490.4,83.64986551094987,223,False,False
2021-08-30,601128.SH,442,565,507.0,43.971581731841304,123,False,False
2021-08-30,601138.SH,151,335,254.6,91.79488003151374,184,False,False
2021-08-30,601139.SH,213,382,305.0,74.25294606949949,169,False,False
2021-08-30,601155.SH,314,542,425.2,100.3080256011452,228,False,False
2021-08-30,601156.SH,340,568,490.2,89.66995037357833,228,False,False
2021-08-30,601162.SH,511,588,547.4,34.56587912956938,77,False,False
2021-08-30,601166.SH,523,576,556.0,25.816661286851172,53,False,False
2021-08-30,601169.SH,644,683,664.0,18.179658962697843,39,False,False
2021-08-30,601179.SH,172,434,344.8,100.51716271363811,262,False,False
2021-08-30,601186.SH,675,688,680.8,5.263078946776307,13,False,False
2021-08-30,601198.SH,486,593,540.4,41.59687488261588,107,False,False
2021-08-30,601211.SH,690,695,692.2,2.16794833886788,5,False,False
2021-08-30,601212.SH,260,422,348.0,58.54485459884583,162,False,False
2021-08-30,601216.SH,350,499,423.0,62.517997408746226,149,False,False
2021-08-30,601225.SH,552,668,607.0,49.24428900898052,116,False,False
2021-08-30,601228.SH,69,343,201.0,124.05039298607643,274,False,False
2021-08-30,601229.SH,656,684,667.0,11.789826122551595,28,False,False
2021-08-30,601233.SH,189,498,378.4,137.22536208733428,309,False,False
2021-08-30,601236.SH,234,351,303.2,52.141154571029595,117,False,False
2021-08-30,601238.SH,491,638,561.6,65.2786335641303,147,False,False
2021-08-30,601288.SH,648,686,667.4,16.08726204175216,38,False,False
2021-08-30,601298.SH,441,492,464.2,18.322117781522966,51,False,False
2021-08-30,601318.SH,495,594,539.4,39.176523582370095,99,False,False
2021-08-30,601319.SH,503,619,566.2,42.15684997719825,116,False,False
2021-08-30,601328.SH,664,684,675.4,7.668115805072325,20,False,False
2021-08-30,601336.SH,459,545,515.4,35.13260593807411,86,False,False
2021-08-30,601360.SH,417,619,512.4,87.3945078365912,202,False,False
2021-08-30,601377.SH,626,689,663.8,26.668333281253254,63,False,False
2021-08-30,601390.SH,612,656,636.4,19.3597520645281,44,False,False
2021-08-30,601398.SH,647,682,668.0,13.856406460551018,35,False,False
2021-08-30,601399.SH,27,162,89.4,55.025448657871024,135,False,False
2021-08-30,601456.SH,364,570,473.4,77.49709671981267,206,False,False
2021-08-30,601555.SH,644,669,659.6,9.710818709048171,25,False,False
2021-08-30,601567.SH,99,228,142.4,53.3975654875763,129,False,False
2021-08-30,601577.SH,622,648,636.4,11.970797801316333,26,False,False
2021-08-30,601598.SH,244,412,309.2,71.10344576741693,168,False,False
2021-08-30,601600.SH,373,529,452.6,57.3131747506627,156,False,False
2021-08-30,601601.SH,374,530,461.0,79.64923100695951,156,False,False
2021-08-30,601607.SH,251,531,392.2,122.52632370229672,280,False,False
2021-08-30,601608.SH,462,499,476.6,14.741099009232656,37,False,False
2021-08-30,601611.SH,658,692,678.8,15.706686474237651,34,False,False
2021-08-30,601615.SH,337,429,391.8,35.96804137008297,92,False,False
2021-08-30,601618.SH,678,692,686.6,5.639148871948674,14,False,False
2021-08-30,601628.SH,427,473,458.4,18.994736112934028,46,False,False
2021-08-30,601633.SH,119,329,218.2,86.99252841480124,210,False,False
2021-08-30,601658.SH,388,567,513.0,78.85746635544412,179,False,False
2021-08-30,601665.SH,688,693,690.6,2.073644135332772,5,False,False
2021-08-30,601666.SH,339,413,386.6,28.962044126753206,74,False,False
2021-08-30,601668.SH,660,683,673.6,8.706319543871565,23,False,False
2021-08-30,601669.SH,562,651,619.8,34.0323375629709,89,False,False
2021-08-30,601688.SH,657,665,661.0,3.7416573867739413,8,False,False
2021-08-30,601689.SH,155,439,244.4,119.06216863470948,284,False,False
2021-08-30,601696.SH,597,665,629.8,24.843510218968653,68,False,False
2021-08-30,601698.SH,44,61,50.2,7.791020472312981,17,False,False
2021-08-30,601699.SH,328,478,408.8,57.72954183085122,150,False,False
2021-08-30,601717.SH,265,504,351.2,89.88715147338912,239,False,False
2021-08-30,601728.SH,654,676,663.0,8.631338250816034,22,False,False
2021-08-30,601766.SH,457,628,552.6,78.13321956760772,171,False,False
2021-08-30,601788.SH,533,628,583.0,36.02776706930364,95,False,False
2021-08-30,601799.SH,24,73,47.2,20.40098036859994,49,False,False
2021-08-30,601800.SH,630,676,660.0,20.285462775100793,46,False,False
2021-08-30,601808.SH,352,401,371.8,20.765355763867856,49,False,False
2021-08-30,601816.SH,364,416,396.0,23.484037131634757,52,False,False
2021-08-30,601818.SH,635,665,652.4,12.401612798341997,30,False,False
2021-08-30,601825.SH,680,688,684.6,3.4351128074635335,8,False,False
2021-08-30,601838.SH,550,650,615.6,41.848536414073074,100,False,False
2021-08-30,601857.SH,459,610,540.4,65.49274769010688,151,False,False
2021-08-30,601865.SH,241,291,267.0,22.34949663862701,50,False,False
2021-08-30,601866.SH,566,625,597.8,22.774986278810356,59,False,False
2021-08-30,601872.SH,367,495,429.4,62.61229911127685,128,False,False
2021-08-30,601877.SH,318,459,386.4,66.01742194299925,141,False,False
2021-08-30,601878.SH,365,601,495.8,96.28447434555584,236,False,False
2021-08-30,601880.SH,528,662,581.0,57.24071977185472,134,False,False
2021-08-30,601881.SH,577,672,635.4,39.81582599921795,95,False,False
2021-08-30,601888.SH,116,315,175.8,80.81893342528099,199,False,False
2021-08-30,601898.SH,243,344,288.0,43.6520331714343,101,False,False
2021-08-30,601899.SH,307,571,423.6,128.5682698024672,264,False,False
2021-08-30,601901.SH,643,667,653.8,11.819475453673906,24,False,False
2021-08-30,601916.SH,434,569,513.0,52.98112871579842,135,False,False
2021-08-30,601919.SH,377,485,445.8,44.132754276160924,108,False,False
2021-08-30,601928.SH,475,580,515.2,41.97856595930833,105,False,False
2021-08-30,601939.SH,540,651,595.6,45.75259555478793,111,False,False
2021-08-30,601958.SH,486,561,537.0,30.174492539229224,75,False,False
2021-08-30,601966.SH,185,626,379.6,159.81958578347025,441,False,False
2021-08-30,601985.SH,560,634,601.6,28.049955436684744,74,False,False
2021-08-30,601988.SH,692,695,693.8,1.0954451150103321,3,False,False
2021-08-30,601990.SH,576,610,592.4,13.352902306240392,34,False,False
2021-08-30,601991.SH,215,324,249.2,45.4884600750564,109,False,False
2021-08-30,601995.SH,525,636,586.4,42.40047169548943,111,False,False
2021-08-30,601997.SH,596,666,640.8,30.882033611794412,70,False,False
2021-08-30,601998.SH,655,686,673.6,11.371015785759862,31,False,False
2021-08-30,603000.SH,239,444,327.2,80.90859039681757,205,False,False
2021-08-30,603019.SH,188,339,270.2,66.96043607982254,151,False,False
2021-08-30,603077.SH,465,557,511.0,42.94764254298482,92,False,False
2021-08-30,603087.SH,124,408,255.4,130.2701040146971,284,False,False
2021-08-30,603129.SH,59,221,152.8,76.91033740661915,162,False,False
2021-08-30,603156.SH,283,429,329.6,60.4466707106355,146,False,False
2021-08-30,603160.SH,331,498,438.8,65.91433834910276,167,False,False
2021-08-30,603179.SH,9,30,19.6,8.792041856133308,21,True,False
2021-08-30,603225.SH,173,212,197.0,16.446884203398525,39,False,False
2021-08-30,603233.SH,22,80,43.4,23.06078923194087,58,False,False
2021-08-30,603259.SH,40,96,66.6,21.881499034572563,56,False,False
2021-08-30,603260.SH,100,203,150.2,40.9963413001697,103,False,False
2021-08-30,603288.SH,262,530,369.0,129.34063553268942,268,False,False
2021-08-30,603290.SH,29,101,73.6,28.92749557082327,72,False,False
2021-08-30,603298.SH,98,210,151.6,43.695537529592194,112,False,False
2021-08-30,603338.SH,119,481,257.2,180.7572958416893,362,False,False
2021-08-30,603345.SH,154,473,310.8,135.00629614947593,319,False,False
2021-08-30,603369.SH,78,171,119.2,37.04996626179301,93,False,False
2021-08-30,603379.SH,431,553,490.4,47.65291176832744,122,False,False
2021-08-30,603392.SH,36,89,57.4,19.91983935678197,53,False,False
2021-08-30,603444.SH,230,464,314.6,89.69280907631335,234,False,False
2021-08-30,603486.SH,1,5,3.4,1.6733200530681511,4,True,True
2021-08-30,603501.SH,26,130,58.2,44.66766168045962,104,False,False
2021-08-30,603529.SH,358,687,554.0,176.666352200978,329,False,False
2021-08-30,603565.SH,107,333,200.6,88.75415483232321,226,False,False
2021-08-30,603568.SH,59,101,78.0,15.378556499229699,42,False,False
2021-08-30,603589.SH,326,431,371.6,41.92016221342661,105,False,False
2021-08-30,603596.SH,39,128,88.0,39.75550276376844,89,False,False
2021-08-30,603605.SH,12,34,18.2,9.038805230781334,22,True,False
2021-08-30,603606.SH,35,132,94.0,43.42810150121693,97,False,False
2021-08-30,603650.SH,12,96,49.8,35.849686191095174,84,True,False
2021-08-30,603658.SH,139,331,246.8,75.34387831801598,192,False,False
2021-08-30,603659.SH,55,137,98.4,32.35428874198906,82,False,False
2021-08-30,603688.SH,57,118,91.4,24.234273250914704,61,False,False
2021-08-30,603699.SH,268,543,432.2,137.490726960039,275,False,False
2021-08-30,603728.SH,9,32,22.2,10.281050529979902,23,True,False
2021-08-30,603737.SH,321,579,439.2,129.85068347914074,258,False,False
2021-08-30,603766.SH,92,453,241.6,159.15966825801064,361,False,False
2021-08-30,603786.SH,53,104,75.4,20.59854363784003,51,False,False
2021-08-30,603799.SH,90,289,176.6,89.7067444510166,199,False,False
2021-08-30,603806.SH,211,464,359.2,101.06779902619826,253,False,False
2021-08-30,603816.SH,19,67,37.2,18.525657883055057,48,True,False
2021-08-30,603833.SH,165,302,208.6,53.54717546239017,137,False,False
2021-08-30,603858.SH,157,418,322.0,124.78180957174807,261,False,False
2021-08-30,603885.SH,201,438,301.0,101.57263410978372,237,False,False
2021-08-30,603893.SH,9,14,11.0,2.0,5,True,False
2021-08-30,603899.SH,23,70,40.2,18.130085493455347,47,False,False
2021-08-30,603920.SH,16,85,47.0,28.240042492885877,69,True,False
2021-08-30,603939.SH,103,282,172.6,66.30082955740448,179,False,False
2021-08-30,603979.SH,33,144,80.4,50.23245962522639,111,False,False
2021-08-30,603986.SH,165,265,193.0,41.11569043564756,100,False,False
2021-08-30,603993.SH,373,505,422.6,54.90264110222749,132,False,False
2021-08-30,605117.SH,69,342,171.2,102.55096294038394,273,False,False
2021-08-30,605358.SH,41,76,59.8,13.236313686219438,35,False,False
2021-08-30,605499.SH,296,506,417.4,80.09868912785028,210,False,False
2021-08-30,605589.SH,382,589,490.8,87.29089299577592,207,False,False
2021-08-30,688002.SH,136,313,210.8,81.86085755719886,177,False,False
2021-08-30,688008.SH,286,550,411.6,119.51903614069182,264,False,False
2021-08-30,688009.SH,287,428,359.6,59.91911214295486,141,False,False
2021-08-30,688012.SH,177,355,271.6,80.43195882234872,178,False,False
2021-08-30,688017.SH,152,360,231.0,83.07526707751231,208,False,False
2021-08-30,688018.SH,8,35,18.2,10.10940156488009,27,True,False
2021-08-30,688019.SH,60,160,91.0,41.557189510360296,100,False,False
2021-08-30,688027.SH,130,254,191.0,51.22499389946279,124,False,False
2021-08-30,688036.SH,15,56,34.6,16.861198059449986,41,True,False
2021-08-30,688037.SH,106,184,143.6,35.500704218367275,78,False,False
2021-08-30,688065.SH,30,90,55.2,24.159884105682295,60,False,False
2021-08-30,688099.SH,5,22,14.0,7.968688725254614,17,True,True
2021-08-30,688111.SH,178,321,278.0,58.348093370734915,143,False,False
2021-08-30,688122.SH,7,30,18.0,9.219544457292887,23,True,False
2021-08-30,688126.SH,197,461,332.0,104.76640682967036,264,False,False
2021-08-30,688166.SH,19,47,32.4,11.260550608207398,28,True,False
2021-08-30,688169.SH,96,202,146.4,42.88706098580317,106,False,False
2021-08-30,688180.SH,201,484,316.0,115.2019965104772,283,False,False
2021-08-30,688183.SH,2,70,40.8,31.188138771013573,68,True,True
2021-08-30,688188.SH,83,217,150.2,59.889064110236355,134,False,False
2021-08-30,688256.SH,200,483,308.0,113.5627579798941,283,False,False
2021-08-30,688266.SH,113,222,174.0,50.86255990411808,109,False,False
2021-08-30,688278.SH,1,10,4.8,4.08656334834051,9,True,True
2021-08-30,688301.SH,20,149,72.0,50.15476049190146,129,True,False
2021-08-30,688303.SH,566,669,617.8,41.721696993291154,103,False,False
2021-08-30,688318.SH,31,278,128.8,101.23586321062315,247,False,False
2021-08-30,688336.SH,460,561,505.6,43.66119558601207,101,False,False
2021-08-30,688363.SH,94,383,252.4,123.83174068065101,289,False,False
2021-08-30,688385.SH,163,395,283.6,94.38114218423085,232,False,False
2021-08-30,688396.SH,197,424,314.0,97.95151862018271,227,False,False
2021-08-30,688425.SH,271,537,406.8,122.54876580365875,266,False,False
2021-08-30,688520.SH,169,349,253.0,65.57819759645731,180,False,False
2021-08-30,688538.SH,47,168,126.4,53.420969665478744,121,False,False
2021-08-30,688561.SH,115,433,251.6,124.55440578317572,318,False,False
2021-08-30,688568.SH,250,394,313.4,60.23952191045344,144,False,False
2021-08-30,688578.SH,135,349,253.4,83.43440537332306,214,False,False
2021-08-30,688599.SH,260,597,429.8,158.3862367758007,337,False,False
2021-08-30,688608.SH,20,96,58.4,27.254357449773057,76,True,False
2021-08-30,688617.SH,117,203,173.0,34.785054261852174,86,False,False
2021-08-30,688676.SH,106,347,245.4,110.38251673159115,241,False,False
2021-08-30,688728.SH,245,456,354.8,83.86715686131252,211,False,False
2021-08-30,688777.SH,200,340,291.8,64.56159849322196,140,False,False
2021-08-30,688778.SH,392,676,568.6,114.79677695824044,284,False,False
2021-08-30,688819.SH,332,500,430.2,61.450793322787945,168,False,False
2021-08-30,688981.SH,613,634,622.2,9.038805230781334,21,False,False
2021-08-30,689009.SH,22,79,59.8,23.96247065725903,57,False,False
2021-09-29,000001.SZ,495,585,537.0,33.904277016329374,90,False,False
2021-09-29,000002.SZ,584,625,607.4,15.630099167951558,41,False,False
2021-09-29,000009.SZ,48,125,80.8,29.405781744412103,77,False,False
2021-09-29,000021.SZ,384,561,452.6,67.90287180966648,177,False,False
2021-09-29,000027.SZ,286,459,364.2,76.20170601764767,173,False,False
2021-09-29,000032.SZ,119,468,214.8,145.63207064379742,349,False,False
2021-09-29,000034.SZ,58,209,127.4,57.78667666512758,151,False,False
2021-09-29,000039.SZ,291,390,322.4,40.97926304852248,99,False,False
2021-09-29,000050.SZ,327,544,446.6,83.70961712969424,217,False,False
2021-09-29,000060.SZ,236,371,293.4,49.08462080937368,135,False,False
2021-09-29,000062.SZ,269,434,335.2,65.66353630440567,165,False,False
2021-09-29,000063.SZ,226,309,272.2,31.027407239406905,83,False,False
2021-09-29,000088.SZ,290,477,336.8,79.02974123708113,187,False,False
2021-09-29,000100.SZ,368,513,435.4,56.65068402058355,145,False,False
2021-09-29,000155.SZ,139,253,200.0,42.34383071948026,114,False,False
2021-09-29,000157.SZ,211,422,343.0,86.99712638932392,211,False,False
2021-09-29,000166.SZ,691,697,694.0,2.23606797749979,6,False,False
2021-09-29,000301.SZ,196,372,280.6,63.928084595113596,176,False,False
2021-09-29,000333.SZ,245,445,360.6,80.69882279190942,200,False,False
2021-09-29,000338.SZ,409,569,487.8,68.39371316137179,160,False,False
2021-09-29,000400.SZ,365,607,506.4,93.60181622169519,242,False,False
2021-09-29,000408.SZ,82,388,250.8,127.06376352052538,306,False,False
2021-09-29,000415.SZ,347,470,418.2,46.606866446908874,123,False,False
2021-09-29,000423.SZ,385,422,399.8,15.122830422906949,37,False,False
2021-09-29,000425.SZ,86,302,188.2,93.73473209008495,216,False,False
2021-09-29,000429.SZ,571,626,599.0,24.919871588754223,55,False,False
2021-09-29,000513.SZ,191,304,252.4,52.79015059648911,113,False,False
2021-09-29,000519.SZ,520,626,586.4,42.77031680967538,106,False,False
2021-09-29,000528.SZ,178,465,260.2,117.30387887874808,287,False,False
2021-09-29,000537.SZ,384,594,521.0,80.25272581040473,210,False,False
2021-09-29,000538.SZ,597,642,626.2,18.99210362229524,45,False,False
2021-09-29,000539.SZ,112,227,160.6,43.56948473415769,115,False,False
2021-09-29,000559.SZ,43,110,63.0,27.721832551258224,67,False,False
2021-09-29,000568.SZ,538,625,587.4,33.760924157967004,87,False,False
2021-09-29,000582.SZ,439,610,554.4,68.06100204963191,171,False,False
2021-09-29,000591.SZ,513,647,589.0,48.14561246884289,134,False,False
2021-09-29,000596.SZ,79,234,146.6,57.561271702421585,155,False,False
2021-09-29,000598.SZ,327,427,376.8,40.431423422877415,100,False,False
2021-09-29,000617.SZ,651,663,658.4,4.929503017546495,12,False,False
2021-09-29,000623.SZ,563,612,594.8,22.476654555338076,49,False,False
2021-09-29,000625.SZ,147,316,234.4,63.60660343077596,169,False,False
2021-09-29,000629.SZ,348,478,438.0,52.85830114561004,130,False,False
2021-09-29,000630.SZ,206,444,317.6,91.8193879308722,238,False,False
2021-09-29,000651.SZ,169,363,260.6,76.2286035553584,194,False,False
2021-09-29,000657.SZ,103,210,150.0,42.573465914816005,107,False,False
2021-09-29,000661.SZ,381,491,428.4,43.489079088893114,110,False,False
2021-09-29,000683.SZ,162,448,323.8,106.35882662007889,286,False,False
2021-09-29,000703.SZ,432,546,481.6,51.62654356045929,114,False,False
2021-09-29,000708.SZ,392,508,456.0,52.230259428802384,116,False,False
2021-09-29,000709.SZ,447,512,465.4,26.632686683847727,65,False,False
2021-09-29,000723.SZ,89,192,139.0,48.119642558938445,103,False,False
2021-09-29,000725.SZ,310,457,396.6,53.67774212837198,147,False,False
2021-09-29,000728.SZ,592,660,628.0,26.711420778386163,68,False,False
2021-09-29,000729.SZ,318,489,407.2,78.92844861011775,171,False,False
2021-09-29,000733.SZ,108,284,203.6,78.76103097344524,176,False,False
2021-09-29,000738.SZ,122,338,215.6,79.91432912813572,216,False,False
2021-09-29,000739.SZ,15,42,28.6,10.761040841851685,27,True,False
2021-09-29,000750.SZ,270,559,436.2,106.34237161169577,289,False,False
2021-09-29,000768.SZ,614,690,661.6,32.191613814781014,76,False,False
2021-09-29,000776.SZ,674,693,687.6,7.829431652425352,19,False,False
2021-09-29,000783.SZ,645,687,670.8,19.854470529329156,42,False,False
2021-09-29,000785.SZ,208,362,300.6,58.16614135388387,154,False,False
2021-09-29,000786.SZ,388,475,439.0,35.482389998420345,87,False,False
2021-09-29,000792.SZ,487,555,528.2,32.50692233971097,68,False,False
2021-09-29,000807.SZ,188,305,246.6,51.44220057501428,117,False,False
2021-09-29,000825.SZ,140,261,209.0,43.60045871318328,121,False,False
2021-09-29,000830.SZ,125,213,162.8,33.573799308389276,88,False,False
2021-09-29,000831.SZ,360,564,495.6,78.66574858221334,204,False,False
2021-09-29,000858.SZ,115,308,195.8,71.98749891474213,193,False,False
2021-09-29,000878.SZ,510,639,574.0,50.77893263943227,129,False,False
2021-09-29,000883.SZ,375,531,456.0,68.37762792024888,156,False,False
2021-09-29,000887.SZ,32,109,59.2,30.67083305031019,77,False,False
2021-09-29,000893.SZ,31,75,46.8,17.23948955160796,44,False,False
2021-09-29,000895.SZ,581,624,603.4,20.342074623793906,43,False,False
2021-09-29,000898.SZ,379,488,432.6,49.67192365914572,109,False,False
2021-09-29,000921.SZ,70,441,241.2,144.67791814924627,371,False,False
2021-09-29,000932.SZ,252,408,328.6,62.96665784365563,156,False,False
2021-09-29,000937.SZ,260,315,289.4,25.481365740477884,55,False,False
2021-09-29,000938.SZ,296,432,359.4,54.229143456263444,136,False,False
2021-09-29,000951.SZ,257,489,407.6,99.72111110492101,232,False,False
2021-09-29,000959.SZ,225,458,329.6,88.40984108118282,233,False,False
2021-09-29,000960.SZ,224,425,338.2,82.42997027780612,201,False,False
2021-09-29,000963.SZ,677,696,691.4,8.142481194328912,19,False,False
2021-09-29,000967.SZ,249,435,354.8,87.8191323118146,186,False,False
2021-09-29,000975.SZ,360,509,403.0,61.526417090547376,149,False,False
2021-09-29,000977.SZ,324,467,388.0,61.7697336889192,143,False,False
2021-09-29,000983.SZ,378,477,423.4,48.94180217360207,99,False,False
2021-09-29,000987.SZ,484,545,518.0,26.30589287593181,61,False,False
2021-09-29,000997.SZ,194,333,262.0,67.0,139,False,False
2021-09-29,000999.SZ,402,493,456.4,34.37731810365666,91,False,False
2021-09-29,001696.SZ,81,256,152.8,68.80915636744865,175,False,False
2021-09-29,001965.SZ,543,638,589.2,38.72596028505942,95,False,False
2021-09-29,001979.SZ,139,371,232.4,91.4456122512174,232,False,False
2021-09-29,002001.SZ,513,570,540.8,22.884492565927694,57,False,False
2021-09-29,002007.SZ,559,633,592.4,29.686697357570782,74,False,False
2021-09-29,002008.SZ,55,197,132.8,60.43343445477842,142,False,False
2021-09-29,002025.SZ,63,102,80.6,14.604793733565703,39,False,False
2021-09-29,002027.SZ,369,587,485.0,84.4393273303382,218,False,False
2021-09-29,002028.SZ,186,428,313.4,98.13663943706244,242,False,False
2021-09-29,002032.SZ,199,435,329.6,115.70998228329309,236,False,False
2021-09-29,002044.SZ,162,268,201.4,42.22913686070318,106,False,False
2021-09-29,002049.SZ,205,459,321.4,92.17537632144497,254,False,False
2021-09-29,002050.SZ,35,107,71.4,28.901557051480808,72,False,False
2021-09-29,002056.SZ,113,264,221.2,61.17761028350159,151,False,False
2021-09-29,002064.SZ,390,570,505.4,68.9949273497697,180,False,False
2021-09-29,002065.SZ,58,220,138.4,58.88378384580936,162,False,False
2021-09-29,002074.SZ,155,353,276.8,77.57705846447132,198,False,False
2021-09-29,002078.SZ,481,600,547.4,49.576203969243146,119,False,False
2021-09-29,002085.SZ,25,141,53.0,49.441885077330944,116,False,False
2021-09-29,002120.SZ,31,92,59.2,24.17022962240947,61,False,False
2021-09-29,002126.SZ,28,91,50.4,24.234273250914704,63,False,False
2021-09-29,002130.SZ,373,475,427.2,38.80979257867787,102,False,False
2021-09-29,002131.SZ,110,183,149.2,31.783643592262987,73,False,False
2021-09-29,002138.SZ,66,137,96.4,32.65424934062947,71,False,False
2021-09-29,002142.SZ,264,519,344.2,103.58909208985278,255,False,False
2021-09-29,002152.SZ,471,522,497.0,21.77154105707724,51,False,False
2021-09-29,002153.SZ,377,452,408.8,31.53886491299267,75,False,False
2021-09-29,002155.SZ,357,587,453.2,86.53149715566003,230,False,False
2021-09-29,002157.SZ,154,256,201.0,36.52396473549935,102,False,False
2021-09-29,002179.SZ,31,126,79.0,40.08116764766216,95,False,False
2021-09-29,002185.SZ,234,341,285.2,43.407372645669305,107,False,False
2021-09-29,002195.SZ,400,536,470.8,52.06438321924115,136,False,False
2021-09-29,002202.SZ,458,573,501.8,47.77237695572621,115,False,False
2021-09-29,002203.SZ,326,454,395.6,47.2895337257622,128,False,False
2021-09-29,002223.SZ,135,287,226.2,62.555575291096154,152,False,False
2021-09-29,002230.SZ,251,407,323.0,57.92667779184303,156,False,False
2021-09-29,002236.SZ,103,350,222.8,93.9558406912524,247,False,False
2021-09-29,002241.SZ,85,177,133.0,36.65378561622251,92,False,False
2021-09-29,002244.SZ,486,540,510.0,20.868636754709208,54,False,False
2021-09-29,002252.SZ,231,395,296.0,74.02026749478821,164,False,False
2021-09-29,002261.SZ,227,525,372.4,106.51666536274969,298,False,False
2021-09-29,002262.SZ,194,406,322.6,77.81259538146764,212,False,False
2021-09-29,002265.SZ,15,36,25.2,9.628083921528727,21,True,False
2021-09-29,002266.SZ,257,396,357.4,57.417767285048626,139,False,False
2021-09-29,002271.SZ,269,528,400.8,101.71872983870767,259,False,False
2021-09-29,002273.SZ,345,568,477.6,102.95775832835523,223,False,False
2021-09-29,002281.SZ,336,504,410.8,62.55957160978646,168,False,False
2021-09-29,002299.SZ,73,209,112.8,59.06945064921461,136,False,False
2021-09-29,002304.SZ,315,459,401.0,52.749407579611734,144,False,False
2021-09-29,002311.SZ,222,471,346.4,88.62730956087971,249,False,False
2021-09-29,002312.SZ,124,349,251.0,93.98138113477584,225,False,False
2021-09-29,002318.SZ,95,284,189.8,74.85118569535155,189,False,False
2021-09-29,002335.SZ,57,240,137.8,68.47408268826973,183,False,False
2021-09-29,002340.SZ,498,656,576.4,69.96642051727386,158,False,False
2021-09-29,002352.SZ,137,270,201.2,56.090997495141764,133,False,False
2021-09-29,002353.SZ,323,498,389.2,77.2120456923659,175,False,False
2021-09-29,002371.SZ,44,87,66.8,17.59829537199555,43,False,False
2021-09-29,002384.SZ,118,250,163.2,53.91382012063326,132,False,False
2021-09-29,002402.SZ,127,177,157.6,21.62868465718616,50,False,False
2021-09-29,002409.SZ,102,344,223.2,91.0368057436112,242,False,False
2021-09-29,002410.SZ,20,47,34.8,12.11197754291181,27,True,False
2021-09-29,002414.SZ,442,550,476.6,42.152105522737536,108,False,False
2021-09-29,002415.SZ,194,350,272.4,71.17092102818398,156,False,False
2021-09-29,002422.SZ,236,428,336.2,82.68736300064236,192,False,False
2021-09-29,002423.SZ,578,648,606.4,27.70018050482704,70,False,False
2021-09-29,002429.SZ,148,348,246.0,72.74269722796922,200,False,False
2021-09-29,002430.SZ,54,118,78.0,27.027763503479157,64,False,False
2021-09-29,002432.SZ,26,235,92.8,83.81646616268189,209,False,False
2021-09-29,002436.SZ,26,50,37.0,11.532562594670797,24,False,False
2021-09-29,002444.SZ,131,367,224.8,88.55619684697396,236,False,False
2021-09-29,002460.SZ,399,639,544.4,97.25122107202561,240,False,False
2021-09-29,002461.SZ,147,332,228.2,75.07129944259657,185,False,False
2021-09-29,002463.SZ,401,531,463.2,50.14179893063271,130,False,False
2021-09-29,002465.SZ,241,388,329.6,55.279290878230334,147,False,False
2021-09-29,002466.SZ,438,619,552.2,73.70006784257393,181,False,False
2021-09-29,002472.SZ,11,26,17.2,6.1400325732035,15,True,False
2021-09-29,002475.SZ,109,239,156.8,52.150743043603896,130,False,False
2021-09-29,002493.SZ,313,495,427.4,70.75521182216897,182,False,False
2021-09-29,002500.SZ,436,656,542.6,90.41460059083377,220,False,False
2021-09-29,002508.SZ,59,128,83.4,27.336788399517598,69,False,False
2021-09-29,002517.SZ,151,243,189.8,34.43399483069021,92,False,False
2021-09-29,002532.SZ,245,556,368.8,119.99458321107666,311,False,False
2021-09-29,002558.SZ,520,635,587.6,42.20544988505632,115,False,False
2021-09-29,002568.SZ,356,535,430.6,79.84547576412831,179,False,False
2021-09-29,002583.SZ,41,104,67.6,26.40643860879388,63,False,False
2021-09-29,002594.SZ,274,467,344.2,85.28598947072139,193,False,False
2021-09-29,002600.SZ,287,411,357.0,51.22499389946279,124,False,False
2021-09-29,002601.SZ,204,382,268.4,71.54578953369654,178,False,False
2021-09-29,002603.SZ,296,403,356.8,46.41874621314109,107,False,False
2021-09-29,002608.SZ,64,267,146.4,74.90193588953493,203,False,False
2021-09-29,002624.SZ,278,416,341.8,60.30091209923777,138,False,False
2021-09-29,002625.SZ,563,663,624.2,36.94184619100675,100,False,False
2021-09-29,002648.SZ,216,438,286.6,94.15572207784294,222,False,False
2021-09-29,002670.SZ,556,619,576.4,26.254523419784256,63,False,False
2021-09-29,002673.SZ,338,526,438.4,72.05761583621818,188,False,False
2021-09-29,002683.SZ,42,259,153.0,91.63241784434153,217,False,False
2021-09-29,002709.SZ,361,520,408.6,64.08041822585118,159,False,False
2021-09-29,002714.SZ,200,348,280.6,55.504954733789305,148,False,False
2021-09-29,002736.SZ,563,665,612.6,43.17754045797422,102,False,False
2021-09-29,002738.SZ,7,37,18.4,11.781341180018513,30,True,False
2021-09-29,002739.SZ,164,240,193.2,31.140006422606916,76,False,False
2021-09-29,002756.SZ,386,567,490.6,87.47170971234071,181,False,False
2021-09-29,002773.SZ,194,387,291.2,75.5824053599778,193,False,False
2021-09-29,002797.SZ,497,630,556.8,47.735730852266215,133,False,False
2021-09-29,002821.SZ,140,256,199.0,53.84700548777063,116,False,False
2021-09-29,002831.SZ,159,251,196.6,38.04339627320358,92,False,False
2021-09-29,002837.SZ,69,138,107.6,27.573538039214334,69,False,False
2021-09-29,002841.SZ,203,355,294.4,58.888029343831846,152,False,False
2021-09-29,002850.SZ,33,97,50.6,26.53865105840913,64,False,False
2021-09-29,002851.SZ,38,54,46.0,7.314369419163897,16,False,False
2021-09-29,002916.SZ,189,467,362.2,103.41034764471107,278,False,False
2021-09-29,002920.SZ,32,360,183.0,138.08330818748513,328,False,False
2021-09-29,002926.SZ,543,627,601.0,34.5470693402494,84,False,False
2021-09-29,002938.SZ,573,672,611.0,41.743262929483606,99,False,False
2021-09-29,002939.SZ,620,677,663.2,24.335159748807897,57,False,False
2021-09-29,002945.SZ,457,610,540.2,56.335601532246024,153,False,False
2021-09-29,002966.SZ,631,639,634.0,3.4641016151377544,8,False,False
2021-09-29,002984.SZ,66,472,259.0,155.4236146793659,406,False,False
2021-09-29,003021.SZ,2,7,4.6,1.816590212458495,5,True,True
2021-09-29,003022.SZ,53,91,65.8,15.319921670818033,38,False,False
2021-09-29,003031.SZ,1,5,3.2,1.6431676725154984,4,True,True
2021-09-29,003035.SZ,52,157,91.0,40.47838929601819,105,False,False
2021-09-29,003816.SZ,613,649,624.6,14.467204291085405,36,False,False
2021-09-29,300001.SZ,75,136,101.4,26.78245694479877,61,False,False
2021-09-29,300002.SZ,74,224,129.0,59.19459434779497,150,False,False
2021-09-29,300003.SZ,235,442,331.4,90.47264780031587,207,False,False
2021-09-29,300012.SZ,28,200,99.2,70.50673726673219,172,False,False
2021-09-29,300014.SZ,62,176,126.2,46.42951647389837,114,False,False
2021-09-29,300015.SZ,222,509,390.4,110.6946249824263,287,False,False
2021-09-29,300017.SZ,95,293,160.0,80.32745483332582,198,False,False
2021-09-29,300024.SZ,73,165,122.4,34.46447446284362,92,False,False
2021-09-29,300033.SZ,153,225,176.6,28.65833212174079,72,False,False
2021-09-29,300037.SZ,162,280,221.6,51.87292164511268,118,False,False
2021-09-29,300054.SZ,247,337,300.0,39.191835884530846,90,False,False
2021-09-29,300058.SZ,119,229,181.6,45.180748112442764,110,False,False
2021-09-29,300059.SZ,357,508,418.4,58.37636508039876,151,False,False
2021-09-29,300073.SZ,184,356,273.8,63.44446390348018,172,False,False
2021-09-29,300100.SZ,2,17,9.2,5.449770637375485,15,True,True
2021-09-29,300115.SZ,133,284,220.2,58.10077452151563,151,False,False
2021-09-29,300122.SZ,337,596,461.4,95.64674589341763,259,False,False
2021-09-29,300124.SZ,171,470,322.4,120.24475040516322,299,False,False
2021-09-29,300136.SZ,266,507,327.0,101.24969135755427,241,False,False
2021-09-29,300140.SZ,232,323,273.6,39.13182847759609,91,False,False
2021-09-29,300142.SZ,106,276,182.2,74.92129203370695,170,False,False
2021-09-29,300144.SZ,492,581,524.2,35.695938144276305,89,False,False
2021-09-29,300146.SZ,106,354,232.4,105.39829220627819,248,False,False
2021-09-29,300207.SZ,398,483,437.6,32.40833226193536,85,False,False
2021-09-29,300223.SZ,82,192,148.0,46.70653059262698,110,False,False
2021-09-29,300251.SZ,330,471,399.4,59.76872091654631,141,False,False
2021-09-29,300274.SZ,215,422,310.0,80.53881052014613,207,False,False
2021-09-29,300285.SZ,56,95,70.8,14.584238067173752,39,False,False
2021-09-29,300308.SZ,149,341,261.8,75.64852939747077,192,False,False
2021-09-29,300316.SZ,16,40,31.0,10.8397416943394,24,True,False
2021-09-29,300339.SZ,585,660,622.2,35.32279717123207,75,False,False
2021-09-29,300346.SZ,50,157,90.4,45.19734505477064,107,False,False
2021-09-29,300373.SZ,130,160,145.2,11.366617790706258,30,False,False
2021-09-29,300383.SZ,393,521,453.8,48.47370421166511,128,False,False
2021-09-29,300390.SZ,97,219,176.6,49.62660576747114,122,False,False
2021-09-29,300394.SZ,489,571,526.2,32.88160580020386,82,False,False
2021-09-29,300395.SZ,25,63,43.0,13.874436925511608,38,False,False
2021-09-29,300408.SZ,149,333,217.6,73.66681749607486,184,False,False
2021-09-29,300413.SZ,84,274,201.0,74.18220810949214,190,False,False
2021-09-29,300418.SZ,545,637,595.6,34.17308882732142,92,False,False
2021-09-29,300432.SZ,247,420,327.8,68.6563908168788,173,False,False
2021-09-29,300433.SZ,391,526,490.2,56.92714642417974,135,False,False
2021-09-29,300442.SZ,19,106,52.6,41.90226724176152,87,True,False
2021-09-29,300450.SZ,169,431,322.4,131.9878782312982,262,False,False
2021-09-29,300454.SZ,82,299,199.0,91.80958555619343,217,False,False
2021-09-29,300458.SZ,161,241,198.0,36.59234892706397,80,False,False
2021-09-29,300474.SZ,273,473,373.0,96.82200163186052,200,False,False
2021-09-29,300476.SZ,49,129,85.2,34.53548899320813,80,False,False
2021-09-29,300487.SZ,44,112,81.4,26.472627372438875,68,False,False
2021-09-29,300496.SZ,21,190,84.2,68.87452359181877,169,False,False
2021-09-29,300498.SZ,222,396,341.2,69.63619748377994,174,False,False
2021-09-29,300502.SZ,176,359,277.6,73.85323283377647,183,False,False
2021-09-29,300558.SZ,53,85,68.6,13.352902306240393,32,False,False
2021-09-29,300567.SZ,68,175,125.0,44.09648512069868,107,False,False
2021-09-29,300570.SZ,3,8,5.4,2.3021728866442674,5,True,True
2021-09-29,300604.SZ,29,45,36.8,6.685805860178712,16,False,False
2021-09-29,300623.SZ,24,84,64.4,23.797058641773354,60,False,False
2021-09-29,300627.SZ,19,56,44.4,15.17563837207516,37,True,False
2021-09-29,300628.SZ,55,146,88.8,36.3001377407855,91,False,False
2021-09-29,300661.SZ,96,226,173.6,52.86113884509111,130,False,False
2021-09-29,300676.SZ,647,685,665.6,16.486357996840905,38,False,False
2021-09-29,300677.SZ,618,656,632.6,17.401149387324963,38,False,False
2021-09-29,300679.SZ,45,99,67.8,22.219360926903367,54,False,False
2021-09-29,300699.SZ,111,305,229.2,77.49322551036316,194,False,False
2021-09-29,300718.SZ,53,124,104.4,29.099828178186897,71,False,False
2021-09-29,300724.SZ,41,115,85.8,29.676590100616345,74,False,False
2021-09-29,300735.SZ,78,184,144.6,40.24052683551745,106,False,False
2021-09-29,300748.SZ,29,68,41.2,15.385057685949702,39,False,False
2021-09-29,300750.SZ,92,257,187.2,63.60974768068177,165,False,False
2021-09-29,300751.SZ,11,19,16.2,3.1144823004794873,8,True,False
2021-09-29,300757.SZ,177,373,231.8,80.61451482208399,196,False,False
2021-09-29,300759.SZ,111,287,186.2,84.1023186362897,176,False,False
2021-09-29,300760.SZ,59,105,89.4,20.0074985942771,46,False,False
2021-09-29,300763.SZ,19,37,24.6,7.300684899377592,18,True,False
2021-09-29,300803.SZ,11,35,18.4,10.08959860450355,24,True,False
2021-09-29,300832.SZ,254,583,430.4,147.62892670476202,329,False,False
2021-09-29,300857.SZ,3,9,6.2,2.949576240750525,6,True,True
2021-09-29,300866.SZ,30,100,73.2,26.920252599112064,70,False,False
2021-09-29,300888.SZ,281,591,468.0,122.39485283295208,310,False,False
2021-09-29,300896.SZ,300,459,376.4,64.60108358224342,159,False,False
2021-09-29,300919.SZ,368,554,456.0,66.3023378170031,186,False,False
2021-09-29,300957.SZ,221,398,274.2,71.39817924849345,177,False,False
2021-09-29,300972.SZ,378,544,456.0,78.07368314611524,166,False,False
2021-09-29,300999.SZ,576,652,617.6,27.73625785862253,76,False,False
2021-09-29,302132.SZ,48,254,127.6,79.2735769345625,206,False,False
2021-09-29,600000.SH,670,680,675.0,4.69041575982343,10,False,False
2021-09-29,600004.SH,86,175,129.0,42.04759208325728,89,False,False
2021-09-29,600008.SH,304,467,407.6,64.39565202713611,163,False,False
2021-09-29,600009.SH,211,355,252.8,60.99754093404094,144,False,False
2021-09-29,600010.SH,166,310,260.8,57.629853374791786,144,False,False
2021-09-29,600011.SH,223,476,324.8,95.75071801297366,253,False,False
2021-09-29,600015.SH,374,586,490.0,81.78325011883545,212,False,False
2021-09-29,600016.SH,651,669,660.4,6.58027355054484,18,False,False
2021-09-29,600018.SH,567,601,584.8,14.184498581197715,34,False,False
2021-09-29,600019.SH,325,426,384.6,49.96798975344115,101,False,False
2021-09-29,600021.SH,399,486,443.8,37.278680234149924,87,False,False
2021-09-29,600023.SH,435,577,478.0,57.30619512757761,142,False,False
2021-09-29,600025.SH,415,552,460.0,54.85435260760991,137,False,False
2021-09-29,600026.SH,80,150,108.0,27.13853349022382,70,False,False
2021-09-29,600027.SH,129,230,204.4,42.875400872761524,101,False,False
2021-09-29,600028.SH,78,193,154.2,46.804914271900984,115,False,False
2021-09-29,600029.SH,157,345,227.0,71.442284397967,188,False,False
2021-09-29,600030.SH,544,627,591.0,35.57386681259152,83,False,False
2021-09-29,600031.SH,542,653,594.0,46.427362621626486,111,False,False
2021-09-29,600032.SH,518,646,562.8,54.283514993043696,128,False,False
2021-09-29,600036.SH,447,588,507.8,58.704343961925,141,False,False
2021-09-29,600038.SH,126,318,215.0,73.32121111929344,192,False,False
2021-09-29,600039.SH,629,671,647.6,17.88295277631745,42,False,False
2021-09-29,600048.SH,398,614,553.0,87.9403206726016,216,False,False
2021-09-29,600050.SH,504,593,553.2,44.68444919656054,89,False,False
2021-09-29,600060.SH,263,391,325.8,58.700085178813836,128,False,False
2021-09-29,600061.SH,489,580,540.2,36.60874212534487,91,False,False
2021-09-29,600062.SH,415,485,458.8,31.58638947394906,70,False,False
2021-09-29,600066.SH,246,443,337.2,71.83453208589863,197,False,False
2021-09-29,600085.SH,264,487,345.2,85.63118590793894,223,False,False
2021-09-29,600089.SH,401,561,471.2,65.21656231357184,160,False,False
2021-09-29,600095.SH,369,529,461.2,58.627638533374345,160,False,False
2021-09-29,600098.SH,182,335,253.0,61.00409822298826,153,False,False
2021-09-29,600104.SH,188,429,333.4,88.66397239014277,241,False,False
2021-09-29,600109.SH,559,644,599.8,32.721552530404175,85,False,False
2021-09-29,600111.SH,117,352,233.6,106.1969867745785,235,False,False
2021-09-29,600115.SH,348,454,397.0,41.86884283091664,106,False,False
2021-09-29,600118.SH,38,366,161.0,126.62543188475212,328,False,False
2021-09-29,600126.SH,346,484,396.4,55.50045044862249,138,False,False
2021-09-29,600131.SH,131,206,155.4,30.996774025694997,75,False,False
2021-09-29,600132.SH,243,404,341.8,69.85484950953656,161,False,False
2021-09-29,600141.SH,370,490,419.4,50.007999360102374,120,False,False
2021-09-29,600143.SH,594,675,620.2,32.3681942653587,81,False,False
2021-09-29,600150.SH,491,601,544.4,41.80669802794763,110,False,False
2021-09-29,600153.SH,608,663,632.0,22.68259244442751,55,False,False
2021-09-29,600157.SH,96,232,145.2,52.083586666050564,136,False,False
2021-09-29,600160.SH,448,601,510.6,57.5352066129948,153,False,False
2021-09-29,600161.SH,141,270,201.0,55.330823236239674,129,False,False
2021-09-29,600166.SH,347,492,437.6,55.97588766602992,145,False,False
2021-09-29,600170.SH,578,659,636.8,34.57889529756554,81,False,False
2021-09-29,600171.SH,285,482,413.2,86.34639540826241,197,False,False
2021-09-29,600176.SH,262,445,348.6,75.56983525190458,183,False,False
2021-09-29,600177.SH,525,607,563.4,34.989998571020266,82,False,False
2021-09-29,600183.SH,180,240,203.4,26.651453994106962,60,False,False
2021-09-29,600188.SH,179,271,213.8,40.831360496559505,92,False,False
2021-09-29,600196.SH,144,437,276.6,110.78041343125598,293,False,False
2021-09-29,600208.SH,557,625,595.6,27.236005580848307,68,False,False
2021-09-29,600219.SH,448,682,573.4,102.5148769691502,234,False,False
2021-09-29,600233.SH,204,387,303.8,91.09171202694569,183,False,False
2021-09-29,600276.SH,650,694,674.0,20.161845153655953,44,False,False
2021-09-29,600282.SH,129,314,224.8,81.29698641401168,185,False,False
2021-09-29,600295.SH,315,352,331.0,18.35755975068582,37,False,False
2021-09-29,600298.SH,234,490,362.2,108.52280866251112,256,False,False
2021-09-29,600299.SH,340,501,449.8,70.43933560163667,161,False,False
2021-09-29,600309.SH,258,368,314.0,48.89273974732854,110,False,False
2021-09-29,600312.SH,99,282,216.2,71.60097764695675,183,False,False
2021-09-29,600316.SH,311,509,384.0,81.83520025025906,198,False,False
2021-09-29,600329.SH,127,277,183.0,63.714205637361594,150,False,False
2021-09-29,600332.SH,132,237,169.6,50.132823578968704,105,False,False
2021-09-29,600339.SH,659,686,676.0,11.895377253370318,27,False,False
2021-09-29,600346.SH,307,463,367.2,66.34907685868734,156,False,False
2021-09-29,600348.SH,259,359,307.0,45.18296139032943,100,False,False
2021-09-29,600352.SH,204,423,322.2,87.11314481753027,219,False,False
2021-09-29,600362.SH,439,519,483.0,29.50423698386386,80,False,False
2021-09-29,600363.SH,380,522,461.4,57.73040793204219,142,False,False
2021-09-29,600369.SH,417,613,545.6,75.2847926210865,196,False,False
2021-09-29,600372.SH,29,216,82.0,77.51451476981585,187,False,False
2021-09-29,600377.SH,493,596,557.2,39.88984833262718,103,False,False
2021-09-29,600378.SH,46,156,91.2,43.216894844493396,110,False,False
2021-09-29,600380.SH,280,502,432.6,91.25678056999381,222,False,False
2021-09-29,600390.SH,536,628,577.2,39.65728180296779,92,False,False
2021-09-29,600392.SH,495,679,625.2,74.96132336078387,184,False,False
2021-09-29,600398.SH,528,644,576.8,48.173644246620995,116,False,False
2021-09-29,600406.SH,403,532,496.8,53.8767111097179,129,False,False
2021-09-29,600415.SH,273,449,342.0,80.16857239592083,176,False,False
2021-09-29,600426.SH,400,557,497.4,62.84345630214811,157,False,False
2021-09-29,600435.SH,88,291,170.6,77.15439067220996,203,False,False
2021-09-29,600436.SH,43,361,152.0,124.36237373096414,318,False,False
2021-09-29,600438.SH,331,577,468.4,97.34372090689773,246,False,False
2021-09-29,600460.SH,41,122,80.4,30.88365263371546,81,False,False
2021-09-29,600482.SH,363,469,414.2,48.40661111873047,106,False,False
2021-09-29,600483.SH,425,564,498.6,53.420969665478744,139,False,False
2021-09-29,600486.SH,519,641,579.4,43.90102504498044,122,False,False
2021-09-29,600489.SH,225,566,456.6,137.44380669931985,341,False,False
2021-09-29,600497.SH,196,265,236.0,32.07023542164915,69,False,False
2021-09-29,600498.SH,308,534,398.0,97.71386800244886,226,False,False
2021-09-29,600499.SH,335,520,432.8,83.85523239488398,185,False,False
2021-09-29,600511.SH,220,385,311.2,73.16898249941707,165,False,False
2021-09-29,600515.SH,93,183,150.2,34.75197836095091,90,False,False
2021-09-29,600516.SH,282,379,327.2,37.23842101915709,97,False,False
2021-09-29,600517.SH,481,592,529.4,49.611490604496055,111,False,False
2021-09-29,600519.SH,554,595,570.0,15.378556499229699,41,False,False
2021-09-29,600521.SH,557,641,587.8,31.64964454776704,84,False,False
2021-09-29,600522.SH,79,238,160.6,70.89287693414622,159,False,False
2021-09-29,600535.SH,593,647,614.4,23.860008382228198,54,False,False
2021-09-29,600536.SH,173,438,286.6,109.00137613810203,265,False,False
2021-09-29,600546.SH,272,501,353.8,92.54296299557303,229,False,False
2021-09-29,600547.SH,98,230,176.8,52.01634358545398,132,False,False
2021-09-29,600549.SH,358,616,526.8,102.15527397055915,258,False,False
2021-09-29,600562.SH,255,509,361.2,100.59920476822866,254,False,False
2021-09-29,600563.SH,93,294,181.8,72.25095155082734,201,False,False
2021-09-29,600566.SH,160,331,243.2,71.22288957912336,171,False,False
2021-09-29,600570.SH,229,548,424.2,126.8865635124539,319,False,False
2021-09-29,600578.SH,210,311,265.8,39.61943967296862,101,False,False
2021-09-29,600582.SH,329,424,379.0,38.903727327853815,95,False,False
2021-09-29,600583.SH,419,531,462.4,51.34978091481988,112,False,False
2021-09-29,600584.SH,527,622,572.6,34.44270604932196,95,False,False
2021-09-29,600585.SH,587,670,625.4,35.210793799629116,83,False,False
2021-09-29,600588.SH,414,571,503.0,60.45659600076736,157,False,False
2021-09-29,600598.SH,352,559,451.0,76.61266213883968,207,False,False
2021-09-29,600600.SH,73,255,156.2,79.18775157813234,182,False,False
2021-09-29,600601.SH,1,3,1.4,0.8944271909999161,2,True,True
2021-09-29,600602.SH,139,313,219.8,64.17709871909138,174,False,False
2021-09-29,600606.SH,312,401,352.2,44.007953826552765,89,False,False
2021-09-29,600637.SH,508,630,580.8,47.187922183541836,122,False,False
2021-09-29,600642.SH,180,305,244.0,50.462857628160535,125,False,False
2021-09-29,600655.SH,231,549,366.6,137.4583573305021,318,False,False
2021-09-29,600660.SH,286,460,366.0,76.82772936902404,174,False,False
2021-09-29,600663.SH,593,649,621.4,22.766203021145184,56,False,False
2021-09-29,600674.SH,488,589,541.2,40.812988128780766,101,False,False
2021-09-29,600685.SH,121,271,189.4,55.15704850696781,150,False,False
2021-09-29,600688.SH,354,482,428.2,56.224549798108654,128,False,False
2021-09-29,600690.SH,311,439,384.0,52.43090691567332,128,False,False
2021-09-29,600699.SH,57,121,98.0,25.20912533191106,64,False,False
2021-09-29,600704.SH,455,540,516.2,35.42880184256871,85,False,False
2021-09-29,600707.SH,490,643,577.6,58.52606257044805,153,False,False
2021-09-29,600737.SH,138,242,196.0,47.04784798479097,104,False,False
2021-09-29,600741.SH,112,288,187.0,65.55532015023647,176,False,False
2021-09-29,600754.SH,105,182,139.0,31.662280397975127,77,False,False
2021-09-29,600760.SH,498,585,545.8,31.348046191110537,87,False,False
2021-09-29,600763.SH,246,359,280.2,46.63903944122348,113,False,False
2021-09-29,600764.SH,298,547,417.0,92.26862955522857,249,False,False
2021-09-29,600765.SH,122,335,234.4,76.65050554301648,213,False,False
2021-09-29,600795.SH,164,307,205.2,60.685253562953825,143,False,False
2021-09-29,600801.SH,133,374,264.0,95.98958276813167,241,False,False
2021-09-29,600803.SH,416,483,442.8,29.09810990425323,67,False,False
2021-09-29,600808.SH,300,367,336.0,32.01562118716424,67,False,False
2021-09-29,600809.SH,451,603,533.4,54.178408983653256,152,False,False
2021-09-29,600816.SH,64,298,192.4,111.59435469592536,234,False,False
2021-09-29,600820.SH,566,646,611.0,30.430248109405877,80,False,False
2021-09-29,600845.SH,154,349,260.2,85.50263153845032,195,False,False
2021-09-29,600848.SH,342,432,380.4,40.99146252575041,90,False,False
2021-09-29,600862.SH,105,305,213.0,73.96282850189006,200,False,False
2021-09-29,600863.SH,102,174,143.8,27.508180601413827,72,False,False
2021-09-29,600871.SH,120,538,275.8,157.91200081057806,418,False,False
2021-09-29,600873.SH,132,306,198.0,67.05221845696084,174,False,False
2021-09-29,600875.SH,619,665,640.0,16.748134224444225,46,False,False
2021-09-29,600879.SH,285,436,385.2,62.375475950087946,151,False,False
2021-09-29,600884.SH,145,303,228.8,72.15053707353813,158,False,False
2021-09-29,600885.SH,26,67,45.2,18.019433953373788,41,False,False
2021-09-29,600886.SH,364,494,447.4,58.097332124633745,130,False,False
2021-09-29,600887.SH,377,485,443.2,45.94779646511898,108,False,False
2021-09-29,600893.SH,468,559,504.6,38.030251116709714,91,False,False
2021-09-29,600900.SH,647,688,668.0,14.594519519326424,41,False,False
2021-09-29,600901.SH,653,684,665.6,13.315404612703288,31,False,False
2021-09-29,600905.SH,614,686,643.4,29.30528962491243,72,False,False
2021-09-29,600906.SH,695,697,696.4,0.8944271909999159,2,False,False
2021-09-29,600909.SH,591,649,621.8,24.10808992848666,58,False,False
2021-09-29,600918.SH,476,527,497.8,23.530830839560256,51,False,False
2021-09-29,600919.SH,567,668,629.2,41.32432697576574,101,False,False
2021-09-29,600926.SH,553,603,570.4,19.56527536223296,50,False,False
2021-09-29,600958.SH,586,665,623.4,29.888124732073774,79,False,False
2021-09-29,600967.SH,258,378,320.0,46.18982571952399,120,False,False
2021-09-29,600968.SH,316,465,400.4,56.51813868131186,149,False,False
2021-09-29,600970.SH,166,348,264.6,68.84620541467771,182,False,False
2021-09-29,600977.SH,360,475,414.0,41.99404719719213,115,False,False
2021-09-29,600985.SH,427,570,501.8,69.93353987894507,143,False,False
2021-09-29,600988.SH,223,421,325.6,93.16276080065468,198,False,False
2021-09-29,600989.SH,480,505,493.6,11.148990985734986,25,False,False
2021-09-29,600995.SH,190,319,242.2,54.45824088234948,129,False,False
2021-09-29,600998.SH,222,507,354.0,110.63679315670714,285,False,False
2021-09-29,600999.SH,650,689,677.4,15.820872289478858,39,False,False
2021-09-29,601000.SH,379,524,452.4,58.114542069950105,145,False,False
2021-09-29,601001.SH,339,503,419.2,67.39955489467272,164,False,False
2021-09-29,601006.SH,497,578,545.6,32.269180342859656,81,False,False
2021-09-29,601009.SH,481,536,501.6,20.586403279834972,55,False,False
2021-09-29,601012.SH,263,498,328.0,99.22449294403071,235,False,False
2021-09-29,601016.SH,635,691,669.6,27.272696969680137,56,False,False
2021-09-29,601018.SH,628,662,647.6,13.520355024924456,34,False,False
2021-09-29,601019.SH,394,640,517.2,87.4911424088176,246,False,False
2021-09-29,601021.SH,127,401,245.0,106.31321648788546,274,False,False
2021-09-29,601058.SH,244,514,378.4,114.7553920301787,270,False,False
2021-09-29,601066.SH,488,564,537.0,29.512709126747414,76,False,False
2021-09-29,601077.SH,568,627,598.2,21.924871721403523,59,False,False
2021-09-29,601088.SH,372,458,427.4,36.60327854168257,86,False,False
2021-09-29,601098.SH,427,590,502.2,67.89477152181897,163,False,False
2021-09-29,601099.SH,388,524,476.8,54.48577796085874,136,False,False
2021-09-29,601100.SH,428,579,500.4,60.69843490568764,151,False,False
2021-09-29,601106.SH,653,683,670.6,12.259690045021529,30,False,False
2021-09-29,601108.SH,547,650,618.2,41.43307857256084,103,False,False
2021-09-29,601111.SH,263,500,358.4,87.86239240994978,237,False,False
2021-09-29,601117.SH,391,608,511.0,77.73351915358008,217,False,False
2021-09-29,601118.SH,112,237,174.6,55.693805759707246,125,False,False
2021-09-29,601127.SH,528,661,617.6,51.91627875724531,133,False,False
2021-09-29,601128.SH,578,632,594.0,22.66053838724932,54,False,False
2021-09-29,601138.SH,199,551,313.8,140.36808754129265,352,False,False
2021-09-29,601139.SH,201,299,258.0,41.02438299353203,98,False,False
2021-09-29,601155.SH,462,530,491.6,28.130055101261355,68,False,False
2021-09-29,601156.SH,335,592,456.8,94.92997419150603,257,False,False
2021-09-29,601162.SH,244,419,323.0,67.9301111437336,175,False,False
2021-09-29,601166.SH,523,605,561.6,30.311713907332923,82,False,False
2021-09-29,601169.SH,658,686,673.2,10.134100848126586,28,False,False
2021-09-29,601179.SH,152,252,207.0,44.07947368106838,100,False,False
2021-09-29,601186.SH,627,683,659.8,22.48777445635739,56,False,False
2021-09-29,601198.SH,670,693,681.0,9.746794344808963,23,False,False
2021-09-29,601211.SH,666,687,677.4,8.677557259966655,21,False,False
2021-09-29,601212.SH,69,163,107.6,46.74719242906466,94,False,False
2021-09-29,601216.SH,304,421,363.6,56.835728199786445,117,False,False
2021-09-29,601225.SH,414,518,494.4,45.15860936742849,104,False,False
2021-09-29,601228.SH,325,568,422.0,98.00255098720645,243,False,False
2021-09-29,601229.SH,645,678,661.2,13.516656391282572,33,False,False
2021-09-29,601233.SH,178,326,249.8,54.28812024743535,148,False,False
2021-09-29,601236.SH,353,492,436.2,56.30008880987667,139,False,False
2021-09-29,601238.SH,347,594,454.0,90.30503861911582,247,False,False
2021-09-29,601288.SH,657,682,675.0,10.319883720275147,25,False,False
2021-09-29,601298.SH,458,555,516.4,39.13182847759609,97,False,False
2021-09-29,601318.SH,509,600,548.8,36.60874212534487,91,False,False
2021-09-29,601319.SH,343,446,399.2,36.81304116749932,103,False,False
2021-09-29,601328.SH,666,688,677.2,8.07465169527454,22,False,False
2021-09-29,601336.SH,410,616,480.2,78.9886067733822,206,False,False
2021-09-29,601360.SH,634,690,667.4,21.349473061413015,56,False,False
2021-09-29,601377.SH,634,679,665.2,17.838161340227863,45,False,False
2021-09-29,601390.SH,632,681,659.8,20.80144225768973,49,False,False
2021-09-29,601398.SH,685,689,687.2,1.4832396974191326,4,False,False
2021-09-29,601399.SH,47,114,78.0,26.61766330841233,67,False,False
2021-09-29,601456.SH,397,638,512.4,89.26253413386829,241,False,False
2021-09-29,601555.SH,681,696,691.0,5.830951894845301,15,False,False
2021-09-29,601567.SH,308,562,433.8,108.46750665521911,254,False,False
2021-09-29,601577.SH,604,666,645.4,24.673872821265817,62,False,False
2021-09-29,601598.SH,93,245,142.4,59.382657400961776,152,False,False
2021-09-29,601600.SH,160,328,257.0,75.09327533141699,168,False,False
2021-09-29,601601.SH,575,635,590.6,25.706030420895406,60,False,False
2021-09-29,601607.SH,297,453,368.6,64.29852253356992,156,False,False
2021-09-29,601608.SH,261,454,329.8,77.84728640100437,193,False,False
2021-09-29,601611.SH,603,668,646.8,26.508489206290125,65,False,False
2021-09-29,601615.SH,346,586,503.4,100.53755517218428,240,False,False
2021-09-29,601618.SH,651,685,668.4,15.388307249337075,34,False,False
2021-09-29,601628.SH,514,633,582.8,45.455472717814736,119,False,False
2021-09-29,601633.SH,359,505,434.2,60.32163790879687,146,False,False
2021-09-29,601658.SH,537,611,577.2,29.48219801846531,74,False,False
2021-09-29,601665.SH,692,696,693.6,1.8165902124584952,4,False,False
2021-09-29,601666.SH,515,582,557.8,25.90752786353804,67,False,False
2021-09-29,601668.SH,535,670,615.4,54.24297189498378,135,False,False
2021-09-29,601669.SH,553,630,608.4,31.453139747885267,77,False,False
2021-09-29,601688.SH,646,672,659.2,10.03493896344168,26,False,False
2021-09-29,601689.SH,195,505,360.2,140.23266381267953,310,False,False
2021-09-29,601696.SH,510,608,583.2,41.40893623361991,98,False,False
2021-09-29,601698.SH,89,312,164.8,85.5961447729978,223,False,False
2021-09-29,601699.SH,239,480,366.8,89.08254598966063,241,False,False
2021-09-29,601717.SH,49,172,91.4,47.19427931434063,123,False,False
2021-09-29,601728.SH,641,690,671.4,18.160396471443015,49,False,False
2021-09-29,601766.SH,655,669,661.6,6.148170459575759,14,False,False
2021-09-29,601788.SH,588,661,632.0,28.922309727959142,73,False,False
2021-09-29,601799.SH,33,78,51.4,18.981570008826985,45,False,False
2021-09-29,601800.SH,622,661,649.8,16.42254547870092,39,False,False
2021-09-29,601808.SH,185,328,263.2,68.81642245859632,143,False,False
2021-09-29,601816.SH,399,512,453.8,53.950903606890584,113,False,False
2021-09-29,601818.SH,657,674,666.0,6.2048368229954285,17,False,False
2021-09-29,601825.SH,689,697,693.2,3.1937438845342623,8,False,False
2021-09-29,601838.SH,560,636,597.4,26.94067556688214,76,False,False
2021-09-29,601857.SH,102,190,153.8,33.31966386385073,88,False,False
2021-09-29,601865.SH,162,253,198.4,34.28264867246987,91,False,False
2021-09-29,601866.SH,539,628,584.6,32.12942576517669,89,False,False
2021-09-29,601868.SH,549,643,599.4,40.64849320700584,94,False,False
2021-09-29,601872.SH,30,113,60.4,33.38113239541163,83,False,False
2021-09-29,601877.SH,296,433,356.2,59.11598768522776,137,False,False
2021-09-29,601878.SH,411,621,530.4,79.8955568226419,210,False,False
2021-09-29,601880.SH,496,633,579.4,54.09066462893574,137,False,False
2021-09-29,601881.SH,620,690,651.2,25.23291501194422,70,False,False
2021-09-29,601888.SH,533,640,568.8,44.56680378936771,107,False,False
2021-09-29,601898.SH,97,142,115.2,17.96385259347226,45,False,False
2021-09-29,601899.SH,496,638,576.6,58.32495177880561,142,False,False
2021-09-29,601901.SH,573,640,616.4,25.657357619209346,67,False,False
2021-09-29,601916.SH,540,618,583.2,29.54995769878529,78,False,False
2021-09-29,601919.SH,226,382,325.8,61.04260807010133,156,False,False
2021-09-29,601928.SH,180,409,303.0,82.08836701993772,229,False,False
2021-09-29,601939.SH,647,666,655.4,7.503332592921628,19,False,False
2021-09-29,601958.SH,185,318,263.0,66.04543890383347,133,False,False
2021-09-29,601966.SH,227,565,405.8,122.0192607746826,338,False,False
2021-09-29,601985.SH,598,634,619.8,13.21741275741966,36,False,False
2021-09-29,601988.SH,682,694,688.6,4.669047011971501,12,False,False
2021-09-29,601990.SH,474,635,555.4,57.78235024642041,161,False,False
2021-09-29,601991.SH,82,277,161.4,75.20172870353447,195,False,False
2021-09-29,601995.SH,637,679,659.0,17.029386365926403,42,False,False
2021-09-29,601997.SH,642,664,649.8,9.06642156531451,22,False,False
2021-09-29,601998.SH,673,684,679.2,4.324349662087931,11,False,False
2021-09-29,603000.SH,179,377,277.8,82.90778009330609,198,False,False
2021-09-29,603019.SH,84,137,116.8,19.766132651583618,53,False,False
2021-09-29,603077.SH,371,453,407.0,30.23243291566195,82,False,False
2021-09-29,603087.SH,207,517,347.8,114.20464088643683,310,False,False
2021-09-29,603129.SH,219,473,367.2,99.56003214141707,254,False,False
2021-09-29,603156.SH,343,612,468.2,114.26591792831316,269,False,False
2021-09-29,603160.SH,450,562,501.2,47.29376280229773,112,False,False
2021-09-29,603179.SH,27,62,38.0,13.838352503098047,35,False,False
2021-09-29,603225.SH,65,213,106.0,60.778285596090974,148,False,False
2021-09-29,603233.SH,197,370,286.4,77.5261246290565,173,False,False
2021-09-29,603259.SH,257,492,355.0,88.47598544237866,235,False,False
2021-09-29,603260.SH,110,217,160.8,40.71486215130784,107,False,False
2021-09-29,603288.SH,506,684,599.4,73.9039917731106,178,False,False
2021-09-29,603290.SH,8,13,11.2,2.16794833886788,5,True,False
2021-09-29,603298.SH,15,127,42.4,47.64241807465276,112,True,False
2021-09-29,603338.SH,361,538,451.6,66.22159768534733,177,False,False
2021-09-29,603345.SH,258,472,340.6,92.59481626959472,214,False,False
2021-09-29,603369.SH,91,367,237.4,120.54584190257248,276,False,False
2021-09-29,603379.SH,248,430,359.2,67.17663284208282,182,False,False
2021-09-29,603392.SH,43,104,81.6,23.61778990506944,61,False,False
2021-09-29,603444.SH,209,316,270.6,50.80649564770237,107,False,False
2021-09-29,603486.SH,9,25,15.6,6.655824516917495,16,True,False
2021-09-29,603501.SH,32,163,89.4,54.87531321095124,131,False,False
2021-09-29,603529.SH,122,336,201.0,88.3742043811428,214,False,False
2021-09-29,603565.SH,116,187,157.6,26.49150807334305,71,False,False
2021-09-29,603568.SH,85,323,186.4,89.93775625397822,238,False,False
2021-09-29,603589.SH,512,663,609.6,59.070297104382334,151,False,False
2021-09-29,603596.SH,35,203,125.0,63.97265040624782,168,False,False
2021-09-29,603605.SH,24,45,36.4,8.142481194328912,21,False,False
2021-09-29,603606.SH,51,143,100.2,38.06179186533392,92,False,False
2021-09-29,603650.SH,13,29,21.4,6.107372593840988,16,True,False
2021-09-29,603658.SH,391,513,462.8,48.41177542705906,122,False,False
2021-09-29,603659.SH,169,300,245.0,50.38849074937649,131,False,False
2021-09-29,603688.SH,50,70,56.8,7.726577508832743,20,False,False
2021-09-29,603699.SH,440,609,558.4,70.44004542871903,169,False,False
2021-09-29,603728.SH,9,18,15.8,3.8340579025361627,9,True,False
2021-09-29,603737.SH,167,515,354.4,154.02532259339696,348,False,False
2021-09-29,603766.SH,266,334,300.0,31.40859754907882,68,False,False
2021-09-29,603786.SH,23,267,115.4,94.62716311926506,244,False,False
2021-09-29,603799.SH,67,211,115.4,56.491592294783125,144,False,False
2021-09-29,603806.SH,548,630,585.2,37.612497922897916,82,False,False
2021-09-29,603816.SH,50,131,95.2,35.60477496067065,81,False,False
2021-09-29,603833.SH,408,566,516.4,63.05790989241556,158,False,False
2021-09-29,603858.SH,396,558,478.4,69.05287828903296,162,False,False
2021-09-29,603885.SH,159,393,308.0,94.41927769264072,234,False,False
2021-09-29,603893.SH,2,5,3.6,1.5165750888103102,3,True,True
2021-09-29,603899.SH,54,218,117.2,67.22127639371332,164,False,False
2021-09-29,603920.SH,71,283,208.6,86.89821632231585,212,False,False
2021-09-29,603939.SH,287,504,372.8,96.7403741981599,217,False,False
2021-09-29,603979.SH,4,15,9.4,4.61519230368573,11,True,True
2021-09-29,603986.SH,87,283,149.4,78.18759492400312,196,False,False
2021-09-29,603993.SH,101,273,211.6,66.34606243026032,172,False,False
2021-09-29,605117.SH,156,526,402.0,159.3941655142998,370,False,False
2021-09-29,605358.SH,10,25,15.0,5.958187643906492,15,True,False
2021-09-29,605499.SH,240,495,419.8,108.36835331405567,255,False,False
2021-09-29,605589.SH,342,526,420.8,79.03606771594852,184,False,False
2021-09-29,688002.SH,58,129,85.2,33.655608745051694,71,False,False
2021-09-29,688008.SH,411,560,489.6,58.769039468073665,149,False,False
2021-09-29,688009.SH,153,353,270.2,81.91275846899553,200,False,False
2021-09-29,688012.SH,197,319,246.6,54.820616559830846,122,False,False
2021-09-29,688017.SH,74,108,90.6,16.486357996840905,34,False,False
2021-09-29,688018.SH,7,14,11.0,3.082207001484488,7,True,False
2021-09-29,688019.SH,38,87,62.4,20.415680248279752,49,False,False
2021-09-29,688027.SH,171,427,274.6,103.20029069726499,256,False,False
2021-09-29,688036.SH,221,332,270.6,45.818118686825194,111,False,False
2021-09-29,688037.SH,18,29,22.8,3.96232255123179,11,True,False
2021-09-29,688065.SH,39,173,102.8,53.05845832664194,134,False,False
2021-09-29,688099.SH,6,12,7.6,2.6076809620810595,6,True,False
2021-09-29,688111.SH,290,479,408.6,76.88823056879382,189,False,False
2021-09-29,688122.SH,19,32,24.4,5.176871642217914,13,True,False
2021-09-29,688126.SH,150,338,268.0,77.93907877310329,188,False,False
2021-09-29,688166.SH,28,101,58.2,28.51666179622012,73,False,False
2021-09-29,688169.SH,268,511,438.0,97.93620372466967,243,False,False
2021-09-29,688180.SH,243,511,408.0,98.94948206029176,268,False,False
2021-09-29,688183.SH,41,148,94.4,43.54652684198821,107,False,False
2021-09-29,688187.SH,433,606,530.6,63.885053024944725,173,False,False
2021-09-29,688188.SH,108,213,143.0,40.90843433816552,105,False,False
2021-09-29,688256.SH,233,364,326.2,53.941635125383435,131,False,False
2021-09-29,688266.SH,349,487,408.4,56.822530742655246,138,False,False
2021-09-29,688278.SH,16,50,37.0,13.038404810405298,34,True,False
2021-09-29,688301.SH,88,229,150.0,62.65780079128216,141,False,False
2021-09-29,688303.SH,599,630,612.0,11.313708498984761,31,False,False
2021-09-29,688318.SH,182,370,289.6,79.4059191748323,188,False,False
2021-09-29,688336.SH,294,483,399.6,68.84257403671074,189,False,False
2021-09-29,688363.SH,174,277,217.6,44.23008026219261,103,False,False
2021-09-29,688385.SH,202,574,419.6,134.67479348415577,372,False,False
2021-09-29,688396.SH,100,320,216.2,85.92554916903353,220,False,False
2021-09-29,688425.SH,450,569,515.6,45.697921178101744,119,False,False
2021-09-29,688520.SH,137,440,282.2,126.22678004290532,303,False,False
2021-09-29,688538.SH,71,238,150.0,59.61962764056817,167,False,False
2021-09-29,688561.SH,148,430,264.0,132.2781161039119,282,False,False
2021-09-29,688568.SH,73,299,180.6,91.99347802969513,226,False,False
2021-09-29,688578.SH,147,190,167.0,16.416455159382004,43,False,False
2021-09-29,688599.SH,101,279,160.4,70.13772166245492,178,False,False
2021-09-29,688608.SH,62,107,78.4,17.728508115461945,45,False,False
2021-09-29,688617.SH,24,100,62.8,28.38485511676958,76,False,False
2021-09-29,688676.SH,92,271,148.4,73.45951265833445,179,False,False
2021-09-29,688728.SH,285,443,362.6,62.21575363201831,158,False,False
2021-09-29,688777.SH,51,214,114.6,62.93488698647197,163,False,False
2021-09-29,688778.SH,500,590,557.8,40.671857592197576,90,False,False
2021-09-29,688819.SH,119,448,256.6,131.70345477625102,329,False,False
2021-09-29,688981.SH,502,569,539.0,29.5550334122633,67,False,False
2021-09-29,689009.SH,16,99,55.4,35.40197734590541,83,True,False
2021-11-03,000001.SZ,551,606,578.0,23.90606617576384,55,False,False
2021-11-03,000002.SZ,498,580,541.6,32.40833226193536,82,False,False
2021-11-03,000009.SZ,78,312,214.4,97.36683213497295,234,False,False
2021-11-03,000021.SZ,233,452,359.6,85.23379611398286,219,False,False
2021-11-03,000027.SZ,314,440,364.8,46.05105861975379,126,False,False
2021-11-03,000032.SZ,231,524,360.4,137.61286277089073,293,False,False
2021-11-03,000034.SZ,148,442,319.8,110.31862943311071,294,False,False
2021-11-03,000039.SZ,188,394,291.8,75.2542357611849,206,False,False
2021-11-03,000050.SZ,395,488,446.4,39.38654592624238,93,False,False
2021-11-03,000060.SZ,143,300,234.0,68.00367637120804,157,False,False
2021-11-03,000062.SZ,214,341,267.2,48.04893339086727,127,False,False
2021-11-03,000063.SZ,231,467,302.2,95.29795380804353,236,False,False
2021-11-03,000088.SZ,139,354,241.4,97.12517696251575,215,False,False
2021-11-03,000100.SZ,462,530,490.0,26.143832924802744,68,False,False
2021-11-03,000155.SZ,200,311,273.8,44.51067287741222,111,False,False
2021-11-03,000157.SZ,591,660,625.4,28.147824072208497,69,False,False
2021-11-03,000166.SZ,647,673,663.0,11.067971810589327,26,False,False
2021-11-03,000301.SZ,431,519,476.4,34.092521174005306,88,False,False
2021-11-03,000333.SZ,513,563,541.6,20.119642143934865,50,False,False
2021-11-03,000338.SZ,556,679,622.4,50.767115340543036,123,False,False
2021-11-03,000400.SZ,277,417,353.0,58.348093370734915,140,False,False
2021-11-03,000408.SZ,411,614,535.0,76.18726927774745,203,False,False
2021-11-03,000415.SZ,369,540,453.6,73.71431339977332,171,False,False
2021-11-03,000423.SZ,372,479,431.4,40.75291400624009,107,False,False
2021-11-03,000425.SZ,300,473,394.8,73.3430296619931,173,False,False
2021-11-03,000429.SZ,512,609,559.4,42.51235114646096,97,False,False
2021-11-03,000513.SZ,303,412,358.0,44.24364361125788,109,False,False
2021-11-03,000519.SZ,257,334,296.4,33.96027090586882,77,False,False
2021-11-03,000528.SZ,271,554,415.0,116.03878661895772,283,False,False
2021-11-03,000537.SZ,129,511,332.6,143.03251378620175,382,False,False
2021-11-03,000538.SZ,538,687,599.2,61.94917271441161,149,False,False
2021-11-03,000539.SZ,76,171,110.2,35.730938974507794,95,False,False
2021-11-03,000559.SZ,73,148,110.2,27.086897201414562,75,False,False
2021-11-03,000568.SZ,470,644,562.2,62.70725635841517,174,False,False
2021-11-03,000582.SZ,139,399,291.2,101.69906587574931,260,False,False
2021-11-03,000591.SZ,348,439,386.2,38.525316351718644,91,False,False
2021-11-03,000596.SZ,435,562,509.4,49.661856590345074,127,False,False
2021-11-03,000598.SZ,201,298,253.4,39.09347771687753,97,False,False
2021-11-03,000617.SZ,638,660,645.8,9.038805230781334,22,False,False
2021-11-03,000623.SZ,347,524,435.4,67.03208187129502,177,False,False
2021-11-03,000625.SZ,441,589,527.6,55.351603409476766,148,False,False
2021-11-03,000629.SZ,125,310,201.2,74.49630863338129,185,False,False
2021-11-03,000630.SZ,210,337,258.2,55.14254256016854,127,False,False
2021-11-03,000651.SZ,422,540,499.2,46.051058619753796,118,False,False
2021-11-03,000657.SZ,91,352,209.0,100.78938436164793,261,False,False
2021-11-03,000661.SZ,202,553,396.0,153.5773420788366,351,False,False
2021-11-03,000683.SZ,204,458,383.8,102.04018816133181,254,False,False
2021-11-03,000703.SZ,335,509,469.2,75.1944146861986,174,False,False
2021-11-03,000708.SZ,424,561,503.6,50.302087431835275,137,False,False
2021-11-03,000709.SZ,56,196,115.0,52.848841046895245,140,False,False
2021-11-03,000723.SZ,90,255,187.6,63.744019327306304,165,False,False
2021-11-03,000725.SZ,374,457,417.4,36.610107893859045,83,False,False
2021-11-03,000728.SZ,644,695,675.4,22.63404515326414,51,False,False
2021-11-03,000729.SZ,248,504,398.2,94.38855862868127,256,False,False
2021-11-03,000733.SZ,167,320,250.0,64.03124237432849,153,False,False
2021-11-03,000738.SZ,83,278,152.0,81.28037893612455,195,False,False
2021-11-03,000739.SZ,166,251,213.6,35.21789317946205,85,False,False
2021-11-03,000750.SZ,441,593,533.4,59.357392126002296,152,False,False
2021-11-03,000768.SZ,331,606,478.2,107.11535837591173,275,False,False
2021-11-03,000776.SZ,622,679,650.6,22.82104292095346,57,False,False
2021-11-03,000783.SZ,602,652,619.0,19.862024066041204,50,False,False
2021-11-03,000785.SZ,396,588,510.6,79.99874999023422,192,False,False
2021-11-03,000786.SZ,479,677,552.2,78.36580887096108,198,False,False
2021-11-03,000792.SZ,615,639,625.6,12.280065146407,24,False,False
2021-11-03,000807.SZ,258,383,337.6,50.82125539574952,125,False,False
2021-11-03,000825.SZ,114,267,191.8,73.58464513741981,153,False,False
2021-11-03,000830.SZ,201,291,236.4,33.575288531895,90,False,False
2021-11-03,000831.SZ,209,408,311.0,73.06503951959515,199,False,False
2021-11-03,000858.SZ,663,696,677.4,13.088162590677118,33,False,False
2021-11-03,000878.SZ,262,520,403.6,99.63081852519329,258,False,False
2021-11-03,000883.SZ,168,294,243.2,46.858297024113035,126,False,False
2021-11-03,000887.SZ,150,391,207.8,102.75066909757815,241,False,False
2021-11-03,000893.SZ,164,421,309.0,110.64583137199521,257,False,False
2021-11-03,000895.SZ,246,455,375.4,77.7000643500377,209,False,False
2021-11-03,000898.SZ,452,532,478.4,33.70904923013997,80,False,False
2021-11-03,000921.SZ,193,385,276.4,81.352934796478,192,False,False
2021-11-03,000932.SZ,269,448,375.2,74.14984828035726,179,False,False
2021-11-03,000937.SZ,206,249,231.2,15.84929020492716,43,False,False
2021-11-03,000938.SZ,432,472,449.0,16.09347693943108,40,False,False
2021-11-03,000951.SZ,450,601,511.2,56.95348979649974,151,False,False
2021-11-03,000959.SZ,140,288,213.8,65.41177264071048,148,False,False
2021-11-03,000960.SZ,102,255,173.4,68.75536342715381,153,False,False
2021-11-03,000963.SZ,530,648,595.2,50.54404020257977,118,False,False
2021-11-03,000967.SZ,594,625,613.4,12.700393694685216,31,False,False
2021-11-03,000975.SZ,155,376,301.2,86.482368145189,221,False,False
2021-11-03,000977.SZ,441,517,489.8,33.07113545072198,76,False,False
2021-11-03,000983.SZ,161,227,196.2,27.878306978724517,66,False,False
2021-11-03,000987.SZ,389,503,444.6,42.61807128437419,114,False,False
2021-11-03,000997.SZ,197,293,231.2,37.35237609577201,96,False,False
2021-11-03,000999.SZ,486,537,513.0,21.15419580130618,51,False,False
2021-11-03,001696.SZ,115,433,295.6,127.17625564546238,318,False,False
2021-11-03,001965.SZ,452,557,519.0,40.09364039345891,105,False,False
2021-11-03,001979.SZ,157,350,223.4,74.97532927570242,193,False,False
2021-11-03,002001.SZ,508,627,578.8,48.4427497155147,119,False,False
2021-11-03,002007.SZ,461,539,508.6,31.516662259826944,78,False,False
2021-11-03,002008.SZ,45,95,65.2,21.614809737770074,50,False,False
2021-11-03,002025.SZ,90,150,119.4,27.45541840875859,60,False,False
2021-11-03,002027.SZ,449,589,516.2,55.8990160915199,140,False,False
2021-11-03,002028.SZ,93,251,169.2,57.6341912409639,158,False,False
2021-11-03,002032.SZ,260,645,468.2,150.8764395126025,385,False,False
2021-11-03,002044.SZ,198,424,330.6,86.14986941371414,226,False,False
2021-11-03,002049.SZ,296,428,370.2,48.52009892817615,132,False,False
2021-11-03,002050.SZ,97,229,157.8,47.552076715954264,132,False,False
2021-11-03,002056.SZ,83,116,101.6,12.876334882255899,33,False,False
2021-11-03,002064.SZ,541,686,615.6,52.633639433350986,145,False,False
2021-11-03,002065.SZ,78,163,101.2,35.44996473905157,85,False,False
2021-11-03,002074.SZ,126,271,184.2,54.19132771947925,145,False,False
2021-11-03,002078.SZ,579,600,589.4,8.848728722251575,21,False,False
2021-11-03,002085.SZ,48,298,186.8,101.0727460792473,250,False,False
2021-11-03,002120.SZ,103,267,177.0,59.1227536571158,164,False,False
2021-11-03,002126.SZ,14,36,23.6,9.710818709048171,22,True,False
2021-11-03,002130.SZ,43,80,59.2,14.720733677368122,37,False,False
2021-11-03,002131.SZ,44,117,65.6,29.551649700143646,73,False,False
2021-11-03,002138.SZ,58,145,99.8,35.202272653906874,87,False,False
2021-11-03,002142.SZ,573,597,584.6,8.96102672688794,24,False,False
2021-11-03,002152.SZ,264,482,397.8,93.38201111563191,218,False,False
2021-11-03,002153.SZ,141,362,208.2,87.90733757770167,221,False,False
2021-11-03,002155.SZ,378,450,411.4,32.90592651787821,72,False,False
2021-11-03,002157.SZ,146,361,224.4,83.67675901945533,215,False,False
2021-11-03,002179.SZ,202,453,334.4,108.81544008090027,251,False,False
2021-11-03,002185.SZ,56,90,72.4,14.926486525636232,34,False,False
2021-11-03,002195.SZ,336,437,402.2,44.572412992791854,101,False,False
2021-11-03,002202.SZ,433,545,492.0,54.38290172471491,112,False,False
2021-11-03,002203.SZ,315,531,462.8,84.75966021640248,216,False,False
2021-11-03,002223.SZ,172,324,253.2,60.15563149032682,152,False,False
2021-11-03,002230.SZ,63,213,134.0,65.99242380758567,150,False,False
2021-11-03,002236.SZ,176,310,248.2,48.37044552203339,134,False,False
2021-11-03,002241.SZ,106,180,142.8,27.04995378923964,74,False,False
2021-11-03,002244.SZ,311,497,426.2,78.17416453023338,186,False,False
2021-11-03,002252.SZ,521,621,571.4,35.71134273588715,100,False,False
2021-11-03,002261.SZ,72,181,123.6,39.909898521544754,109,False,False
2021-11-03,002262.SZ,285,395,328.0,42.59694824749773,110,False,False
2021-11-03,002265.SZ,3,19,9.8,5.805170109479997,16,True,True
2021-11-03,002266.SZ,107,203,162.0,41.27953488110059,96,False,False
2021-11-03,002271.SZ,181,479,309.6,136.6264981619598,298,False,False
2021-11-03,002273.SZ,232,458,323.8,91.87872441430606,226,False,False
2021-11-03,002281.SZ,313,488,402.2,74.27449091040612,175,False,False
2021-11-03,002299.SZ,46,53,50.6,2.7928480087537886,7,False,False
2021-11-03,002304.SZ,645,693,668.2,22.44326179502436,48,False,False
2021-11-03,002311.SZ,436,523,469.2,32.36046971228941,87,False,False
2021-11-03,002312.SZ,197,427,310.0,100.13490899781155,230,False,False
2021-11-03,002318.SZ,60,276,190.0,87.8663758214711,216,False,False
2021-11-03,002335.SZ,139,459,275.8,115.9555949491011,320,False,False
2021-11-03,002340.SZ,221,317,270.2,35.7659055526349,96,False,False
2021-11-03,002352.SZ,47,115,79.6,31.761612049768505,68,False,False
2021-11-03,002353.SZ,87,132,112.6,16.41036257978476,45,False,False
2021-11-03,002371.SZ,56,159,87.2,41.38477981094016,103,False,False
2021-11-03,002384.SZ,296,460,350.0,65.53243471747406,164,False,False
2021-11-03,002402.SZ,98,340,201.8,94.31436794041511,242,False,False
2021-11-03,002409.SZ,77,237,144.6,71.81086268803627,160,False,False
2021-11-03,002410.SZ,65,196,126.4,48.88046644621959,131,False,False
2021-11-03,002414.SZ,603,692,636.6,33.080205561634585,89,False,False
2021-11-03,002415.SZ,543,647,609.6,46.60793923785947,104,False,False
2021-11-03,002422.SZ,480,577,533.2,36.065218701679875,97,False,False
2021-11-03,002423.SZ,465,637,527.6,71.89088954798098,172,False,False
2021-11-03,002429.SZ,438,507,466.6,27.318491905667123,69,False,False
2021-11-03,002430.SZ,160,295,222.4,50.01299831043926,135,False,False
2021-11-03,002432.SZ,77,187,129.8,40.282750650867925,110,False,False
2021-11-03,002436.SZ,48,136,87.2,37.71869562962112,88,False,False
2021-11-03,002444.SZ,89,198,152.6,45.76352259168868,109,False,False
2021-11-03,002460.SZ,144,327,255.8,67.88740678505846,183,False,False
2021-11-03,002461.SZ,351,444,402.8,37.37913856685304,93,False,False
2021-11-03,002463.SZ,575,663,627.2,35.89846793388264,88,False,False
2021-11-03,002465.SZ,209,337,280.0,64.29618962271404,128,False,False
2021-11-03,002466.SZ,208,277,244.4,29.441467354736243,69,False,False
2021-11-03,002472.SZ,10,19,13.4,3.4351128074635335,9,True,False
2021-11-03,002475.SZ,112,189,147.0,30.191058278901057,77,False,False
2021-11-03,002493.SZ,360,474,430.8,44.01931394285922,114,False,False
2021-11-03,002500.SZ,544,652,608.4,43.6210958138376,108,False,False
2021-11-03,002508.SZ,628,695,669.6,27.300183149568795,67,False,False
2021-11-03,002517.SZ,192,342,257.4,63.48070573016655,150,False,False
2021-11-03,002532.SZ,274,312,296.6,17.401149387324963,38,False,False
2021-11-03,002558.SZ,541,630,595.4,34.760609891082176,89,False,False
2021-11-03,002568.SZ,455,650,563.6,71.3463383783639,195,False,False
2021-11-03,002583.SZ,25,76,44.6,23.797058641773354,51,False,False
2021-11-03,002594.SZ,279,442,375.2,68.48138433180218,163,False,False
2021-11-03,002600.SZ,501,627,539.0,51.1419592898043,126,False,False
2021-11-03,002601.SZ,552,649,598.8,38.36274234201721,97,False,False
2021-11-03,002603.SZ,311,480,394.2,73.31234548150809,169,False,False
2021-11-03,002608.SZ,117,464,309.2,141.9971830706511,347,False,False
2021-11-03,002624.SZ,276,514,379.6,114.71181281803544,238,False,False
2021-11-03,002625.SZ,509,621,563.6,49.30314391598167,112,False,False
2021-11-03,002648.SZ,379,622,480.6,100.07147445700997,243,False,False
2021-11-03,002670.SZ,553,633,599.4,33.84228124698452,80,False,False
2021-11-03,002673.SZ,353,509,441.4,78.41747254279495,156,False,False
2021-11-03,002683.SZ,131,353,269.2,86.1579944056267,222,False,False
2021-11-03,002709.SZ,224,274,247.4,22.311432047271193,50,False,False
2021-11-03,002714.SZ,228,410,311.8,66.2057399324258,182,False,False
2021-11-03,002736.SZ,501,625,578.6,50.132823578968704,124,False,False
2021-11-03,002738.SZ,5,21,11.8,7.596051605933177,16,True,True
2021-11-03,002739.SZ,152,336,226.6,77.61958515735574,184,False,False
2021-11-03,002756.SZ,360,522,455.2,74.03512679802743,162,False,False
2021-11-03,002773.SZ,254,499,406.8,103.10528599446296,245,False,False
2021-11-03,002797.SZ,439,507,473.4,25.035974117257755,68,False,False
2021-11-03,002821.SZ,31,67,49.2,13.423859355639868,36,False,False
2021-11-03,002831.SZ,96,247,177.6,54.27522455043369,151,False,False
2021-11-03,002837.SZ,49,61,52.6,4.9295030175464944,12,False,False
2021-11-03,002841.SZ,143,244,199.4,46.035855591049895,101,False,False
2021-11-03,002850.SZ,2,5,3.8,1.3038404810405297,3,True,True
2021-11-03,002851.SZ,40,84,60.0,16.673332000533065,44,False,False
2021-11-03,002916.SZ,71,166,106.8,41.42704430682933,95,False,False
2021-11-03,002920.SZ,104,345,229.0,86.92813123494604,241,False,False
2021-11-03,002926.SZ,577,661,642.6,36.7328191131582,84,False,False
2021-11-03,002938.SZ,197,414,317.2,88.2536118241061,217,False,False
2021-11-03,002939.SZ,520,635,590.4,47.99791662145348,115,False,False
2021-11-03,002945.SZ,517,622,569.6,44.65758614166243,105,False,False
2021-11-03,002966.SZ,632,679,661.4,20.37891066764855,47,False,False
2021-11-03,002984.SZ,24,107,69.0,31.68595903550972,83,False,False
2021-11-03,003021.SZ,3,53,25.2,19.03155274800246,50,True,True
2021-11-03,003022.SZ,80,335,175.6,102.91890011071824,255,False,False
2021-11-03,003031.SZ,4,11,7.8,3.1144823004794877,7,True,True
2021-11-03,003035.SZ,34,74,64.0,16.97056274847714,40,False,False
2021-11-03,003816.SZ,402,502,447.6,38.422649570273,100,False,False
2021-11-03,300001.SZ,177,248,213.4,28.395422166257713,71,False,False
2021-11-03,300002.SZ,174,306,246.8,50.56876506303075,132,False,False
2021-11-03,300003.SZ,592,654,632.8,25.23291501194422,62,False,False
2021-11-03,300012.SZ,226,473,295.8,103.86866707530235,247,False,False
2021-11-03,300014.SZ,41,72,52.2,12.557866060760484,31,False,False
2021-11-03,300015.SZ,568,657,609.2,31.94839589087377,89,False,False
2021-11-03,300017.SZ,140,271,197.0,58.40804739074916,131,False,False
2021-11-03,300024.SZ,74,173,123.8,42.03807797699605,99,False,False
2021-11-03,300033.SZ,343,403,373.0,28.64437117480501,60,False,False
2021-11-03,300037.SZ,67,226,137.2,64.00546851636976,159,False,False
2021-11-03,300054.SZ,55,126,91.2,29.354727046934023,71,False,False
2021-11-03,300058.SZ,147,321,226.2,66.87077089431526,174,False,False
2021-11-03,300059.SZ,242,343,302.8,46.60686644690887,101,False,False
2021-11-03,300073.SZ,98,141,113.4,18.635986692418513,43,False,False
2021-11-03,300100.SZ,26,95,47.0,27.440845468024488,69,False,False
2021-11-03,300115.SZ,417,588,526.4,69.16140542238858,171,False,False
2021-11-03,300122.SZ,370,532,460.6,61.58571262882325,162,False,False
2021-11-03,300124.SZ,388,473,432.8,36.12063122372033,85,False,False
2021-11-03,300136.SZ,270,489,371.4,83.63791006475473,219,False,False
2021-11-03,300140.SZ,18,79,39.2,23.82645588416372,61,True,False
2021-11-03,300142.SZ,260,534,383.4,105.60208331278318,274,False,False
2021-11-03,300144.SZ,469,572,526.2,50.58853625081477,103,False,False
2021-11-03,300146.SZ,659,694,676.2,16.48332490731163,35,False,False
2021-11-03,300207.SZ,492,567,525.2,30.48278202526797,75,False,False
2021-11-03,300223.SZ,88,170,140.0,35.88175023601831,82,False,False
2021-11-03,300251.SZ,521,629,581.2,41.00243895184773,108,False,False
2021-11-03,300274.SZ,219,529,322.0,142.11966788590522,310,False,False
2021-11-03,300285.SZ,25,97,41.6,31.077322922027886,72,False,False
2021-11-03,300308.SZ,123,366,254.2,93.46496669875832,243,False,False
2021-11-03,300316.SZ,86,178,134.4,37.79947089576784,92,False,False
2021-11-03,300339.SZ,288,551,409.2,111.90710433212004,263,False,False
2021-11-03,300346.SZ,81,128,114.0,19.32614809008769,47,False,False
2021-11-03,300373.SZ,81,160,103.4,32.89832822500256,79,False,False
2021-11-03,300383.SZ,525,592,555.2,29.811071768723778,67,False,False
2021-11-03,300390.SZ,149,256,204.8,52.71337591162228,107,False,False
2021-11-03,300394.SZ,54,122,81.6,30.996774025694997,68,False,False
2021-11-03,300395.SZ,76,219,146.8,56.366656810564876,143,False,False
2021-11-03,300408.SZ,574,623,593.6,20.51341024793294,49,False,False
2021-11-03,300413.SZ,235,349,296.8,48.391114886929394,114,False,False
2021-11-03,300418.SZ,314,531,388.8,83.20877357586758,217,False,False
2021-11-03,300432.SZ,145,378,208.8,95.93591611070381,233,False,False
2021-11-03,300433.SZ,524,630,577.2,43.1010440708807,106,False,False
2021-11-03,300442.SZ,24,171,96.0,66.09462913126906,147,False,False
2021-11-03,300450.SZ,172,481,349.6,118.2594605095085,309,False,False
2021-11-03,300454.SZ,207,430,301.0,86.7179335547152,223,False,False
2021-11-03,300458.SZ,130,204,156.8,28.90847626562147,74,False,False
2021-11-03,300474.SZ,215,315,264.2,42.375700584179135,100,False,False
2021-11-03,300476.SZ,141,175,157.4,14.152738250953417,34,False,False
2021-11-03,300487.SZ,14,41,30.0,12.144957801491119,27,True,False
2021-11-03,300496.SZ,58,75,66.4,6.877499545619759,17,False,False
2021-11-03,300498.SZ,232,477,359.4,111.14540026469831,245,False,False
2021-11-03,300502.SZ,514,599,562.8,36.25879203724249,85,False,False
2021-11-03,300558.SZ,136,209,174.0,29.129023327259016,73,False,False
2021-11-03,300567.SZ,105,370,245.8,102.19442254839547,265,False,False
2021-11-03,300570.SZ,9,93,32.4,35.46547617049573,84,True,False
2021-11-03,300604.SZ,96,286,162.2,80.40646740157162,190,False,False
2021-11-03,300623.SZ,66,103,77.4,14.741099009232656,37,False,False
2021-11-03,300627.SZ,32,72,51.2,15.84929020492716,40,False,False
2021-11-03,300628.SZ,312,394,354.6,33.83489323169204,82,False,False
2021-11-03,300661.SZ,35,152,84.0,52.12964607591346,117,False,False
2021-11-03,300676.SZ,614,688,655.8,27.37151804339686,74,False,False
2021-11-03,300677.SZ,581,682,629.8,36.23120202256613,101,False,False
2021-11-03,300679.SZ,66,127,89.8,23.134389985474005,61,False,False
2021-11-03,300699.SZ,129,307,187.8,68.7255411037265,178,False,False
2021-11-03,300718.SZ,57,91,77.0,17.81852968120546,34,False,False
2021-11-03,300724.SZ,44,186,119.8,53.9370002873723,142,False,False
2021-11-03,300735.SZ,255,455,324.2,77.25088996251111,200,False,False
2021-11-03,300748.SZ,33,82,56.2,18.51215816699933,49,False,False
2021-11-03,300750.SZ,152,287,232.2,56.839247004160775,135,False,False
2021-11-03,300751.SZ,13,63,37.4,21.31431443889294,50,True,False
2021-11-03,300757.SZ,116,388,284.6,130.8885021688307,272,False,False
2021-11-03,300759.SZ,57,124,86.2,25.400787389370432,67,False,False
2021-11-03,300760.SZ,536,580,562.8,17.683325479106013,44,False,False
2021-11-03,300763.SZ,16,37,27.2,9.57601169589929,21,True,False
2021-11-03,300803.SZ,9,20,13.8,4.024922359499621,11,True,False
2021-11-03,300832.SZ,184,448,286.0,99.5163303181945,264,False,False
2021-11-03,300857.SZ,2,22,6.8,8.5848704125339,20,True,True
2021-11-03,300866.SZ,101,283,162.2,77.54804962086409,182,False,False
2021-11-03,300888.SZ,276,415,357.8,53.08201201913884,139,False,False
2021-11-03,300896.SZ,238,413,333.2,62.55957160978646,175,False,False
2021-11-03,300919.SZ,409,601,527.0,71.0457599016296,192,False,False
2021-11-03,300957.SZ,88,278,164.2,72.49275825901509,190,False,False
2021-11-03,300972.SZ,318,613,475.0,118.31314381758267,295,False,False
2021-11-03,300999.SZ,338,504,441.6,71.23412103760388,166,False,False
2021-11-03,302132.SZ,41,87,64.8,17.03525755602186,46,False,False
2021-11-03,600000.SH,671,687,680.0,6.928203230275509,16,False,False
2021-11-03,600004.SH,57,472,253.4,157.201463097517,415,False,False
2021-11-03,600008.SH,133,184,149.2,22.208106627986098,51,False,False
2021-11-03,600009.SH,51,150,94.4,38.37707649105127,99,False,False
2021-11-03,600010.SH,174,303,235.4,47.33708905287692,129,False,False
2021-11-03,600011.SH,182,336,258.4,63.11339002145266,154,False,False
2021-11-03,600015.SH,657,688,674.4,12.973048986263791,31,False,False
2021-11-03,600016.SH,658,683,669.0,11.640446726822816,25,False,False
2021-11-03,600018.SH,440,579,504.4,50.97842680977905,139,False,False
2021-11-03,600019.SH,347,513,414.0,61.15962720618889,166,False,False
2021-11-03,600021.SH,295,579,430.8,121.81420278440442,284,False,False
2021-11-03,600023.SH,498,562,537.0,24.71841418861655,64,False,False
2021-11-03,600025.SH,371,430,397.6,22.456624857711812,59,False,False
2021-11-03,600026.SH,57,166,120.8,39.78944583680451,109,False,False
2021-11-03,600027.SH,211,268,239.0,22.169799277395363,57,False,False
2021-11-03,600028.SH,263,364,310.8,36.56774535024001,101,False,False
2021-11-03,600029.SH,347,479,423.0,57.857583772570386,132,False,False
2021-11-03,600030.SH,591,675,640.0,38.34057902536163,84,False,False
2021-11-03,600031.SH,633,666,654.8,13.026895255585652,33,False,False
2021-11-03,600032.SH,355,576,474.4,109.46826024012623,221,False,False
2021-11-03,600036.SH,535,668,619.0,53.051861418804144,133,False,False
2021-11-03,600038.SH,180,285,256.8,44.96887812698911,105,False,False
2021-11-03,600039.SH,291,386,350.6,38.71433842906269,95,False,False
2021-11-03,600048.SH,499,636,546.6,57.138428399808134,137,False,False
2021-11-03,600050.SH,537,616,589.2,31.395859599635106,79,False,False
2021-11-03,600060.SH,77,118,99.8,20.117156856772777,41,False,False
2021-11-03,600061.SH,550,626,593.8,28.76108481959608,76,False,False
2021-11-03,600062.SH,134,387,264.2,90.50801069518653,253,False,False
2021-11-03,600066.SH,281,365,326.4,37.78624088209887,84,False,False
2021-11-03,600085.SH,284,384,318.4,39.77813469734347,100,False,False
2021-11-03,600089.SH,351,483,420.4,52.600380226762624,132,False,False
2021-11-03,600095.SH,301,461,415.4,64.8328620377043,160,False,False
2021-11-03,600098.SH,44,110,79.0,24.677925358506133,66,False,False
2021-11-03,600104.SH,266,398,318.0,53.08954699373503,132,False,False
2021-11-03,600109.SH,405,617,540.6,96.64522750762191,212,False,False
2021-11-03,600111.SH,188,421,296.8,105.71991297764106,233,False,False
2021-11-03,600115.SH,424,574,491.0,62.0644825967316,150,False,False
2021-11-03,600118.SH,92,259,165.0,80.22468448052632,167,False,False
2021-11-03,600126.SH,122,319,216.8,75.39031768072078,197,False,False
2021-11-03,600131.SH,115,286,193.4,64.39953415980585,171,False,False
2021-11-03,600132.SH,320,555,472.0,91.12354251234969,235,False,False
2021-11-03,600141.SH,295,463,388.0,60.124870062229654,168,False,False
2021-11-03,600143.SH,315,477,426.6,65.13294097459442,162,False,False
2021-11-03,600150.SH,513,623,566.2,47.91346366106295,110,False,False
2021-11-03,600153.SH,405,536,462.6,49.008162585430604,131,False,False
2021-11-03,600157.SH,341,473,408.8,47.40464112299554,132,False,False
2021-11-03,600160.SH,611,698,649.2,41.56561078584074,87,False,False
2021-11-03,600161.SH,553,641,592.4,34.187717092546556,88,False,False
2021-11-03,600166.SH,130,366,203.8,92.95267613145948,236,False,False
2021-11-03,600170.SH,579,624,596.2,18.539147768977944,45,False,False
2021-11-03,600171.SH,304,492,397.4,74.85853324771999,188,False,False
2021-11-03,600176.SH,362,563,471.2,83.50868218335145,201,False,False
2021-11-03,600177.SH,315,474,414.0,65.55532015023647,159,False,False
2021-11-03,600183.SH,224,407,297.2,71.2579820090353,183,False,False
2021-11-03,600188.SH,323,469,366.0,60.81118318204309,146,False,False
2021-11-03,600196.SH,406,559,481.4,72.7000687757584,153,False,False
2021-11-03,600208.SH,483,642,571.6,60.66135507883087,159,False,False
2021-11-03,600219.SH,404,538,479.4,53.80334562088124,134,False,False
2021-11-03,600233.SH,221,418,308.8,79.00443025552428,197,False,False
2021-11-03,600276.SH,664,694,682.2,13.386560424545209,30,False,False
2021-11-03,600282.SH,140,251,206.0,41.30375285612676,111,False,False
2021-11-03,600295.SH,98,280,196.6,80.6337398363737,182,False,False
2021-11-03,600298.SH,81,168,132.0,40.47838929601819,87,False,False
2021-11-03,600299.SH,239,366,309.0,49.30010141977397,127,False,False
2021-11-03,600309.SH,335,495,435.6,71.05490834558861,160,False,False
2021-11-03,600312.SH,12,47,27.4,16.37986568931504,35,True,False
2021-11-03,600316.SH,233,396,307.8,64.34827115004722,163,False,False
2021-11-03,600329.SH,97,123,105.0,10.793516572461451,26,False,False
2021-11-03,600332.SH,359,523,440.6,62.52439523897852,164,False,False
2021-11-03,600339.SH,573,656,628.2,33.4619186538967,83,False,False
2021-11-03,600346.SH,292,468,382.4,71.96387982870296,176,False,False
2021-11-03,600348.SH,324,523,429.0,81.63026399565298,199,False,False
2021-11-03,600352.SH,340,498,443.2,67.3735853283763,158,False,False
2021-11-03,600362.SH,408,539,445.2,54.74668939762477,131,False,False
2021-11-03,600363.SH,450,545,492.6,37.607180165494995,95,False,False
2021-11-03,600369.SH,576,648,610.8,33.38712326631332,72,False,False
2021-11-03,600372.SH,99,127,115.8,11.541230437002808,28,False,False
2021-11-03,600377.SH,510,639,601.0,53.042435841503355,129,False,False
2021-11-03,600378.SH,24,75,55.2,20.535335400231475,51,False,False
2021-11-03,600380.SH,259,334,297.2,29.575327555244424,75,False,False
2021-11-03,600390.SH,487,626,562.6,51.52475133370368,139,False,False
2021-11-03,600392.SH,391,578,513.6,78.08520986717011,187,False,False
2021-11-03,600398.SH,356,410,386.2,24.108089928486663,54,False,False
2021-11-03,600406.SH,140,276,199.2,49.786544366927096,136,False,False
2021-11-03,600415.SH,139,267,188.4,51.98846025802265,128,False,False
2021-11-03,600426.SH,571,680,614.6,42.94531406335271,109,False,False
2021-11-03,600435.SH,20,44,28.0,9.513148795220223,24,True,False
2021-11-03,600436.SH,309,358,330.2,23.306651411131543,49,False,False
2021-11-03,600438.SH,226,392,267.0,70.178344238091,166,False,False
2021-11-03,600460.SH,21,79,35.2,24.70222662028668,58,False,False
2021-11-03,600482.SH,81,211,152.6,49.702112631154826,130,False,False
2021-11-03,600483.SH,205,427,312.2,93.04676243695963,222,False,False
2021-11-03,600486.SH,112,282,188.6,68.78081127756491,170,False,False
2021-11-03,600489.SH,471,549,505.2,28.951683888851782,78,False,False
2021-11-03,600497.SH,325,446,368.4,47.2895337257622,121,False,False
2021-11-03,600498.SH,315,452,392.6,57.1515529097854,137,False,False
2021-11-03,600499.SH,356,673,497.6,137.4674506928822,317,False,False
2021-11-03,600511.SH,141,212,163.4,28.527180021866865,71,False,False
2021-11-03,600515.SH,157,443,344.2,114.04034373852089,286,False,False
2021-11-03,600516.SH,175,304,229.8,53.67681063550628,129,False,False
2021-11-03,600517.SH,361,476,421.2,55.688418903754126,115,False,False
2021-11-03,600519.SH,423,546,500.0,47.953102089437344,123,False,False
2021-11-03,600521.SH,475,582,525.6,41.842562063047716,107,False,False
2021-11-03,600522.SH,228,382,322.6,62.871297107662734,154,False,False
2021-11-03,600535.SH,468,527,504.2,22.297981971469973,59,False,False
2021-11-03,600536.SH,161,401,246.4,98.983837064442,240,False,False
2021-11-03,600546.SH,128,233,191.8,43.355507147304834,105,False,False
2021-11-03,600547.SH,22,46,34.6,11.588787684654509,24,False,False
2021-11-03,600549.SH,142,346,248.2,74.50637556612186,204,False,False
2021-11-03,600562.SH,75,164,116.4,33.32116444543918,89,False,False
2021-11-03,600563.SH,30,72,53.0,16.015617378046965,42,False,False
2021-11-03,600566.SH,206,320,279.2,52.38988451981928,114,False,False
2021-11-03,600570.SH,191,267,230.6,33.426037755019664,76,False,False
2021-11-03,600578.SH,193,390,307.4,89.11958258430074,197,False,False
2021-11-03,600582.SH,129,223,176.2,38.23218539398448,94,False,False
2021-11-03,600583.SH,323,394,365.6,26.39696952303427,71,False,False
2021-11-03,600584.SH,431,561,501.0,49.34065261019558,130,False,False
2021-11-03,600585.SH,365,457,416.4,37.680233544923794,92,False,False
2021-11-03,600588.SH,210,441,363.6,94.19023303931252,231,False,False
2021-11-03,600598.SH,419,572,483.8,56.799647886232535,153,False,False
2021-11-03,600600.SH,445,566,484.8,49.51464429842953,121,False,False
2021-11-03,600601.SH,1,1,1.0,0.0,0,True,True
2021-11-03,600602.SH,85,447,236.6,146.78998603447036,362,False,False
2021-11-03,600606.SH,127,272,180.0,54.981815175565096,145,False,False
2021-11-03,600637.SH,489,637,554.8,55.98839165398484,148,False,False
2021-11-03,600642.SH,63,137,88.6,32.97423236407483,74,False,False
2021-11-03,600655.SH,333,555,432.2,82.64804897878714,222,False,False
2021-11-03,600660.SH,425,588,506.8,70.59178422451157,163,False,False
2021-11-03,600663.SH,607,672,639.2,24.69210400107694,65,False,False
2021-11-03,600674.SH,312,439,367.4,50.894989930247554,127,False,False
2021-11-03,600685.SH,120,308,191.8,71.74398929527128,188,False,False
2021-11-03,600688.SH,104,193,129.8,36.05135226312599,89,False,False
2021-11-03,600690.SH,313,444,399.0,54.55730931781735,131,False,False
2021-11-03,600699.SH,299,421,326.4,52.96036253652348,122,False,False
2021-11-03,600704.SH,391,567,468.4,71.56675205708305,176,False,False
2021-11-03,600707.SH,478,584,537.2,38.14708376796318,106,False,False
2021-11-03,600737.SH,135,267,195.4,53.26161845081315,132,False,False
2021-11-03,600741.SH,214,375,293.8,74.76095237488619,161,False,False
2021-11-03,600754.SH,130,372,258.4,107.13916184103738,242,False,False
2021-11-03,600760.SH,462,556,521.8,37.56594202199647,94,False,False
2021-11-03,600763.SH,570,624,594.2,23.177575369309015,54,False,False
2021-11-03,600764.SH,155,235,194.8,28.84787687161743,80,False,False
2021-11-03,600765.SH,341,494,404.0,80.86099183166132,153,False,False
2021-11-03,600795.SH,318,501,399.0,85.67088186776182,183,False,False
2021-11-03,600801.SH,239,357,300.8,44.61165766926847,118,False,False
2021-11-03,600803.SH,220,484,402.8,107.33685294436388,264,False,False
2021-11-03,600808.SH,212,383,297.4,61.94594417716143,171,False,False
2021-11-03,600809.SH,560,620,593.8,27.824449680092506,60,False,False
2021-11-03,600816.SH,32,213,125.4,71.98124755795776,181,False,False
2021-11-03,600820.SH,377,544,462.4,62.21977177714493,167,False,False
2021-11-03,600845.SH,119,216,185.0,39.496835316262995,97,False,False
2021-11-03,600848.SH,360,475,419.4,40.97926304852248,115,False,False
2021-11-03,600862.SH,26,77,43.0,19.96246477767713,51,False,False
2021-11-03,600863.SH,308,401,358.6,35.54293178678427,93,False,False
2021-11-03,600871.SH,362,638,527.0,113.4283915075939,276,False,False
2021-11-03,600873.SH,344,516,423.2,61.77944642031037,172,False,False
2021-11-03,600875.SH,471,606,550.4,52.993395814950375,135,False,False
2021-11-03,600879.SH,170,343,249.0,65.28399497579785,173,False,False
2021-11-03,600884.SH,101,191,145.2,32.63740185737829,90,False,False
2021-11-03,600885.SH,136,306,215.6,63.30323846376266,170,False,False
2021-11-03,600886.SH,294,481,389.0,68.14323150541072,187,False,False
2021-11-03,600887.SH,496,601,562.4,41.752844214496335,105,False,False
2021-11-03,600893.SH,271,451,360.6,69.9521264866194,180,False,False
2021-11-03,600900.SH,512,614,558.0,41.20072814890533,102,False,False
2021-11-03,600901.SH,620,679,661.0,23.822258499143192,59,False,False
2021-11-03,600905.SH,452,636,534.4,78.29623234868968,184,False,False
2021-11-03,600906.SH,686,695,691.0,3.3166247903554,9,False,False
2021-11-03,600909.SH,606,688,656.4,31.981244503614924,82,False,False
2021-11-03,600918.SH,451,522,491.4,25.86116780039138,71,False,False
2021-11-03,600919.SH,652,696,675.8,18.512158166999328,44,False,False
2021-11-03,600926.SH,565,604,589.4,14.909728367747013,39,False,False
2021-11-03,600958.SH,635,675,655.0,18.3166590840142,40,False,False
2021-11-03,600967.SH,198,372,247.2,73.05272068855479,174,False,False
2021-11-03,600968.SH,257,326,290.0,28.827070610799147,69,False,False
2021-11-03,600970.SH,104,401,213.6,120.03041281275341,297,False,False
2021-11-03,600977.SH,200,345,275.2,54.58662839927009,145,False,False
2021-11-03,600985.SH,177,426,345.2,101.21610543782052,249,False,False
2021-11-03,600988.SH,231,447,327.0,82.19793184746196,216,False,False
2021-11-03,600989.SH,526,603,546.2,32.553033652794944,77,False,False
2021-11-03,600995.SH,39,69,57.2,11.454256850621084,30,False,False
2021-11-03,600998.SH,279,520,384.6,95.79822545329323,241,False,False
2021-11-03,600999.SH,509,674,627.0,66.89170352143829,165,False,False
2021-11-03,601000.SH,478,576,540.4,39.966235749692515,98,False,False
2021-11-03,601001.SH,75,180,128.2,46.55319537904998,105,False,False
2021-11-03,601006.SH,369,492,429.2,53.65351805799877,123,False,False
2021-11-03,601009.SH,661,678,669.4,8.049844718999243,17,False,False
2021-11-03,601012.SH,404,507,440.0,40.99390198553927,103,False,False
2021-11-03,601016.SH,598,645,629.2,19.201562436426883,47,False,False
2021-11-03,601018.SH,499,548,527.4,22.63404515326414,49,False,False
2021-11-03,601019.SH,278,451,353.8,70.54572984950968,173,False,False
2021-11-03,601021.SH,309,449,355.0,55.24490926773253,140,False,False
2021-11-03,601058.SH,314,367,327.6,22.345021816950638,53,False,False
2021-11-03,601066.SH,511,650,608.6,56.26099892465473,139,False,False
2021-11-03,601077.SH,625,686,666.6,25.333771926027914,61,False,False
2021-11-03,601088.SH,284,390,344.6,42.41226237776051,106,False,False
2021-11-03,601098.SH,272,412,363.6,57.88609504881116,140,False,False
2021-11-03,601099.SH,328,485,408.6,58.93470963702121,157,False,False
2021-11-03,601100.SH,359,547,450.6,79.50345904424536,188,False,False
2021-11-03,601106.SH,542,605,574.0,25.317977802344327,63,False,False
2021-11-03,601108.SH,576,661,634.4,34.46447446284362,85,False,False
2021-11-03,601111.SH,287,592,480.4,115.96033804710989,305,False,False
2021-11-03,601117.SH,516,643,570.2,46.154089742946944,127,False,False
2021-11-03,601118.SH,103,222,157.4,54.601282036230614,119,False,False
2021-11-03,601127.SH,348,482,410.8,49.48434095751907,134,False,False
2021-11-03,601128.SH,656,694,678.4,14.656056768449009,38,False,False
2021-11-03,601138.SH,236,350,287.0,43.34166586553867,114,False,False
2021-11-03,601139.SH,241,464,400.8,90.7397377117655,223,False,False
2021-11-03,601155.SH,454,534,478.8,33.8777212929087,80,False,False
2021-11-03,601156.SH,268,503,433.4,96.39657670270246,235,False,False
2021-11-03,601162.SH,597,642,625.8,18.240065789355036,45,False,False
2021-11-03,601166.SH,570,659,626.0,33.301651610693426,89,False,False
2021-11-03,601169.SH,671,689,680.6,7.162401831787993,18,False,False
2021-11-03,601179.SH,84,134,108.4,20.659138413786767,50,False,False
2021-11-03,601186.SH,599,655,616.2,22.521101216414795,56,False,False
2021-11-03,601198.SH,618,693,671.6,31.429285706169015,75,False,False
2021-11-03,601211.SH,635,682,667.0,18.801595676963167,47,False,False
2021-11-03,601212.SH,61,233,134.0,66.41912375212428,172,False,False
2021-11-03,601216.SH,253,357,315.4,51.33517312720393,104,False,False
2021-11-03,601225.SH,156,400,301.0,89.20482049754935,244,False,False
2021-11-03,601228.SH,332,460,388.4,57.34806012412277,128,False,False
2021-11-03,601229.SH,670,691,680.4,9.126883367283709,21,False,False
2021-11-03,601233.SH,189,338,237.6,58.662594555645086,149,False,False
2021-11-03,601236.SH,494,555,523.2,23.231444208227778,61,False,False
2021-11-03,601238.SH,264,466,397.2,83.93866808569219,202,False,False
2021-11-03,601288.SH,659,684,673.4,10.644247272588137,25,False,False
2021-11-03,601298.SH,414,548,487.4,64.84442921331022,134,False,False
2021-11-03,601318.SH,569,611,589.2,17.064583206161235,42,False,False
2021-11-03,601319.SH,546,600,563.0,21.166010488516726,54,False,False
2021-11-03,601328.SH,684,698,693.6,5.549774770204643,14,False,False
2021-11-03,601336.SH,559,602,581.8,15.514509338035797,43,False,False
2021-11-03,601360.SH,356,604,446.0,103.53501823054845,248,False,False
2021-11-03,601377.SH,356,577,512.6,92.00163042033549,221,False,False
2021-11-03,601390.SH,611,651,637.0,15.953056133543816,40,False,False
2021-11-03,601398.SH,674,692,684.0,6.48074069840786,18,False,False
2021-11-03,601399.SH,46,391,148.2,142.1748922981832,345,False,False
2021-11-03,601456.SH,545,657,611.0,53.1224999411737,112,False,False
2021-11-03,601555.SH,596,667,640.2,27.37151804339686,71,False,False
2021-11-03,601567.SH,115,307,214.8,90.6901317674641,192,False,False
2021-11-03,601577.SH,538,640,597.4,39.84720818325921,102,False,False
2021-11-03,601598.SH,154,263,196.4,41.70491577739967,109,False,False
2021-11-03,601600.SH,126,413,264.0,113.76950382242158,287,False,False
2021-11-03,601601.SH,620,650,633.0,11.445523142259598,30,False,False
2021-11-03,601607.SH,380,530,471.0,59.57348403442592,150,False,False
2021-11-03,601608.SH,33,82,65.2,19.188538245525635,49,False,False
2021-11-03,601611.SH,374,582,516.8,89.020784090009,208,False,False
2021-11-03,601615.SH,298,501,420.0,74.88324245116527,203,False,False
2021-11-03,601618.SH,502,627,591.2,51.24158467494931,125,False,False
2021-11-03,601628.SH,516,632,578.0,43.91469002509297,116,False,False
2021-11-03,601633.SH,213,399,286.4,94.03084600278784,186,False,False
2021-11-03,601658.SH,600,676,645.2,28.472794032198525,76,False,False
2021-11-03,601665.SH,660,681,670.2,9.148770409186143,21,False,False
2021-11-03,601666.SH,187,336,252.2,56.15781334774351,149,False,False
2021-11-03,601668.SH,604,655,637.6,23.351659469939175,51,False,False
2021-11-03,601669.SH,638,675,660.2,16.87305544351704,37,False,False
2021-11-03,601688.SH,623,690,669.2,28.172681803477637,67,False,False
2021-11-03,601689.SH,307,416,386.6,44.92549387597202,109,False,False
2021-11-03,601696.SH,340,522,420.8,65.89157761049586,182,False,False
2021-11-03,601698.SH,120,390,247.6,103.06696852047216,270,False,False
2021-11-03,601699.SH,247,406,310.6,60.12736481835871,159,False,False
2021-11-03,601717.SH,110,151,135.4,17.98054504179448,41,False,False
2021-11-03,601728.SH,615,676,647.0,27.26719640887196,61,False,False
2021-11-03,601766.SH,446,502,467.8,23.112767034693185,56,False,False
2021-11-03,601788.SH,557,643,598.4,37.83913318246072,86,False,False
2021-11-03,601799.SH,29,106,65.6,31.181725417301717,77,False,False
2021-11-03,601800.SH,528,583,553.2,23.392306427541513,55,False,False
2021-11-03,601808.SH,87,162,105.0,32.08582241426889,75,False,False
2021-11-03,601816.SH,416,624,538.0,75.67364138192373,208,False,False
2021-11-03,601818.SH,652,690,677.6,14.774978849392644,38,False,False
2021-11-03,601825.SH,696,698,697.0,0.7071067811865476,2,False,False
2021-11-03,601838.SH,619,672,652.4,21.93855054464629,53,False,False
2021-11-03,601857.SH,193,357,255.8,65.27403771791661,164,False,False
2021-11-03,601865.SH,121,234,174.4,41.234694130064796,113,False,False
2021-11-03,601866.SH,227,415,354.2,73.46563822631639,188,False,False
2021-11-03,601868.SH,614,678,650.6,25.195237645237643,64,False,False
2021-11-03,601872.SH,94,184,130.2,36.2381014955254,90,False,False
2021-11-03,601877.SH,216,533,402.6,115.52618750742188,317,False,False
2021-11-03,601878.SH,609,677,642.4,24.265201420964967,68,False,False
2021-11-03,601880.SH,435,504,461.6,32.43146620182319,69,False,False
2021-11-03,601881.SH,543,644,610.2,39.37257929066878,101,False,False
2021-11-03,601888.SH,581,691,640.0,44.16446535394717,110,False,False
2021-11-03,601898.SH,191,297,235.4,41.392028218003524,106,False,False
2021-11-03,601899.SH,300,374,331.2,27.086897201414562,74,False,False
2021-11-03,601901.SH,591,642,604.0,21.598611066455177,51,False,False
2021-11-03,601916.SH,513,647,593.6,49.18638022867713,134,False,False
2021-11-03,601919.SH,459,529,499.0,25.96150997149434,70,False,False
2021-11-03,601928.SH,208,435,320.2,82.67526836968841,227,False,False
2021-11-03,601939.SH,672,691,680.8,8.136338242723197,19,False,False
2021-11-03,601958.SH,39,127,71.8,36.595081636744574,88,False,False
2021-11-03,601966.SH,430,613,543.4,69.43558165666937,183,False,False
2021-11-03,601985.SH,581,655,614.2,27.086897201414562,74,False,False
2021-11-03,601988.SH,683,695,691.2,4.8166378315169185,12,False,False
2021-11-03,601990.SH,582,626,605.4,17.784824992110547,44,False,False
2021-11-03,601991.SH,234,395,321.8,61.42637869840611,161,False,False
2021-11-03,601995.SH,687,698,695.4,4.722287581247038,11,False,False
2021-11-03,601997.SH,616,665,650.8,20.583974348992953,49,False,False
2021-11-03,601998.SH,681,689,684.4,3.4351128074635335,8,False,False
2021-11-03,603000.SH,69,225,126.6,58.60290095208598,156,False,False
2021-11-03,603019.SH,320,418,378.0,48.24417063231578,98,False,False
2021-11-03,603077.SH,407,572,494.4,59.66824951345565,165,False,False
2021-11-03,603087.SH,534,669,601.6,51.92590875468623,135,False,False
2021-11-03,603129.SH,19,111,61.6,36.943199644860215,92,True,False
2021-11-03,603156.SH,171,330,255.6,57.63072097414711,159,False,False
2021-11-03,603160.SH,367,497,448.6,48.690861565595654,130,False,False
2021-11-03,603179.SH,84,226,164.6,53.607835248217214,142,False,False
2021-11-03,603225.SH,368,474,398.4,43.61536426535952,106,False,False
2021-11-03,603233.SH,144,176,156.0,13.322912594474229,32,False,False
2021-11-03,603259.SH,246,453,365.2,75.49966887344607,207,False,False
2021-11-03,603260.SH,482,568,538.2,39.802009999496256,86,False,False
2021-11-03,603288.SH,565,668,617.8,46.213634351779774,103,False,False
2021-11-03,603290.SH,5,16,8.4,4.39317652729776,11,True,True
2021-11-03,603298.SH,323,499,387.4,70.52871755533344,176,False,False
2021-11-03,603338.SH,128,203,159.6,32.06711711395335,75,False,False
2021-11-03,603345.SH,48,103,78.4,21.442947558579718,55,False,False
2021-11-03,603369.SH,308,544,445.0,98.91157667330958,236,False,False
2021-11-03,603379.SH,116,234,189.0,48.25453346577915,118,False,False
2021-11-03,603392.SH,394,527,468.4,52.347874837475494,133,False,False
2021-11-03,603444.SH,368,527,463.8,63.25899145576066,159,False,False
2021-11-03,603486.SH,17,54,33.2,14.307340773183533,37,True,False
2021-11-03,603501.SH,472,587,560.0,49.61350622562368,115,False,False
2021-11-03,603529.SH,210,379,309.6,67.0917282531908,169,False,False
2021-11-03,603565.SH,108,333,235.4,92.0749694542442,225,False,False
2021-11-03,603568.SH,269,431,340.8,64.77422326821063,162,False,False
2021-11-03,603589.SH,354,612,474.0,96.69539802906858,258,False,False
2021-11-03,603596.SH,11,34,25.8,9.038805230781334,23,True,False
2021-11-03,603605.SH,27,85,50.8,23.79495744900587,58,False,False
2021-11-03,603606.SH,71,161,109.2,33.10135948869774,90,False,False
2021-11-03,603650.SH,55,215,116.4,64.97537995271747,160,False,False
2021-11-03,603658.SH,549,657,607.8,43.85430423573039,108,False,False
2021-11-03,603659.SH,148,419,240.4,106.30286919928362,271,False,False
2021-11-03,603688.SH,23,40,30.6,6.107372593840988,17,False,False
2021-11-03,603699.SH,93,275,170.8,73.44521767957394,182,False,False
2021-11-03,603728.SH,7,66,37.8,23.952035404115453,59,True,False
2021-11-03,603737.SH,111,316,194.0,80.62567829172043,205,False,False
2021-11-03,603766.SH,217,272,246.6,22.26656686604381,55,False,False
2021-11-03,603786.SH,41,79,56.4,14.67310464761974,38,False,False
2021-11-03,603799.SH,261,504,380.8,92.67254178018428,243,False,False
2021-11-03,603806.SH,376,628,518.4,109.44770440717339,252,False,False
2021-11-03,603816.SH,433,561,492.0,50.46781152378217,128,False,False
2021-11-03,603833.SH,181,301,250.2,43.82579149313792,120,False,False
2021-11-03,603858.SH,261,464,362.4,82.3638270116196,203,False,False
2021-11-03,603885.SH,373,518,474.6,58.717969992158274,145,False,False
2021-11-03,603893.SH,4,13,8.8,3.420526275297414,9,True,True
2021-11-03,603899.SH,339,456,390.0,48.744230427815765,117,False,False
2021-11-03,603920.SH,17,86,50.8,29.337689070545416,69,True,False
2021-11-03,603939.SH,221,461,316.8,88.840868973688,240,False,False
2021-11-03,603979.SH,9,47,27.0,14.508618128546908,38,True,False
2021-11-03,603986.SH,210,411,323.2,88.04373913004831,201,False,False
2021-11-03,603993.SH,240,296,276.6,21.972710347155626,56,False,False
2021-11-03,605117.SH,16,47,25.4,13.408952233489387,31,True,False
2021-11-03,605358.SH,2,11,4.4,3.7815340802378077,9,True,True
2021-11-03,605499.SH,444,578,498.0,58.73670062235365,134,False,False
2021-11-03,605589.SH,469,662,577.0,69.48021301061188,193,False,False
2021-11-03,688002.SH,179,408,281.6,92.90478997339157,229,False,False
2021-11-03,688008.SH,144,386,203.6,102.90918326369128,242,False,False
2021-11-03,688009.SH,45,143,107.4,40.38316480911322,98,False,False
2021-11-03,688012.SH,74,137,100.8,22.785960589801782,63,False,False
2021-11-03,688017.SH,206,372,260.0,66.87675231349083,166,False,False
2021-11-03,688018.SH,8,52,28.8,18.833480825381166,44,True,False
2021-11-03,688019.SH,15,39,27.6,9.91463564635635,24,True,False
2021-11-03,688027.SH,34,133,91.2,39.33446326060647,99,False,False
2021-11-03,688036.SH,102,197,162.2,37.39919785236042,95,False,False
2021-11-03,688037.SH,18,45,29.8,11.691877522451216,27,True,False
2021-11-03,688065.SH,99,280,203.6,73.25844661197779,181,False,False
2021-11-03,688099.SH,4,8,6.2,1.4832396974191326,4,True,True
2021-11-03,688111.SH,356,564,466.4,76.70919110510813,208,False,False
2021-11-03,688122.SH,38,82,55.0,17.4928556845359,44,False,False
2021-11-03,688126.SH,15,78,36.0,25.42636427018224,63,True,False
2021-11-03,688166.SH,42,127,85.2,31.411781229341326,85,False,False
2021-11-03,688169.SH,560,655,607.6,43.408524508441886,95,False,False
2021-11-03,688180.SH,400,521,451.8,44.93550934394758,121,False,False
2021-11-03,688183.SH,169,323,223.0,61.11873689794317,154,False,False
2021-11-03,688187.SH,550,631,605.6,34.79655155327895,81,False,False
2021-11-03,688188.SH,120,266,193.6,59.567608647653465,146,False,False
2021-11-03,688256.SH,258,358,301.2,47.37826505899093,100,False,False
2021-11-03,688266.SH,189,369,285.8,75.33060467034629,180,False,False
2021-11-03,688278.SH,61,93,72.0,14.106735979665885,32,False,False
2021-11-03,688301.SH,60,303,189.0,87.92894858918763,243,False,False
2021-11-03,688303.SH,487,665,602.0,74.85318964479737,178,False,False
2021-11-03,688318.SH,155,287,234.0,55.10898293381942,132,False,False
2021-11-03,688336.SH,159,284,204.2,48.65387959865071,125,False,False
2021-11-03,688363.SH,200,565,396.4,139.50017921135444,365,False,False
2021-11-03,688385.SH,283,486,405.8,81.0228362870617,203,False,False
2021-11-03,688396.SH,185,312,229.6,54.619593553961934,127,False,False
2021-11-03,688425.SH,122,289,204.2,62.06609380329973,167,False,False
2021-11-03,688520.SH,132,365,253.8,84.39312768229414,233,False,False
2021-11-03,688538.SH,166,340,226.8,72.23018759493844,174,False,False
2021-11-03,688561.SH,268,378,325.2,48.98673289779591,110,False,False
2021-11-03,688568.SH,88,105,95.8,6.418722614352484,17,False,False
2021-11-03,688578.SH,135,375,215.2,94.33557123376103,240,False,False
2021-11-03,688599.SH,346,551,435.4,79.27673050775996,205,False,False
2021-11-03,688608.SH,9,37,20.8,10.825894882179487,28,True,False
2021-11-03,688617.SH,178,331,270.2,59.17938830369912,153,False,False
2021-11-03,688676.SH,17,85,42.6,25.26459973955653,68,True,False
2021-11-03,688728.SH,133,411,239.4,115.75102591338013,278,False,False
2021-11-03,688772.SH,475,574,536.0,37.12815643147395,99,False,False
2021-11-03,688777.SH,17,49,28.0,13.784048752090222,32,True,False
2021-11-03,688778.SH,339,484,387.6,59.487813878138105,145,False,False
2021-11-03,688819.SH,51,187,130.0,53.113086899558006,136,False,False
2021-11-03,688981.SH,474,532,515.2,23.338808881346107,58,False,False
2021-11-03,689009.SH,12,26,17.8,6.016643582596529,14,True,False
2021-12-01,000001.SZ,522,640,574.0,50.631018160807315,118,False,False
2021-12-01,000002.SZ,427,559,507.6,52.65738314804487,132,False,False
2021-12-01,000009.SZ,112,273,183.6,62.19565901250665,161,False,False
2021-12-01,000021.SZ,150,454,288.8,130.0719031920422,304,False,False
2021-12-01,000027.SZ,355,516,445.0,64.76495966184183,161,False,False
2021-12-01,000032.SZ,196,512,354.2,123.83133690629364,316,False,False
2021-12-01,000034.SZ,143,388,293.6,99.32925047537609,245,False,False
2021-12-01,000039.SZ,72,126,99.0,19.248376554920156,54,False,False
2021-12-01,000050.SZ,231,435,312.2,78.92211350439115,204,False,False
2021-12-01,000060.SZ,77,135,101.8,23.091123835794566,58,False,False
2021-12-01,000062.SZ,151,311,220.0,83.08730348254178,160,False,False
2021-12-01,000063.SZ,235,364,299.6,51.78127074531872,129,False,False
2021-12-01,000088.SZ,457,628,530.2,74.40900483140464,171,False,False
2021-12-01,000100.SZ,377,516,462.2,56.54820952072666,139,False,False
2021-12-01,000155.SZ,267,341,309.6,29.288222889072667,74,False,False
2021-12-01,000157.SZ,455,567,504.0,40.890096600521744,112,False,False
2021-12-01,000166.SZ,606,677,647.8,27.453597214208557,71,False,False
2021-12-01,000301.SZ,285,473,390.8,67.91317986959527,188,False,False
2021-12-01,000333.SZ,443,581,525.4,65.0561296112826,138,False,False
2021-12-01,000338.SZ,519,655,590.4,55.540975864671296,136,False,False
2021-12-01,000400.SZ,479,679,583.0,93.25234581499814,200,False,False
2021-12-01,000408.SZ,548,650,599.8,40.027490553368445,102,False,False
2021-12-01,000415.SZ,76,272,177.6,78.64032044695647,196,False,False
2021-12-01,000423.SZ,388,608,488.8,97.79417160546942,220,False,False
2021-12-01,000425.SZ,161,425,247.2,104.11147871392471,264,False,False
2021-12-01,000429.SZ,507,639,576.4,62.89515084646828,132,False,False
2021-12-01,000513.SZ,547,628,578.6,32.269180342859656,81,False,False
2021-12-01,000519.SZ,174,462,326.4,136.38474988062265,288,False,False
2021-12-01,000528.SZ,132,354,211.6,97.58483488739425,222,False,False
2021-12-01,000537.SZ,33,249,135.2,104.7697475419312,216,False,False
2021-12-01,000538.SZ,633,678,655.8,17.282939564784687,45,False,False
2021-12-01,000539.SZ,72,127,104.2,23.910248848558645,55,False,False
2021-12-01,000559.SZ,57,103,70.6,18.84940317357555,46,False,False
2021-12-01,000568.SZ,534,668,633.4,56.10525822059818,134,False,False
2021-12-01,000582.SZ,91,441,212.0,152.45655118754325,350,False,False
2021-12-01,000591.SZ,324,525,445.6,74.99199957328781,201,False,False
2021-12-01,000596.SZ,285,384,328.2,42.62276387096454,99,False,False
2021-12-01,000598.SZ,138,230,189.8,34.81666267751692,92,False,False
2021-12-01,000617.SZ,397,629,528.0,104.02643894702923,232,False,False
2021-12-01,000623.SZ,393,562,494.6,73.00205476560232,169,False,False
2021-12-01,000625.SZ,614,686,650.4,27.591665408235148,72,False,False
2021-12-01,000629.SZ,211,444,339.2,109.52488301751343,233,False,False
2021-12-01,000630.SZ,164,492,360.2,164.74434739923552,328,False,False
2021-12-01,000651.SZ,289,504,435.0,87.31551981177229,215,False,False
2021-12-01,000657.SZ,122,282,202.0,70.2993598832877,160,False,False
2021-12-01,000661.SZ,526,658,602.2,57.785811407299626,132,False,False
2021-12-01,000683.SZ,551,575,561.2,8.983317872590282,24,False,False
2021-12-01,000703.SZ,357,509,436.0,63.647466563878254,152,False,False
2021-12-01,000708.SZ,475,612,533.4,54.87986880450791,137,False,False
2021-12-01,000709.SZ,35,159,96.6,50.52029295243645,124,False,False
2021-12-01,000723.SZ,163,348,276.2,87.01264275954385,185,False,False
2021-12-01,000725.SZ,325,474,402.8,62.31131518432266,149,False,False
2021-12-01,000728.SZ,578,683,643.2,39.30267166491357,105,False,False
2021-12-01,000729.SZ,136,430,281.8,131.317173286665,294,False,False
2021-12-01,000733.SZ,256,469,384.4,94.2459548203529,213,False,False
2021-12-01,000738.SZ,184,405,305.8,111.73495424440823,221,False,False
2021-12-01,000739.SZ,124,362,273.4,93.41734314355124,238,False,False
2021-12-01,000750.SZ,513,572,548.2,24.201239637671453,59,False,False
2021-12-01,000768.SZ,456,585,519.2,51.56258333326599,129,False,False
2021-12-01,000776.SZ,599,678,646.8,30.589213785254433,79,False,False
2021-12-01,000783.SZ,603,692,651.0,38.19685850956856,89,False,False
2021-12-01,000785.SZ,317,455,393.8,54.979086933123945,138,False,False
2021-12-01,000786.SZ,591,682,651.2,37.37913856685303,91,False,False
2021-12-01,000792.SZ,472,657,570.0,71.5122367151245,185,False,False
2021-12-01,000807.SZ,478,561,523.6,31.43723906452346,83,False,False
2021-12-01,000825.SZ,312,527,413.6,90.10715842817372,215,False,False
2021-12-01,000830.SZ,278,582,404.8,131.81502190569935,304,False,False
2021-12-01,000831.SZ,289,502,392.6,94.11854227515425,213,False,False
2021-12-01,000858.SZ,623,680,659.6,21.617122842783683,57,False,False
2021-12-01,000878.SZ,378,616,495.4,91.30607865854277,238,False,False
2021-12-01,000883.SZ,216,470,354.0,111.4517832966346,254,False,False
2021-12-01,000887.SZ,242,391,305.4,66.28951651656543,149,False,False
2021-12-01,000893.SZ,221,300,245.4,32.269180342859656,79,False,False
2021-12-01,000895.SZ,77,291,170.0,82.08532146492453,214,False,False
2021-12-01,000898.SZ,379,482,439.6,47.066973558961706,103,False,False
2021-12-01,000921.SZ,178,401,299.2,107.99629623278754,223,False,False
2021-12-01,000932.SZ,199,314,246.8,41.81746046808677,115,False,False
2021-12-01,000937.SZ,141,316,211.6,73.79905148441951,175,False,False
2021-12-01,000938.SZ,302,479,393.4,72.23780173842502,177,False,False
2021-12-01,000951.SZ,399,503,447.8,40.31376935986016,104,False,False
2021-12-01,000959.SZ,154,430,333.6,115.89132840726263,276,False,False
2021-12-01,000960.SZ,141,338,263.2,76.66289845811988,197,False,False
2021-12-01,000963.SZ,549,672,598.0,55.08175741568164,123,False,False
2021-12-01,000967.SZ,155,451,304.0,113.89029809426262,296,False,False
2021-12-01,000975.SZ,249,303,271.2,22.185580902919806,54,False,False
2021-12-01,000977.SZ,436,511,465.2,28.50789364369104,75,False,False
2021-12-01,000983.SZ,38,97,72.2,23.573289969794203,59,False,False
2021-12-01,000987.SZ,401,588,500.8,78.36899897280813,187,False,False
2021-12-01,000997.SZ,278,425,333.4,60.8547450902557,147,False,False
2021-12-01,000999.SZ,465,617,544.8,60.60693029679032,152,False,False
2021-12-01,001696.SZ,112,283,194.4,71.04787118556051,171,False,False
2021-12-01,001965.SZ,599,646,624.6,23.09328906847182,47,False,False
2021-12-01,001979.SZ,209,314,265.6,41.500602405266356,105,False,False
2021-12-01,002001.SZ,505,562,537.4,21.927152117865194,57,False,False
2021-12-01,002007.SZ,461,593,544.4,51.82470453364881,132,False,False
2021-12-01,002008.SZ,31,95,60.6,27.655017627909768,64,False,False
2021-12-01,002025.SZ,49,257,148.8,82.70852434906574,208,False,False
2021-12-01,002027.SZ,474,543,505.2,29.499152530199915,69,False,False
2021-12-01,002028.SZ,201,527,403.4,146.2918316243255,326,False,False
2021-12-01,002032.SZ,333,487,400.0,73.66138744281159,154,False,False
2021-12-01,002044.SZ,199,265,235.6,28.892905703649813,66,False,False
2021-12-01,002049.SZ,213,460,323.2,93.35791342998192,247,False,False
2021-12-01,002050.SZ,19,38,26.2,7.19027120489902,19,True,False
2021-12-01,002056.SZ,47,228,137.4,71.6400725851112,181,False,False
2021-12-01,002064.SZ,539,670,600.8,61.06717612596803,131,False,False
2021-12-01,002065.SZ,170,266,220.2,35.73793502708292,96,False,False
2021-12-01,002074.SZ,56,148,115.0,41.291645644125154,92,False,False
2021-12-01,002078.SZ,513,647,577.8,48.77704378086069,134,False,False
2021-12-01,002085.SZ,42,92,62.0,19.026297590440446,50,False,False
2021-12-01,002120.SZ,16,203,70.6,76.3236529524105,187,True,False
2021-12-01,002126.SZ,1,62,22.6,25.37321422287685,61,True,True
2021-12-01,002130.SZ,32,150,95.4,44.105555205665425,118,False,False
2021-12-01,002131.SZ,76,228,159.8,54.33875228600672,152,False,False
2021-12-01,002138.SZ,151,274,219.8,50.464839244765265,123,False,False
2021-12-01,002142.SZ,107,368,224.2,121.62935500938909,261,False,False
2021-12-01,002152.SZ,259,381,329.2,53.704748393414896,122,False,False
2021-12-01,002153.SZ,171,331,251.2,60.50371889396552,160,False,False
2021-12-01,002155.SZ,309,455,357.2,58.0878644813183,146,False,False
2021-12-01,002157.SZ,143,336,247.8,72.31666474610122,193,False,False
2021-12-01,002179.SZ,176,491,358.4,148.2423691122076,315,False,False
2021-12-01,002185.SZ,103,152,123.2,23.32809465001375,49,False,False
2021-12-01,002195.SZ,455,546,499.8,40.996341300169696,91,False,False
2021-12-01,002202.SZ,372,510,434.8,53.45745972266172,138,False,False
2021-12-01,002203.SZ,386,504,435.4,43.48333013926141,118,False,False
2021-12-01,002223.SZ,104,288,196.2,75.11457914413154,184,False,False
2021-12-01,002230.SZ,75,245,160.6,80.3075338931535,170,False,False
2021-12-01,002236.SZ,151,239,190.4,36.85512176075396,88,False,False
2021-12-01,002241.SZ,147,403,252.0,99.59919678390986,256,False,False
2021-12-01,002244.SZ,244,439,340.2,78.19654723835318,195,False,False
2021-12-01,002252.SZ,460,632,555.6,65.33605436510534,172,False,False
2021-12-01,002261.SZ,59,143,101.0,34.64823227814083,84,False,False
2021-12-01,002262.SZ,226,336,290.4,46.75788703523717,110,False,False
2021-12-01,002265.SZ,55,365,203.4,133.91153796443382,310,False,False
2021-12-01,002266.SZ,121,295,207.6,62.010482984734125,174,False,False
2021-12-01,002271.SZ,251,527,422.6,102.56120124101511,276,False,False
2021-12-01,002273.SZ,225,523,417.6,122.36543629636597,298,False,False
2021-12-01,002281.SZ,147,468,356.0,127.59702190882042,321,False,False
2021-12-01,002299.SZ,35,194,78.6,67.56330364924439,159,False,False
2021-12-01,002304.SZ,587,690,658.8,41.829415487190346,103,False,False
2021-12-01,002311.SZ,508,645,580.8,63.07693714821607,137,False,False
2021-12-01,002312.SZ,237,321,287.0,40.96950085124299,84,False,False
2021-12-01,002318.SZ,102,382,261.6,113.19363939727356,280,False,False
2021-12-01,002335.SZ,189,473,324.4,121.50226335340425,284,False,False
2021-12-01,002340.SZ,320,443,377.6,55.72970482606202,123,False,False
2021-12-01,002352.SZ,115,261,189.4,70.98098336878688,146,False,False
2021-12-01,002353.SZ,81,328,177.4,99.51532545291704,247,False,False
2021-12-01,002371.SZ,31,104,53.4,28.918851982746478,73,False,False
2021-12-01,002384.SZ,134,268,192.6,56.94558806439705,134,False,False
2021-12-01,002402.SZ,60,126,84.6,26.510375327407193,66,False,False
2021-12-01,002409.SZ,93,299,175.6,88.5426450926332,206,False,False
2021-12-01,002410.SZ,125,229,162.0,39.642149285829596,104,False,False
2021-12-01,002414.SZ,601,673,640.2,32.399074060843155,72,False,False
2021-12-01,002415.SZ,568,668,601.4,39.909898521544754,100,False,False
2021-12-01,002422.SZ,329,542,417.6,91.44014435684143,213,False,False
2021-12-01,002423.SZ,530,615,575.2,32.75209916936623,85,False,False
2021-12-01,002429.SZ,203,416,291.4,112.57131073235311,213,False,False
2021-12-01,002430.SZ,383,541,453.2,64.87064050863071,158,False,False
2021-12-01,002432.SZ,26,88,59.2,29.371755139929924,62,False,False
2021-12-01,002436.SZ,50,125,80.8,31.704889212864316,75,False,False
2021-12-01,002444.SZ,197,374,259.4,68.63162536323907,177,False,False
2021-12-01,002460.SZ,194,436,363.4,97.20493814616623,242,False,False
2021-12-01,002461.SZ,60,430,230.8,137.95905189584334,370,False,False
2021-12-01,002463.SZ,200,323,234.0,51.49757275833493,123,False,False
2021-12-01,002465.SZ,255,553,393.0,118.27298930863293,298,False,False
2021-12-01,002466.SZ,182,242,207.8,24.51938009004306,60,False,False
2021-12-01,002472.SZ,8,16,13.2,3.271085446759225,8,True,False
2021-12-01,002475.SZ,76,212,132.8,52.37079338715426,136,False,False
2021-12-01,002493.SZ,412,580,481.4,62.743924008624134,168,False,False
2021-12-01,002500.SZ,449,625,510.8,67.22127639371332,176,False,False
2021-12-01,002508.SZ,636,699,677.4,29.52625949896126,63,False,False
2021-12-01,002517.SZ,136,326,236.0,67.54628043053148,190,False,False
2021-12-01,002532.SZ,167,354,270.6,87.34586424095876,187,False,False
2021-12-01,002558.SZ,645,683,667.6,16.425589791541732,38,False,False
2021-12-01,002568.SZ,280,587,479.6,143.65688288418346,307,False,False
2021-12-01,002583.SZ,4,46,17.4,16.949926253526886,42,True,True
2021-12-01,002594.SZ,268,381,325.0,52.787309080876625,113,False,False
2021-12-01,002600.SZ,450,535,496.2,36.941846191006746,85,False,False
2021-12-01,002601.SZ,549,684,631.2,54.65070905303974,135,False,False
2021-12-01,002603.SZ,408,546,488.4,58.68815894198761,138,False,False
2021-12-01,002608.SZ,63,380,178.4,145.18712064091636,317,False,False
2021-12-01,002624.SZ,134,225,165.6,34.59479729670345,91,False,False
2021-12-01,002625.SZ,571,644,602.6,29.509320561476844,73,False,False
2021-12-01,002648.SZ,315,401,359.2,37.59920211919396,86,False,False
2021-12-01,002670.SZ,521,673,589.2,54.9563463123232,152,False,False
2021-12-01,002673.SZ,404,531,459.6,61.451606976547005,127,False,False
2021-12-01,002683.SZ,82,146,117.6,29.77079105432034,64,False,False
2021-12-01,002709.SZ,335,424,378.0,41.237119201030524,89,False,False
2021-12-01,002714.SZ,378,448,404.4,27.428087793355193,70,False,False
2021-12-01,002736.SZ,655,675,662.8,7.758865896508329,20,False,False
2021-12-01,002738.SZ,1,5,2.8,1.6431676725154984,4,True,True
2021-12-01,002739.SZ,117,275,183.2,73.38732860651082,158,False,False
2021-12-01,002756.SZ,493,634,585.6,56.185407358138825,141,False,False
2021-12-01,002773.SZ,408,542,501.2,53.12908807800112,134,False,False
2021-12-01,002797.SZ,582,671,633.4,32.95147948120084,89,False,False
2021-12-01,002821.SZ,54,305,167.2,109.92133550862634,251,False,False
2021-12-01,002831.SZ,41,268,117.2,90.51629687520364,227,False,False
2021-12-01,002837.SZ,52,105,80.4,25.08585258666725,53,False,False
2021-12-01,002841.SZ,469,602,545.2,49.18028060107019,133,False,False
2021-12-01,002850.SZ,1,10,6.2,3.7013511046643495,9,True,True
2021-12-01,002851.SZ,39,120,77.2,29.09810990425323,81,False,False
2021-12-01,002916.SZ,152,182,163.0,11.313708498984761,30,False,False
2021-12-01,002920.SZ,78,252,174.4,63.42554690343632,174,False,False
2021-12-01,002926.SZ,573,691,630.4,52.400381677999256,118,False,False
2021-12-01,002938.SZ,336,525,418.6,68.98043200792526,189,False,False
2021-12-01,002939.SZ,501,649,566.2,66.33777204579606,148,False,False
2021-12-01,002945.SZ,398,581,476.4,73.27550750421317,183,False,False
2021-12-01,002966.SZ,461,654,561.6,87.17969947183805,193,False,False
2021-12-01,002984.SZ,61,130,96.2,31.76003778335284,69,False,False
2021-12-01,003021.SZ,14,42,22.6,11.738824472663351,28,True,False
2021-12-01,003022.SZ,39,244,134.8,83.07346146634315,205,False,False
2021-12-01,003031.SZ,4,12,8.0,3.391164991562634,8,True,True
2021-12-01,003035.SZ,75,185,107.6,44.03180668562216,110,False,False
2021-12-01,003816.SZ,331,533,439.0,76.9577806332797,202,False,False
2021-12-01,300001.SZ,188,333,256.8,57.87659285065077,145,False,False
2021-12-01,300002.SZ,148,337,219.2,72.55136111748696,189,False,False
2021-12-01,300003.SZ,574,674,639.8,45.16857314549575,100,False,False
2021-12-01,300012.SZ,429,550,473.4,47.95101667326773,121,False,False
2021-12-01,300014.SZ,86,194,112.6,45.76898513185539,108,False,False
2021-12-01,300015.SZ,378,595,462.6,85.4798221804421,217,False,False
2021-12-01,300017.SZ,107,234,171.6,60.40115892927883,127,False,False
2021-12-01,300024.SZ,25,65,48.6,17.896927110540513,40,False,False
2021-12-01,300033.SZ,409,466,437.6,27.77228834647948,57,False,False
2021-12-01,300037.SZ,73,181,132.0,40.45985664828782,108,False,False
2021-12-01,300054.SZ,128,274,169.4,62.14338259219561,146,False,False
2021-12-01,300058.SZ,156,282,241.0,51.778373863998475,126,False,False
2021-12-01,300059.SZ,250,384,292.8,53.415353598005886,134,False,False
2021-12-01,300073.SZ,88,298,227.8,85.06585684045038,210,False,False
2021-12-01,300100.SZ,17,84,40.8,28.314307337457507,67,True,False
2021-12-01,300115.SZ,431,626,530.0,82.18576519081634,195,False,False
2021-12-01,300122.SZ,439,538,478.2,38.07492613256131,99,False,False
2021-12-01,300124.SZ,243,392,325.0,55.285622000661256,149,False,False
2021-12-01,300136.SZ,198,471,322.6,118.79099292454794,273,False,False
2021-12-01,300140.SZ,19,70,49.8,20.486580973896057,51,True,False
2021-12-01,300142.SZ,306,480,411.0,85.31412544239085,174,False,False
2021-12-01,300144.SZ,510,588,556.2,28.93440858217081,78,False,False
2021-12-01,300146.SZ,663,696,682.2,13.809417076763232,33,False,False
2021-12-01,300207.SZ,597,680,635.4,37.07155243579637,83,False,False
2021-12-01,300223.SZ,177,417,309.6,88.9145657358793,240,False,False
2021-12-01,300251.SZ,370,507,451.2,57.05874166155437,137,False,False
2021-12-01,300274.SZ,157,373,262.0,82.11577193207161,216,False,False
2021-12-01,300285.SZ,43,252,150.2,78.29240065293693,209,False,False
2021-12-01,300308.SZ,134,353,216.6,99.78126076573696,219,False,False
2021-12-01,300316.SZ,123,218,159.4,36.760032644163964,95,False,False
2021-12-01,300339.SZ,529,664,596.8,52.83654038636519,135,False,False
2021-12-01,300346.SZ,38,82,59.6,16.949926253526886,44,False,False
2021-12-01,300373.SZ,76,248,159.2,63.821626428664445,172,False,False
2021-12-01,300383.SZ,371,480,449.6,44.74147963579211,109,False,False
2021-12-01,300390.SZ,205,236,220.4,14.24078649513432,31,False,False
2021-12-01,300394.SZ,94,283,183.4,80.05498110673689,189,False,False
2021-12-01,300395.SZ,28,183,90.0,58.61313845888139,155,False,False
2021-12-01,300408.SZ,520,600,573.4,34.56587912956938,80,False,False
2021-12-01,300413.SZ,387,571,490.0,86.68044762228676,184,False,False
2021-12-01,300418.SZ,404,490,436.6,32.40061727807049,86,False,False
2021-12-01,300432.SZ,241,349,304.4,43.724135211573945,108,False,False
2021-12-01,300433.SZ,593,653,629.6,25.383065220733293,60,False,False
2021-12-01,300442.SZ,42,227,120.8,74.25429280519747,185,False,False
2021-12-01,300450.SZ,113,256,153.8,61.59707785276831,143,False,False
2021-12-01,300454.SZ,277,442,329.8,65.72442468367448,165,False,False
2021-12-01,300458.SZ,295,427,358.2,57.29921465430394,132,False,False
2021-12-01,300474.SZ,212,529,359.2,134.27844205232648,317,False,False
2021-12-01,300476.SZ,40,64,49.8,9.909591313469996,24,False,False
2021-12-01,300487.SZ,13,42,23.2,11.366617790706258,29,True,False
2021-12-01,300496.SZ,45,126,78.4,36.50068492508052,81,False,False
2021-12-01,300498.SZ,164,352,230.8,76.84855236112128,188,False,False
2021-12-01,300502.SZ,553,691,635.2,67.80265481527991,138,False,False
2021-12-01,300558.SZ,298,434,354.0,52.416600423911504,136,False,False
2021-12-01,300567.SZ,93,235,164.2,50.494554161810356,142,False,False
2021-12-01,300570.SZ,23,40,31.0,6.2048368229954285,17,False,False
2021-12-01,300604.SZ,100,335,234.0,103.47946656221224,235,False,False
2021-12-01,300623.SZ,129,264,203.2,57.07626476916652,135,False,False
2021-12-01,300627.SZ,14,29,21.2,5.890670590009257,15,True,False
2021-12-01,300628.SZ,316,518,456.4,81.18682159069907,202,False,False
2021-12-01,300661.SZ,88,262,152.4,65.7289890383231,174,False,False
2021-12-01,300676.SZ,609,697,667.4,40.04122875237472,88,False,False
2021-12-01,300677.SZ,571,684,644.6,51.66526879829428,113,False,False
2021-12-01,300679.SZ,121,326,220.0,84.79681597795992,205,False,False
2021-12-01,300699.SZ,108,372,259.8,101.69906587574933,264,False,False
2021-12-01,300718.SZ,68,233,142.2,65.51869962079529,165,False,False
2021-12-01,300724.SZ,26,98,45.0,29.93325909419153,72,False,False
2021-12-01,300735.SZ,169,362,254.6,85.13401200460366,193,False,False
2021-12-01,300748.SZ,31,163,93.0,60.897454790820284,132,False,False
2021-12-01,300750.SZ,236,370,323.6,52.97452217811879,134,False,False
2021-12-01,300751.SZ,43,81,64.2,14.618481453283716,38,False,False
2021-12-01,300757.SZ,107,217,156.4,39.329378332234036,110,False,False
2021-12-01,300759.SZ,93,199,141.6,37.75976694843336,106,False,False
2021-12-01,300760.SZ,564,685,632.0,59.07198997833068,121,False,False
2021-12-01,300763.SZ,8,15,11.0,2.6457513110645907,7,True,False
2021-12-01,300803.SZ,34,74,55.4,18.60913754046651,40,False,False
2021-12-01,300832.SZ,355,576,482.0,87.74964387392122,221,False,False
2021-12-01,300857.SZ,1,11,4.0,4.06201920231798,10,True,True
2021-12-01,300866.SZ,161,349,238.8,72.64433907745324,188,False,False
2021-12-01,300888.SZ,377,497,424.0,52.076866265166146,120,False,False
2021-12-01,300896.SZ,277,462,382.0,67.03357367767289,185,False,False
2021-12-01,300919.SZ,332,514,425.0,65.69627082262737,182,False,False
2021-12-01,300957.SZ,193,389,292.6,84.3166650194373,196,False,False
2021-12-01,300972.SZ,343,550,465.2,75.91244957185876,207,False,False
2021-12-01,300999.SZ,598,636,619.0,18.01388353465182,38,False,False
2021-12-01,302132.SZ,29,73,45.6,17.052858997833763,44,False,False
2021-12-01,600000.SH,644,696,666.6,24.69412885687608,52,False,False
2021-12-01,600004.SH,192,471,286.2,110.68739765664382,279,False,False
2021-12-01,600008.SH,33,139,87.0,43.91469002509297,106,False,False
2021-12-01,600009.SH,157,319,210.0,65.0384501660364,162,False,False
2021-12-01,600010.SH,309,636,475.4,155.02193393194398,327,False,False
2021-12-01,600011.SH,237,371,304.4,52.17087309984375,134,False,False
2021-12-01,600015.SH,590,678,636.6,35.33836442168766,88,False,False
2021-12-01,600016.SH,603,681,642.2,36.341436405293614,78,False,False
2021-12-01,600018.SH,427,524,477.8,40.06494727314638,97,False,False
2021-12-01,600019.SH,275,442,382.6,66.63557608365069,167,False,False
2021-12-01,600021.SH,175,573,359.8,192.66473470773005,398,False,False
2021-12-01,600023.SH,354,552,463.6,76.61788303000807,198,False,False
2021-12-01,600025.SH,280,490,391.0,79.328431221095,210,False,False
2021-12-01,600026.SH,72,169,119.2,37.94337886904644,97,False,False
2021-12-01,600027.SH,184,316,245.4,53.61716143176548,132,False,False
2021-12-01,600028.SH,281,404,326.8,53.99259208447026,123,False,False
2021-12-01,600029.SH,175,375,280.8,77.02726789910182,200,False,False
2021-12-01,600030.SH,583,640,613.0,21.15419580130618,57,False,False
2021-12-01,600031.SH,648,677,657.8,11.43241006962224,29,False,False
2021-12-01,600032.SH,434,491,462.6,22.052210773525633,57,False,False
2021-12-01,600036.SH,338,536,453.4,77.34209720456255,198,False,False
2021-12-01,600038.SH,163,395,266.4,112.16862306367142,232,False,False
2021-12-01,600039.SH,354,544,419.8,75.22100770396526,190,False,False
2021-12-01,600048.SH,505,619,570.0,44.390314258856066,114,False,False
2021-12-01,600050.SH,558,679,604.4,46.666904761297374,121,False,False
2021-12-01,600060.SH,92,271,202.8,66.9529685674952,179,False,False
2021-12-01,600061.SH,445,579,495.6,59.15065511048885,134,False,False
2021-12-01,600062.SH,206,305,250.2,42.37570058417914,99,False,False
2021-12-01,600066.SH,237,505,344.2,99.89344322827199,268,False,False
2021-12-01,600085.SH,422,530,501.4,44.808481340032046,108,False,False
2021-12-01,600089.SH,473,621,549.4,62.70007974476588,148,False,False
2021-12-01,600095.SH,539,608,565.2,27.887273082895717,69,False,False
2021-12-01,600098.SH,63,108,86.2,18.99210362229524,45,False,False
2021-12-01,600104.SH,256,306,275.6,19.243180610283737,50,False,False
2021-12-01,600109.SH,574,659,613.4,36.89579921888127,85,False,False
2021-12-01,600111.SH,187,417,332.6,103.91486900342993,230,False,False
2021-12-01,600115.SH,242,532,430.0,114.00877159236477,290,False,False
2021-12-01,600118.SH,124,337,214.2,107.00327097804067,213,False,False
2021-12-01,600126.SH,172,279,235.0,40.97560249709576,107,False,False
2021-12-01,600131.SH,56,156,99.2,36.51985761198967,100,False,False
2021-12-01,600132.SH,284,428,381.0,60.81118318204309,144,False,False
2021-12-01,600141.SH,507,583,539.6,27.83522947633089,76,False,False
2021-12-01,600143.SH,394,477,443.8,35.63285001231308,83,False,False
2021-12-01,600150.SH,468,645,556.4,81.1436996938148,177,False,False
2021-12-01,600153.SH,392,527,448.0,54.849794894785155,135,False,False
2021-12-01,600157.SH,296,396,329.0,39.7994974842648,100,False,False
2021-12-01,600160.SH,515,698,636.4,83.06202501745307,183,False,False
2021-12-01,600161.SH,492,604,539.8,45.71870514351866,112,False,False
2021-12-01,600166.SH,175,367,223.8,80.86532013168562,192,False,False
2021-12-01,600170.SH,306,597,476.0,120.8201142194461,291,False,False
2021-12-01,600171.SH,381,591,506.8,78.75404751503252,210,False,False
2021-12-01,600176.SH,357,488,426.8,48.4427497155147,131,False,False
2021-12-01,600177.SH,316,406,349.8,35.32279717123207,90,False,False
2021-12-01,600183.SH,40,211,130.0,66.332495807108,171,False,False
2021-12-01,600188.SH,270,512,364.8,95.77421364855992,242,False,False
2021-12-01,600196.SH,404,543,485.8,55.56257733402942,139,False,False
2021-12-01,600208.SH,432,586,504.8,61.07126984106356,154,False,False
2021-12-01,600219.SH,231,551,397.8,122.55896540033291,320,False,False
2021-12-01,600233.SH,406,447,430.0,18.881207588499205,41,False,False
2021-12-01,600276.SH,621,694,664.6,31.769482211707512,73,False,False
2021-12-01,600282.SH,51,294,108.8,104.03220655162515,243,False,False
2021-12-01,600295.SH,261,444,336.2,75.11457914413154,183,False,False
2021-12-01,600298.SH,60,165,118.0,41.89868733027325,105,False,False
2021-12-01,600299.SH,323,522,401.4,92.46242480056425,199,False,False
2021-12-01,600309.SH,373,538,463.4,70.78347264722183,165,False,False
2021-12-01,600312.SH,9,35,18.8,10.281050529979902,26,True,False
2021-12-01,600316.SH,317,467,372.8,60.573921781571975,150,False,False
2021-12-01,600329.SH,226,415,277.6,78.18439742045724,189,False,False
2021-12-01,600332.SH,296,417,366.4,53.453718299104324,121,False,False
2021-12-01,600339.SH,439,618,505.2,82.58147492022651,179,False,False
2021-12-01,600346.SH,380,532,470.6,60.048313881407196,152,False,False
2021-12-01,600348.SH,398,557,491.4,73.57852947701524,159,False,False
2021-12-01,600352.SH,321,494,388.6,67.36690582177573,173,False,False
2021-12-01,600362.SH,284,452,389.2,65.1360115450739,168,False,False
2021-12-01,600363.SH,232,466,363.2,89.58348062003397,234,False,False
2021-12-01,600369.SH,632,687,666.2,20.68090907092819,55,False,False
2021-12-01,600372.SH,99,330,187.0,90.84877544579233,231,False,False
2021-12-01,600377.SH,528,626,591.4,46.55426940679018,98,False,False
2021-12-01,600378.SH,101,294,225.6,82.62142579258723,193,False,False
2021-12-01,600380.SH,242,350,297.2,48.52525115854631,108,False,False
2021-12-01,600390.SH,542,619,574.2,31.594303283978267,77,False,False
2021-12-01,600392.SH,429,608,488.2,72.84366822174732,179,False,False
2021-12-01,600398.SH,245,500,370.4,114.57879384947286,255,False,False
2021-12-01,600406.SH,270,424,367.4,62.57635336131373,154,False,False
2021-12-01,600415.SH,132,334,230.6,84.99882352126998,202,False,False
2021-12-01,600426.SH,576,691,646.2,51.73200170107474,115,False,False
2021-12-01,600435.SH,20,29,23.4,4.277849927241488,9,True,False
2021-12-01,600436.SH,437,585,501.8,63.31824381645467,148,False,False
2021-12-01,600438.SH,227,550,396.0,157.2466215853301,323,False,False
2021-12-01,600460.SH,130,227,183.8,46.75147056510629,97,False,False
2021-12-01,600482.SH,57,166,96.8,43.11264315719926,109,False,False
2021-12-01,600483.SH,305,589,470.4,120.54791578455432,284,False,False
2021-12-01,600486.SH,78,319,162.4,91.81121935798478,241,False,False
2021-12-01,600489.SH,479,567,514.4,33.04239700748116,88,False,False
2021-12-01,600497.SH,152,292,212.2,61.74301579935985,140,False,False
2021-12-01,600498.SH,289,414,320.6,52.71906675957002,125,False,False
2021-12-01,600499.SH,208,538,384.8,123.7121659336704,330,False,False
2021-12-01,600511.SH,162,297,223.8,51.37801086067852,135,False,False
2021-12-01,600515.SH,50,287,182.8,85.7420550255241,237,False,False
2021-12-01,600516.SH,79,418,250.2,143.6669760244156,339,False,False
2021-12-01,600517.SH,311,431,391.4,48.582918808980594,120,False,False
2021-12-01,600519.SH,519,605,554.0,33.645207682521445,86,False,False
2021-12-01,600521.SH,353,466,401.0,47.0,113,False,False
2021-12-01,600522.SH,286,366,323.2,39.43602414037196,80,False,False
2021-12-01,600535.SH,488,582,526.4,37.607180165494995,94,False,False
2021-12-01,600536.SH,276,540,406.4,110.19664241709,264,False,False
2021-12-01,600546.SH,206,318,250.6,47.77865632267195,112,False,False
2021-12-01,600547.SH,44,84,59.8,20.351904087824312,40,False,False
2021-12-01,600549.SH,168,616,423.2,187.15020705305136,448,False,False
2021-12-01,600562.SH,111,262,204.2,59.50378139244597,151,False,False
2021-12-01,600563.SH,114,271,194.8,61.55241668691815,157,False,False
2021-12-01,600566.SH,200,308,254.8,41.73367944478416,108,False,False
2021-12-01,600570.SH,142,222,183.6,37.587231874667225,80,False,False
2021-12-01,600578.SH,112,341,206.8,110.03953834872264,229,False,False
2021-12-01,600582.SH,43,123,75.4,33.09531688925187,80,False,False
2021-12-01,600583.SH,385,451,414.0,33.1058907144937,66,False,False
2021-12-01,600584.SH,191,454,309.6,100.92720148701241,263,False,False
2021-12-01,600585.SH,474,530,497.8,26.166772823563853,56,False,False
2021-12-01,600588.SH,143,281,179.4,57.23897273711331,138,False,False
2021-12-01,600598.SH,227,411,313.6,68.86798966138042,184,False,False
2021-12-01,600600.SH,210,360,265.0,57.94825277780168,150,False,False
2021-12-01,600601.SH,1,13,6.8,4.919349550499538,12,True,True
2021-12-01,600602.SH,61,126,100.0,26.758176320519304,65,False,False
2021-12-01,600606.SH,110,209,170.6,47.726303020451944,99,False,False
2021-12-01,600637.SH,432,545,506.6,49.89288526433403,113,False,False
2021-12-01,600642.SH,45,178,94.8,54.52247243109945,133,False,False
2021-12-01,600655.SH,358,552,486.8,77.2120456923659,194,False,False
2021-12-01,600660.SH,453,603,532.4,56.77411381959212,150,False,False
2021-12-01,600663.SH,625,667,645.4,16.318700928689147,42,False,False
2021-12-01,600674.SH,193,483,339.4,114.87079698513456,290,False,False
2021-12-01,600685.SH,94,179,137.6,33.85705244110893,85,False,False
2021-12-01,600688.SH,119,326,240.6,86.57828827136744,207,False,False
2021-12-01,600690.SH,206,304,263.2,36.051352263126,98,False,False
2021-12-01,600699.SH,265,515,351.6,101.15730324598418,250,False,False
2021-12-01,600704.SH,343,488,445.4,59.64729666967314,145,False,False
2021-12-01,600707.SH,541,638,593.2,34.679965397906614,97,False,False
2021-12-01,600737.SH,260,320,286.2,21.844907873461036,60,False,False
2021-12-01,600741.SH,110,374,223.0,98.15039480307759,264,False,False
2021-12-01,600754.SH,267,408,335.2,67.59955621156104,141,False,False
2021-12-01,600760.SH,500,650,588.8,63.29849919231893,150,False,False
2021-12-01,600763.SH,495,609,546.4,49.91793264949982,114,False,False
2021-12-01,600764.SH,97,184,140.2,31.77577693778706,87,False,False
2021-12-01,600765.SH,338,565,443.8,86.94365991836322,227,False,False
2021-12-01,600795.SH,183,491,311.2,142.2785999368844,308,False,False
2021-12-01,600801.SH,222,453,338.8,97.0061853698,231,False,False
2021-12-01,600803.SH,323,482,390.8,58.98050525385486,159,False,False
2021-12-01,600808.SH,101,214,166.4,48.26282213049709,113,False,False
2021-12-01,600809.SH,574,667,603.6,38.682037174895534,93,False,False
2021-12-01,600816.SH,169,303,226.0,55.163393659201205,134,False,False
2021-12-01,600820.SH,330,607,446.8,128.24468799915263,277,False,False
2021-12-01,600845.SH,48,110,66.2,25.420464197177832,62,False,False
2021-12-01,600848.SH,352,521,413.8,63.7824427252516,169,False,False
2021-12-01,600862.SH,35,52,46.2,6.760177512462229,17,False,False
2021-12-01,600863.SH,282,506,393.2,106.31415710054799,224,False,False
2021-12-01,600871.SH,303,583,444.2,124.67838625840487,280,False,False
2021-12-01,600873.SH,163,218,190.6,21.279097725232617,55,False,False
2021-12-01,600875.SH,540,640,584.2,37.85762802923606,100,False,False
2021-12-01,600879.SH,117,302,215.8,74.34850368366534,185,False,False
2021-12-01,600884.SH,182,313,243.2,59.608724193695004,131,False,False
2021-12-01,600885.SH,68,245,170.8,65.01692087449236,177,False,False
2021-12-01,600886.SH,262,476,354.6,80.14237331150107,214,False,False
2021-12-01,600887.SH,52,173,118.2,51.7803051362195,121,False,False
2021-12-01,600893.SH,422,485,464.0,25.0499500997507,63,False,False
2021-12-01,600900.SH,110,392,263.4,121.02396456900591,282,False,False
2021-12-01,600901.SH,541,668,594.0,60.46900032247929,127,False,False
2021-12-01,600905.SH,463,649,566.4,79.18838298639518,186,False,False
2021-12-01,600906.SH,667,699,691.4,13.740451229854134,32,False,False
2021-12-01,600909.SH,669,697,684.6,10.737783756436892,28,False,False
2021-12-01,600918.SH,637,687,663.2,23.626256580338747,50,False,False
2021-12-01,600919.SH,549,651,597.8,43.87710108929258,102,False,False
2021-12-01,600926.SH,554,612,576.6,21.83575050232989,58,False,False
2021-12-01,600958.SH,662,695,681.8,12.296340919151518,33,False,False
2021-12-01,600967.SH,90,276,184.0,66.37770710110436,186,False,False
2021-12-01,600968.SH,205,303,248.4,36.94996617048519,98,False,False
2021-12-01,600970.SH,178,264,210.4,32.292413969847466,86,False,False
2021-12-01,600977.SH,270,336,295.6,24.347484469653125,66,False,False
2021-12-01,600985.SH,138,278,213.2,64.84365813246504,140,False,False
2021-12-01,600988.SH,349,524,451.4,68.81351611420536,175,False,False
2021-12-01,600989.SH,511,603,549.0,38.62641583165593,92,False,False
2021-12-01,600995.SH,12,45,23.8,13.026895255585655,33,True,False
2021-12-01,600998.SH,372,484,420.0,41.87481343242021,112,False,False
2021-12-01,600999.SH,673,693,682.6,8.264381404557755,20,False,False
2021-12-01,601000.SH,468,534,499.8,27.635122579789655,66,False,False
2021-12-01,601001.SH,131,308,221.8,83.61638595395043,177,False,False
2021-12-01,601006.SH,355,499,423.4,53.93792728683593,144,False,False
2021-12-01,601009.SH,511,661,579.8,66.33023443347686,150,False,False
2021-12-01,601012.SH,417,676,554.2,102.31910867477296,259,False,False
2021-12-01,601016.SH,573,613,600.8,15.84929020492716,40,False,False
2021-12-01,601018.SH,391,514,445.2,45.30673239155523,123,False,False
2021-12-01,601019.SH,98,462,323.0,155.161206491829,364,False,False
2021-12-01,601021.SH,259,421,343.4,57.51782332460087,162,False,False
2021-12-01,601058.SH,214,307,256.0,38.54218468120353,93,False,False
2021-12-01,601066.SH,633,666,656.2,13.349157276772193,33,False,False
2021-12-01,601077.SH,625,689,650.8,33.108911187171344,64,False,False
2021-12-01,601088.SH,314,402,351.2,33.81863391682165,88,False,False
2021-12-01,601098.SH,113,284,164.4,71.39187628855261,171,False,False
2021-12-01,601099.SH,318,471,408.8,75.93879114128694,153,False,False
2021-12-01,601100.SH,313,493,375.0,71.270611053926,180,False,False
2021-12-01,601106.SH,523,620,573.6,46.59721021692178,97,False,False
2021-12-01,601108.SH,627,689,657.4,28.112274899054327,62,False,False
2021-12-01,601111.SH,237,540,370.8,132.70908032233515,303,False,False
2021-12-01,601117.SH,526,597,552.0,28.240042492885877,71,False,False
2021-12-01,601118.SH,172,249,197.8,30.277054017853192,77,False,False
2021-12-01,601127.SH,421,534,470.4,54.491283706662664,113,False,False
2021-12-01,601128.SH,586,687,653.2,39.745439990016465,101,False,False
2021-12-01,601138.SH,119,231,161.2,52.75604230796696,112,False,False
2021-12-01,601139.SH,353,525,453.0,69.01086870921131,172,False,False
2021-12-01,601155.SH,393,483,432.0,44.11349000022555,90,False,False
2021-12-01,601156.SH,134,424,339.2,116.85332686748802,290,False,False
2021-12-01,601162.SH,605,667,633.4,22.097511172075464,62,False,False
2021-12-01,601166.SH,597,655,637.6,24.40901472816959,58,False,False
2021-12-01,601169.SH,652,696,669.8,22.185580902919806,44,False,False
2021-12-01,601179.SH,73,124,104.0,25.30810146968753,51,False,False
2021-12-01,601186.SH,465,585,548.2,48.06974100200666,120,False,False
2021-12-01,601198.SH,588,698,640.2,53.71405775027614,110,False,False
2021-12-01,601211.SH,594,694,642.8,46.788887569592845,100,False,False
2021-12-01,601212.SH,86,166,120.4,31.06122985330748,80,False,False
2021-12-01,601216.SH,218,385,259.8,71.5450906771387,167,False,False
2021-12-01,601225.SH,91,407,241.0,134.56596895203484,316,False,False
2021-12-01,601228.SH,287,485,358.6,76.16626549857882,198,False,False
2021-12-01,601229.SH,581,670,632.0,35.4682957019364,89,False,False
2021-12-01,601233.SH,104,243,156.6,60.81364978358066,139,False,False
2021-12-01,601236.SH,268,506,436.4,96.74864340134181,238,False,False
2021-12-01,601238.SH,379,619,501.0,111.93524913984871,240,False,False
2021-12-01,601288.SH,638,680,655.6,17.271363582531635,42,False,False
2021-12-01,601298.SH,382,517,450.0,57.956880523368405,135,False,False
2021-12-01,601318.SH,558,649,611.8,37.48599738569057,91,False,False
2021-12-01,601319.SH,395,560,496.2,62.511598923719745,165,False,False
2021-12-01,601328.SH,642,699,672.0,25.367301787931645,57,False,False
2021-12-01,601336.SH,536,634,589.4,48.11756436063654,98,False,False
2021-12-01,601360.SH,280,532,429.0,97.72410142846032,252,False,False
2021-12-01,601377.SH,576,671,608.8,39.65728180296779,95,False,False
2021-12-01,601390.SH,512,617,576.8,41.52950758195912,105,False,False
2021-12-01,601398.SH,645,693,668.4,21.85863673699712,48,False,False
2021-12-01,601399.SH,26,149,68.4,54.866200889071955,123,False,False
2021-12-01,601456.SH,674,689,679.6,6.9498201415576215,15,False,False
2021-12-01,601555.SH,607,675,648.0,28.098042636454235,68,False,False
2021-12-01,601567.SH,171,348,271.2,73.9641805200328,177,False,False
2021-12-01,601577.SH,555,636,583.6,34.63091104779082,81,False,False
2021-12-01,601598.SH,131,343,210.2,84.16471944942252,212,False,False
2021-12-01,601600.SH,247,441,343.8,86.81704901688377,194,False,False
2021-12-01,601601.SH,586,663,622.6,35.95552808679077,77,False,False
2021-12-01,601607.SH,364,459,414.2,36.826620806150544,95,False,False
2021-12-01,601608.SH,53,190,102.6,51.72813547770691,137,False,False
2021-12-01,601611.SH,382,593,464.0,84.09815693580924,211,False,False
2021-12-01,601615.SH,193,402,313.8,87.3939357163871,209,False,False
2021-12-01,601618.SH,386,610,519.2,86.2478985251235,224,False,False
2021-12-01,601628.SH,519,627,582.0,45.56314299957807,108,False,False
2021-12-01,601633.SH,191,514,412.0,140.72668545801824,323,False,False
2021-12-01,601658.SH,555,635,591.8,38.55774889694677,80,False,False
2021-12-01,601665.SH,622,678,650.2,20.6082507748717,56,False,False
2021-12-01,601666.SH,275,322,300.0,20.796634343085422,47,False,False
2021-12-01,601668.SH,383,594,524.6,85.57920308112246,211,False,False
2021-12-01,601669.SH,568,670,631.8,40.36334971233185,102,False,False
2021-12-01,601688.SH,626,694,652.8,32.08893890423926,68,False,False
2021-12-01,601689.SH,321,624,504.6,138.81030221132724,303,False,False
2021-12-01,601696.SH,578,647,605.2,28.84787687161743,69,False,False
2021-12-01,601698.SH,112,308,220.2,91.85967559272132,196,False,False
2021-12-01,601699.SH,297,405,336.8,43.60275220671282,108,False,False
2021-12-01,601717.SH,41,131,68.8,36.3483149540663,90,False,False
2021-12-01,601728.SH,483,684,602.0,83.48652585896721,201,False,False
2021-12-01,601766.SH,276,450,376.4,70.98802715951473,174,False,False
2021-12-01,601788.SH,536,666,617.6,49.852783272351004,130,False,False
2021-12-01,601799.SH,13,247,89.4,93.75659976769636,234,True,False
2021-12-01,601800.SH,437,625,540.6,95.08049221580629,188,False,False
2021-12-01,601808.SH,66,144,116.4,31.540450218727063,78,False,False
2021-12-01,601816.SH,347,451,408.6,39.1509897703749,104,False,False
2021-12-01,601818.SH,620,685,651.6,30.07158126869952,65,False,False
2021-12-01,601825.SH,686,699,693.4,5.029910535983717,13,False,False
2021-12-01,601838.SH,533,647,585.8,49.826699669956064,114,False,False
2021-12-01,601857.SH,157,233,204.0,30.058276730378275,76,False,False
2021-12-01,601865.SH,145,384,208.8,100.19081794256397,239,False,False
2021-12-01,601866.SH,281,418,345.2,51.96344869232603,137,False,False
2021-12-01,601868.SH,613,685,655.0,27.964262908219126,72,False,False
2021-12-01,601872.SH,64,106,82.2,16.17714437099453,42,False,False
2021-12-01,601877.SH,348,499,441.6,73.83630543303207,151,False,False
2021-12-01,601878.SH,537,664,599.0,54.47476479985939,127,False,False
2021-12-01,601880.SH,301,464,390.0,59.27478384608416,163,False,False
2021-12-01,601881.SH,566,679,613.8,56.35334950116098,113,False,False
2021-12-01,601888.SH,475,688,599.6,82.99879517197824,213,False,False
2021-12-01,601898.SH,186,359,266.6,66.37243403703077,173,False,False
2021-12-01,601899.SH,118,346,250.4,102.49536574889619,228,False,False
2021-12-01,601901.SH,626,672,648.8,19.318385025669198,46,False,False
2021-12-01,601916.SH,564,644,603.0,32.38826948140329,80,False,False
2021-12-01,601919.SH,516,671,618.2,63.278748407344466,155,False,False
2021-12-01,601928.SH,445,555,491.8,42.481760792132896,110,False,False
2021-12-01,601939.SH,611,690,644.0,39.43982758583004,79,False,False
2021-12-01,601958.SH,33,106,66.0,27.15695122800054,73,False,False
2021-12-01,601966.SH,125,459,315.2,132.45452049665954,334,False,False
2021-12-01,601985.SH,497,599,538.6,42.62980178232125,102,False,False
2021-12-01,601988.SH,654,695,672.2,20.0424549394529,41,False,False
2021-12-01,601990.SH,547,648,611.4,40.795833120552885,101,False,False
2021-12-01,601991.SH,112,217,181.2,42.133122362341005,105,False,False
2021-12-01,601995.SH,668,690,682.8,8.983317872590282,22,False,False
2021-12-01,601997.SH,387,657,549.0,112.0446339634344,270,False,False
2021-12-01,601998.SH,606,670,642.4,27.355072655725117,64,False,False
2021-12-01,603000.SH,126,372,244.6,98.98131136734854,246,False,False
2021-12-01,603019.SH,176,323,220.0,59.6950584219498,147,False,False
2021-12-01,603077.SH,511,610,576.2,39.03460003637798,99,False,False
2021-12-01,603087.SH,605,694,653.6,43.923797650021115,89,False,False
2021-12-01,603129.SH,21,92,59.4,33.27611756199933,71,False,False
2021-12-01,603156.SH,296,425,382.8,51.47523676487559,129,False,False
2021-12-01,603160.SH,329,454,384.2,45.61469061607236,125,False,False
2021-12-01,603179.SH,48,174,95.8,51.33419912689785,126,False,False
2021-12-01,603225.SH,443,612,543.0,73.92902001244167,169,False,False
2021-12-01,603233.SH,92,235,161.0,56.178287620752556,143,False,False
2021-12-01,603259.SH,341,501,436.0,64.75723897758458,160,False,False
2021-12-01,603260.SH,521,619,563.8,36.56774535024001,98,False,False
2021-12-01,603288.SH,449,639,535.6,68.38713329274741,190,False,False
2021-12-01,603290.SH,5,9,6.6,1.51657508881031,4,True,True
2021-12-01,603298.SH,108,290,192.6,76.33675392627066,182,False,False
2021-12-01,603338.SH,105,177,134.8,31.340070197751633,72,False,False
2021-12-01,603345.SH,187,367,248.2,69.85484950953656,180,False,False
2021-12-01,603369.SH,512,620,571.6,45.13645976369879,108,False,False
2021-12-01,603379.SH,103,176,140.2,28.261280933460892,73,False,False
2021-12-01,603392.SH,224,394,319.8,64.77808271321405,170,False,False
2021-12-01,603444.SH,366,450,420.8,33.491790038754274,84,False,False
2021-12-01,603486.SH,7,34,25.6,10.691117808723277,27,True,False
2021-12-01,603501.SH,486,602,526.2,45.69682702332844,116,False,False
2021-12-01,603529.SH,230,342,276.4,44.545482374759395,112,False,False
2021-12-01,603565.SH,110,400,237.2,123.41272219670061,290,False,False
2021-12-01,603568.SH,115,255,165.0,54.40128674948783,140,False,False
2021-12-01,603589.SH,414,549,495.4,57.1515529097854,135,False,False
2021-12-01,603596.SH,48,93,74.2,19.664689166117018,45,False,False
2021-12-01,603605.SH,44,79,61.6,15.852444606432158,35,False,False
2021-12-01,603606.SH,62,130,91.2,29.456747953567447,68,False,False
2021-12-01,603650.SH,24,89,56.6,24.805241381611264,65,False,False
2021-12-01,603658.SH,585,650,619.8,29.727092020579477,65,False,False
2021-12-01,603659.SH,59,179,126.8,46.15408974294694,120,False,False
2021-12-01,603688.SH,38,95,64.4,20.827865949251738,57,False,False
2021-12-01,603699.SH,32,290,178.2,109.01238461752865,258,False,False
2021-12-01,603728.SH,9,186,82.0,68.17990906418107,177,True,False
2021-12-01,603737.SH,287,474,370.8,67.45887636182506,187,False,False
2021-12-01,603766.SH,170,216,186.2,18.86001060445089,46,False,False
2021-12-01,603786.SH,11,20,15.2,4.024922359499621,9,True,False
2021-12-01,603799.SH,279,630,495.6,151.74254512166323,351,False,False
2021-12-01,603806.SH,363,672,530.2,145.05929821972805,309,False,False
2021-12-01,603816.SH,381,545,470.0,71.81225522151495,164,False,False
2021-12-01,603833.SH,289,477,386.0,76.39371701913711,188,False,False
2021-12-01,603858.SH,204,423,299.8,101.37899190660755,219,False,False
2021-12-01,603885.SH,111,489,258.2,150.13893565627805,378,False,False
2021-12-01,603893.SH,2,6,4.4,1.816590212458495,4,True,True
2021-12-01,603899.SH,310,385,350.0,27.955321496988727,75,False,False
2021-12-01,603920.SH,8,17,14.0,3.6742346141747673,9,True,False
2021-12-01,603939.SH,406,565,480.2,70.8074854799971,159,False,False
2021-12-01,603979.SH,14,24,18.6,4.33589667773576,10,True,False
2021-12-01,603986.SH,350,385,366.6,14.943225890014512,35,False,False
2021-12-01,603993.SH,175,299,241.0,58.89397252690635,124,False,False
2021-12-01,605117.SH,37,198,82.4,66.27820154470096,161,False,False
2021-12-01,605358.SH,3,6,4.0,1.4142135623730951,3,True,True
2021-12-01,605499.SH,207,308,263.2,42.8567380933267,101,False,False
2021-12-01,605589.SH,215,470,353.0,91.16194381429128,255,False,False
2021-12-01,688002.SH,207,429,309.8,83.89100070925367,222,False,False
2021-12-01,688008.SH,116,187,151.0,28.34607556611673,71,False,False
2021-12-01,688009.SH,43,185,92.2,57.4212504217733,142,False,False
2021-12-01,688012.SH,68,167,117.6,36.90934840931224,99,False,False
2021-12-01,688017.SH,106,327,218.8,87.5311373169571,221,False,False
2021-12-01,688018.SH,58,100,75.0,16.15549442140351,42,False,False
2021-12-01,688019.SH,18,39,26.0,8.689073598491383,21,True,False
2021-12-01,688027.SH,244,387,331.4,55.28381318252207,143,False,False
2021-12-01,688036.SH,160,247,185.4,36.59644791506411,87,False,False
2021-12-01,688037.SH,14,25,20.8,4.147288270665545,11,True,False
2021-12-01,688065.SH,90,187,120.4,39.57650818351715,97,False,False
2021-12-01,688082.SH,37,332,167.2,137.530723840166,295,False,False
2021-12-01,688099.SH,11,28,19.4,7.162401831787993,17,True,False
2021-12-01,688111.SH,346,547,425.6,80.86593844134872,201,False,False
2021-12-01,688122.SH,39,80,53.8,15.896540504147435,41,False,False
2021-12-01,688126.SH,30,62,40.8,13.663820841916802,32,False,False
2021-12-01,688166.SH,87,140,113.2,20.24104740372889,53,False,False
2021-12-01,688169.SH,559,697,638.6,62.24387520069746,138,False,False
2021-12-01,688180.SH,222,502,372.4,102.5587636430939,280,False,False
2021-12-01,688183.SH,267,419,347.0,56.47565847336355,152,False,False
2021-12-01,688187.SH,382,574,468.8,74.36867620174505,192,False,False
2021-12-01,688188.SH,342,453,379.8,47.46261686843657,111,False,False
2021-12-01,688256.SH,319,395,353.6,33.70163200796068,76,False,False
2021-12-01,688266.SH,313,488,400.2,62.7670295617054,175,False,False
2021-12-01,688278.SH,22,53,33.6,13.740451229854134,31,False,False
2021-12-01,688301.SH,224,376,298.6,54.39025648036604,152,False,False
2021-12-01,688303.SH,535,694,625.6,68.15276956954867,159,False,False
2021-12-01,688318.SH,48,167,92.8,48.00729111291325,119,False,False
2021-12-01,688336.SH,297,551,453.4,98.58143841514993,254,False,False
2021-12-01,688363.SH,336,596,506.4,105.54051354811573,260,False,False
2021-12-01,688385.SH,181,461,309.0,112.50111110562419,280,False,False
2021-12-01,688396.SH,216,421,325.8,98.73297321563855,205,False,False
2021-12-01,688425.SH,120,322,215.2,87.52542487757486,202,False,False
2021-12-01,688520.SH,189,358,258.0,73.8816621361485,169,False,False
2021-12-01,688538.SH,311,500,394.2,75.90586275117357,189,False,False
2021-12-01,688561.SH,139,278,223.8,57.86795313470142,139,False,False
2021-12-01,688568.SH,40,113,79.6,33.306155587218406,73,False,False
2021-12-01,688578.SH,125,223,190.4,41.11933851608024,98,False,False
2021-12-01,688599.SH,170,474,327.6,131.58001367988984,304,False,False
2021-12-01,688608.SH,72,224,117.8,62.05400873432755,152,False,False
2021-12-01,688617.SH,76,225,159.2,72.43065649295193,149,False,False
2021-12-01,688676.SH,20,49,33.0,11.445523142259598,29,True,False
2021-12-01,688728.SH,456,641,556.0,78.64794975077227,185,False,False
2021-12-01,688772.SH,504,604,557.2,35.898467933882635,100,False,False
2021-12-01,688777.SH,28,69,42.4,17.35799527595281,41,False,False
2021-12-01,688778.SH,331,492,416.6,68.28835918368519,161,False,False
2021-12-01,688819.SH,66,211,134.2,61.24295877894862,145,False,False
2021-12-01,688981.SH,507,628,570.0,51.807335387954474,121,False,False
2021-12-01,689009.SH,19,83,47.0,23.547823678633232,64,True,False
2021-12-29,000001.SZ,589,646,627.6,23.437149997386626,57,False,False
2021-12-29,000002.SZ,550,588,575.0,15.329709716755891,38,False,False
2021-12-29,000009.SZ,87,254,193.4,63.47676740351543,167,False,False
2021-12-29,000021.SZ,152,231,193.2,28.734996084913604,79,False,False
2021-12-29,000027.SZ,224,314,254.8,35.230668458035254,90,False,False
2021-12-29,000032.SZ,457,628,544.4,76.28105924802041,171,False,False
2021-12-29,000034.SZ,290,510,405.4,84.19501172872417,220,False,False
2021-12-29,000039.SZ,404,469,437.2,23.435016535091243,65,False,False
2021-12-29,000050.SZ,263,559,445.8,110.52239592046492,296,False,False
2021-12-29,000060.SZ,102,165,134.0,27.477263328068172,63,False,False
2021-12-29,000062.SZ,182,334,258.6,55.66686626710722,152,False,False
2021-12-29,000063.SZ,201,327,246.4,49.242258274778585,126,False,False
2021-12-29,000088.SZ,455,535,502.2,30.800974010573107,80,False,False
2021-12-29,000100.SZ,413,507,479.4,39.67744951480626,94,False,False
2021-12-29,000155.SZ,185,336,259.6,56.48274072670341,151,False,False
2021-12-29,000157.SZ,278,370,333.6,38.42915559832144,92,False,False
2021-12-29,000166.SZ,641,700,673.8,21.822007240398396,59,False,False
2021-12-29,000301.SZ,326,393,367.8,28.384855116769575,67,False,False
2021-12-29,000333.SZ,292,448,360.0,60.774172145739676,156,False,False
2021-12-29,000338.SZ,396,541,470.0,65.10376333208396,145,False,False
2021-12-29,000400.SZ,413,543,487.6,49.78754864421425,130,False,False
2021-12-29,000408.SZ,627,700,648.2,29.760712357065646,73,False,False
2021-12-29,000415.SZ,140,348,247.2,90.74800273284256,208,False,False
2021-12-29,000423.SZ,423,483,444.0,23.280893453645632,60,False,False
2021-12-29,000425.SZ,380,459,423.4,29.099828178186897,79,False,False
2021-12-29,000429.SZ,609,644,625.8,16.084153692376855,35,False,False
2021-12-29,000513.SZ,462,592,548.8,50.186651611758286,130,False,False
2021-12-29,000519.SZ,205,335,271.0,46.76002566295275,130,False,False
2021-12-29,000528.SZ,215,478,307.0,101.85528950427661,263,False,False
2021-12-29,000537.SZ,225,410,328.6,67.9323192596867,185,False,False
2021-12-29,000538.SZ,566,694,641.2,51.93457422565434,128,False,False
2021-12-29,000539.SZ,49,122,88.0,29.214722315983085,73,False,False
2021-12-29,000559.SZ,42,78,61.0,17.05872210923198,36,False,False
2021-12-29,000568.SZ,641,701,675.8,31.822947695020332,60,False,False
2021-12-29,000582.SZ,224,515,363.4,110.77589990607163,291,False,False
2021-12-29,000591.SZ,197,451,354.6,95.39549255599029,254,False,False
2021-12-29,000596.SZ,312,455,378.0,63.74950980203691,143,False,False
2021-12-29,000598.SZ,87,135,124.0,20.760539492026695,48,False,False
2021-12-29,000617.SZ,450,604,539.0,60.530983801686226,154,False,False
2021-12-29,000623.SZ,428,533,475.4,40.61157470475628,105,False,False
2021-12-29,000625.SZ,560,590,572.2,13.0843417870369,30,False,False
2021-12-29,000629.SZ,72,158,117.4,32.4468796650772,86,False,False
2021-12-29,000630.SZ,92,348,227.8,95.87074632024098,256,False,False
2021-12-29,000651.SZ,320,494,372.6,69.51834290315038,174,False,False
2021-12-29,000657.SZ,66,175,119.6,47.63717036096918,109,False,False
2021-12-29,000661.SZ,504,608,550.6,40.13477295313878,104,False,False
2021-12-29,000683.SZ,426,557,503.6,54.94815738493876,131,False,False
2021-12-29,000703.SZ,436,591,542.4,61.865175987788156,155,False,False
2021-12-29,000708.SZ,412,551,499.2,52.02595506091166,139,False,False
2021-12-29,000709.SZ,129,186,156.6,25.323901753086943,57,False,False
2021-12-29,000723.SZ,139,398,298.4,117.03119242321682,259,False,False
2021-12-29,000725.SZ,379,453,425.4,28.83227358360766,74,False,False
2021-12-29,000728.SZ,685,699,693.2,5.215361924162119,14,False,False
2021-12-29,000729.SZ,80,215,142.2,49.32240870030579,135,False,False
2021-12-29,000733.SZ,192,352,290.6,63.42554690343632,160,False,False
2021-12-29,000738.SZ,75,172,117.6,34.954255821001254,97,False,False
2021-12-29,000739.SZ,134,338,223.0,81.01234473831751,204,False,False
2021-12-29,000750.SZ,496,613,549.0,41.916583830269374,117,False,False
2021-12-29,000768.SZ,429,572,486.4,57.09027938274606,143,False,False
2021-12-29,000776.SZ,620,650,636.4,11.371015785759862,30,False,False
2021-12-29,000783.SZ,683,703,691.2,8.613942186943213,20,False,False
2021-12-29,000785.SZ,544,585,558.4,17.18429515575195,41,False,False
2021-12-29,000786.SZ,571,670,621.4,36.15660382281499,99,False,False
2021-12-29,000792.SZ,505,600,574.6,39.44363066453188,95,False,False
2021-12-29,000807.SZ,251,403,315.6,58.359232345876514,152,False,False
2021-12-29,000825.SZ,415,513,467.8,43.16480047446067,98,False,False
2021-12-29,000830.SZ,494,560,524.8,28.82186669874108,66,False,False
2021-12-29,000831.SZ,227,397,300.8,66.63482572949373,170,False,False
2021-12-29,000858.SZ,629,673,649.8,18.102486017119308,44,False,False
2021-12-29,000878.SZ,424,627,567.0,85.87782018658834,203,False,False
2021-12-29,000883.SZ,377,478,417.4,41.66893327168335,101,False,False
2021-12-29,000887.SZ,229,331,283.4,43.826932358995876,102,False,False
2021-12-29,000893.SZ,200,318,248.6,50.74741372720388,118,False,False
2021-12-29,000895.SZ,166,290,226.2,58.891425521887314,124,False,False
2021-12-29,000898.SZ,431,519,482.4,34.187717092546556,88,False,False
2021-12-29,000921.SZ,224,284,249.6,21.98408515267351,60,False,False
2021-12-29,000932.SZ,189,399,301.4,78.6339621283323,210,False,False
2021-12-29,000937.SZ,96,138,109.8,16.783920876839236,42,False,False
2021-12-29,000938.SZ,347,522,461.0,74.92329410804092,175,False,False
2021-12-29,000951.SZ,617,645,632.0,10.464224768228174,28,False,False
2021-12-29,000959.SZ,53,214,135.2,73.50646230094331,161,False,False
2021-12-29,000960.SZ,111,372,248.0,106.31791946798056,261,False,False
2021-12-29,000963.SZ,376,586,507.8,79.04555648485245,210,False,False
2021-12-29,000967.SZ,255,433,357.8,68.50328459278431,178,False,False
2021-12-29,000975.SZ,311,451,370.0,57.78840714191731,140,False,False
2021-12-29,000977.SZ,421,509,470.6,34.5586458068021,88,False,False
2021-12-29,000983.SZ,124,311,204.8,69.73306245963961,187,False,False
2021-12-29,000987.SZ,473,616,567.2,58.94234471074255,143,False,False
2021-12-29,000997.SZ,197,283,226.2,33.61101010085832,86,False,False
2021-12-29,000999.SZ,243,456,324.2,86.63544309345914,213,False,False
2021-12-29,001696.SZ,293,435,370.2,56.6895052015803,142,False,False
2021-12-29,001965.SZ,599,626,613.0,12.589678312014172,27,False,False
2021-12-29,001979.SZ,193,363,279.6,61.08846044876233,170,False,False
2021-12-29,002001.SZ,463,653,577.4,71.36735948597229,190,False,False
2021-12-29,002007.SZ,432,545,484.2,44.54435991233907,113,False,False
2021-12-29,002008.SZ,39,86,56.8,18.89973544788392,47,False,False
2021-12-29,002025.SZ,65,138,91.0,28.521921393903323,73,False,False
2021-12-29,002027.SZ,408,588,497.6,65.34753247062967,180,False,False
2021-12-29,002028.SZ,176,547,347.8,139.90961367968967,371,False,False
2021-12-29,002032.SZ,340,522,410.6,86.26297003929322,182,False,False
2021-12-29,002044.SZ,129,347,199.4,89.298936163876,218,False,False
2021-12-29,002049.SZ,359,509,446.2,55.648000862564686,150,False,False
2021-12-29,002050.SZ,61,105,79.2,17.512852423291875,44,False,False
2021-12-29,002056.SZ,62,328,159.6,104.23195287434655,266,False,False
2021-12-29,002064.SZ,373,633,551.6,110.48438803740554,260,False,False
2021-12-29,002065.SZ,179,343,269.4,60.168928858672565,164,False,False
2021-12-29,002074.SZ,27,78,47.6,18.80957203128237,51,False,False
2021-12-29,002078.SZ,553,614,592.6,24.83545852204062,61,False,False
2021-12-29,002085.SZ,189,315,245.8,52.62318880493655,126,False,False
2021-12-29,002120.SZ,56,128,86.0,33.20391543176798,72,False,False
2021-12-29,002126.SZ,17,71,37.0,20.988091861815356,54,True,False
2021-12-29,002130.SZ,72,122,98.0,21.071307505705477,50,False,False
2021-12-29,002131.SZ,62,125,85.6,24.562166028263874,63,False,False
2021-12-29,002138.SZ,129,232,185.6,40.85706793199923,103,False,False
2021-12-29,002142.SZ,578,647,622.4,30.574499178236756,69,False,False
2021-12-29,002152.SZ,294,419,349.2,54.154408869454016,125,False,False
2021-12-29,002153.SZ,179,251,206.0,36.27671429443411,72,False,False
2021-12-29,002155.SZ,57,290,170.4,88.8526870724797,233,False,False
2021-12-29,002157.SZ,143,368,272.2,85.37973998554926,225,False,False
2021-12-29,002179.SZ,54,165,112.6,45.77444702014433,111,False,False
2021-12-29,002185.SZ,234,392,305.8,56.41985466128037,158,False,False
2021-12-29,002195.SZ,471,552,515.6,32.8527015631896,81,False,False
2021-12-29,002202.SZ,253,504,351.8,105.72937151047479,251,False,False
2021-12-29,002203.SZ,453,614,515.2,62.96983404774067,161,False,False
2021-12-29,002223.SZ,217,352,293.8,59.29333858031608,135,False,False
2021-12-29,002230.SZ,127,306,199.8,76.05721530532131,179,False,False
2021-12-29,002236.SZ,106,195,145.2,37.31889601796924,89,False,False
2021-12-29,002241.SZ,66,308,177.8,97.63810731471601,242,False,False
2021-12-29,002244.SZ,235,386,335.6,60.72314221118666,151,False,False
2021-12-29,002252.SZ,598,674,621.6,30.51720826025867,76,False,False
2021-12-29,002261.SZ,75,244,124.6,68.85709839951143,169,False,False
2021-12-29,002262.SZ,151,278,219.6,45.346444182537624,127,False,False
2021-12-29,002265.SZ,26,204,126.0,64.82669203345178,178,False,False
2021-12-29,002266.SZ,130,327,200.2,78.3019795407498,197,False,False
2021-12-29,002271.SZ,116,291,218.0,65.40642170307133,175,False,False
2021-12-29,002273.SZ,172,346,250.2,74.17344538310189,174,False,False
2021-12-29,002281.SZ,217,492,338.0,104.21372270483384,275,False,False
2021-12-29,002299.SZ,59,140,98.2,32.35274331490299,81,False,False
2021-12-29,002304.SZ,581,673,635.0,41.22499241964758,92,False,False
2021-12-29,002311.SZ,294,491,391.8,79.52483888697921,197,False,False
2021-12-29,002312.SZ,88,362,169.4,113.78400590592686,274,False,False
2021-12-29,002318.SZ,82,168,107.4,34.464474462843626,86,False,False
2021-12-29,002335.SZ,55,167,121.4,43.575222317275674,112,False,False
2021-12-29,002340.SZ,220,381,293.8,70.92742769902205,161,False,False
2021-12-29,002352.SZ,90,245,148.6,61.646573302982546,155,False,False
2021-12-29,002353.SZ,202,394,291.4,78.46209275822306,192,False,False
2021-12-29,002371.SZ,21,55,34.6,15.69394787808345,34,False,False
2021-12-29,002384.SZ,125,337,231.8,87.90164958634166,212,False,False
2021-12-29,002402.SZ,93,124,109.8,11.987493482792805,31,False,False
2021-12-29,002409.SZ,83,189,144.4,44.29221150495874,106,False,False
2021-12-29,002410.SZ,144,277,183.4,55.02090511796403,133,False,False
2021-12-29,002414.SZ,551,618,593.4,27.555398745073532,67,False,False
2021-12-29,002415.SZ,441,577,510.6,62.21977177714493,136,False,False
2021-12-29,002422.SZ,445,541,494.6,40.0599550673737,96,False,False
2021-12-29,002423.SZ,472,619,554.8,65.47671341782512,147,False,False
2021-12-29,002429.SZ,229,512,383.4,118.03304622011582,283,False,False
2021-12-29,002430.SZ,286,535,399.4,111.47331519247106,249,False,False
2021-12-29,002432.SZ,35,132,73.6,42.91619740843776,97,False,False
2021-12-29,002436.SZ,34,69,51.2,15.642889758609181,35,False,False
2021-12-29,002444.SZ,244,292,261.4,18.595698427324532,48,False,False
2021-12-29,002460.SZ,370,482,409.8,43.25736931437232,112,False,False
2021-12-29,002461.SZ,159,353,255.0,86.98275691193054,194,False,False
2021-12-29,002463.SZ,159,220,188.8,23.381616710569865,61,False,False
2021-12-29,002465.SZ,103,356,197.4,105.34609627318898,253,False,False
2021-12-29,002466.SZ,174,378,303.4,80.74837459664435,204,False,False
2021-12-29,002472.SZ,7,20,13.2,6.058052492344384,13,True,False
2021-12-29,002475.SZ,55,150,94.0,38.379682124790975,95,False,False
2021-12-29,002493.SZ,437,555,515.6,46.54889902027759,118,False,False
2021-12-29,002500.SZ,601,660,624.6,27.844209451877063,59,False,False
2021-12-29,002508.SZ,634,702,663.8,25.193253065056922,68,False,False
2021-12-29,002517.SZ,192,361,281.2,73.64237910333968,169,False,False
2021-12-29,002532.SZ,31,84,55.0,23.526580712037184,53,False,False
2021-12-29,002558.SZ,540,602,565.4,25.52057993071474,62,False,False
2021-12-29,002568.SZ,322,540,409.0,90.93129274347748,218,False,False
2021-12-29,002583.SZ,15,38,27.0,9.72111104761179,23,True,False
2021-12-29,002594.SZ,142,373,273.6,89.0410017913096,231,False,False
2021-12-29,002600.SZ,164,364,269.6,83.14024296332072,200,False,False
2021-12-29,002601.SZ,514,553,534.8,18.102486017119308,39,False,False
2021-12-29,002603.SZ,279,422,339.8,66.70607168766573,143,False,False
2021-12-29,002608.SZ,43,485,206.8,208.09180666234795,442,False,False
2021-12-29,002624.SZ,301,434,341.6,54.6561981846524,133,False,False
2021-12-29,002625.SZ,332,473,414.4,56.18095762800773,141,False,False
2021-12-29,002648.SZ,321,486,397.2,63.10467494568053,165,False,False
2021-12-29,002670.SZ,524,595,558.2,27.58079041651997,71,False,False
2021-12-29,002673.SZ,383,508,462.6,56.411878181815574,125,False,False
2021-12-29,002683.SZ,177,405,318.2,92.25345521984529,228,False,False
2021-12-29,002709.SZ,271,509,429.8,98.9277514148583,238,False,False
2021-12-29,002714.SZ,285,445,371.2,62.71124301112202,160,False,False
2021-12-29,002736.SZ,586,635,617.0,18.867962264113206,49,False,False
2021-12-29,002738.SZ,1,5,2.2,1.6431676725154984,4,True,True
2021-12-29,002739.SZ,173,293,237.8,44.863125169787274,120,False,False
2021-12-29,002756.SZ,443,575,497.2,54.61410074330621,132,False,False
2021-12-29,002773.SZ,401,558,515.8,65.57972247577753,157,False,False
2021-12-29,002797.SZ,665,703,681.6,16.08726204175216,38,False,False
2021-12-29,002821.SZ,46,116,83.8,29.32064119353463,70,False,False
2021-12-29,002831.SZ,45,424,178.6,149.62386173334787,379,False,False
2021-12-29,002837.SZ,16,91,53.0,29.385370509830228,75,True,False
2021-12-29,002841.SZ,132,415,250.8,105.32188756379179,283,False,False
2021-12-29,002850.SZ,1,5,3.4,1.6733200530681511,4,True,True
2021-12-29,002851.SZ,71,217,144.6,65.14829237977001,146,False,False
2021-12-29,002916.SZ,70,121,95.8,23.20991167583367,51,False,False
2021-12-29,002920.SZ,191,422,274.4,88.06418114080208,231,False,False
2021-12-29,002926.SZ,675,698,687.0,8.888194417315589,23,False,False
2021-12-29,002938.SZ,344,462,387.8,51.5771267133019,118,False,False
2021-12-29,002939.SZ,598,674,640.0,30.84639363037436,76,False,False
2021-12-29,002945.SZ,682,701,693.0,8.860022573334675,19,False,False
2021-12-29,002966.SZ,597,661,639.8,25.20317440323738,64,False,False
2021-12-29,002984.SZ,28,38,32.6,3.714835124201342,10,False,False
2021-12-29,003021.SZ,17,41,24.8,9.497368056467014,24,True,False
2021-12-29,003022.SZ,138,328,270.0,77.14920608794364,190,False,False
2021-12-29,003031.SZ,4,7,5.0,1.224744871391589,3,True,True
2021-12-29,003035.SZ,199,345,294.2,63.950762309764535,146,False,False
2021-12-29,003816.SZ,519,594,563.2,36.995945723822224,75,False,False
2021-12-29,300001.SZ,267,364,305.6,47.747251229782854,97,False,False
2021-12-29,300002.SZ,168,319,216.8,58.89142552188731,151,False,False
2021-12-29,300003.SZ,574,664,603.4,36.623762777737625,90,False,False
2021-12-29,300012.SZ,281,379,341.8,40.31376935986016,98,False,False
2021-12-29,300014.SZ,30,51,38.0,8.54400374531753,21,False,False
2021-12-29,300015.SZ,400,536,455.2,53.34510286802342,136,False,False
2021-12-29,300017.SZ,108,196,140.0,35.75611835756225,88,False,False
2021-12-29,300024.SZ,40,88,62.4,19.007893097342482,48,False,False
2021-12-29,300033.SZ,422,491,463.8,32.02655148466659,69,False,False
2021-12-29,300037.SZ,37,127,77.2,36.65651374585423,90,False,False
2021-12-29,300054.SZ,43,93,69.0,23.280893453645632,50,False,False
2021-12-29,300058.SZ,188,428,287.0,95.42274362016636,240,False,False
2021-12-29,300059.SZ,270,419,360.0,60.4648658313239,149,False,False
2021-12-29,300073.SZ,37,83,66.4,18.68956928342652,46,False,False
2021-12-29,300100.SZ,25,143,63.2,47.15082183801254,118,False,False
2021-12-29,300115.SZ,386,587,512.8,78.03652990747347,201,False,False
2021-12-29,300122.SZ,556,628,597.6,30.046630426721727,72,False,False
2021-12-29,300124.SZ,133,196,157.4,23.330237889914454,63,False,False
2021-12-29,300136.SZ,306,442,368.4,60.533461820715324,136,False,False
2021-12-29,300140.SZ,35,235,110.4,83.12520676666013,200,False,False
2021-12-29,300142.SZ,283,448,373.8,71.51013914124346,165,False,False
2021-12-29,300144.SZ,459,562,507.0,37.03376837428241,103,False,False
2021-12-29,300146.SZ,534,623,577.8,39.95872870850623,89,False,False
2021-12-29,300207.SZ,523,625,581.0,38.98717737923585,102,False,False
2021-12-29,300223.SZ,51,175,96.4,48.629209329373225,124,False,False
2021-12-29,300251.SZ,528,610,579.2,36.91476669301866,82,False,False
2021-12-29,300274.SZ,150,203,181.8,19.40876090841453,53,False,False
2021-12-29,300285.SZ,209,330,274.6,52.51952018059571,121,False,False
2021-12-29,300308.SZ,74,98,87.6,9.762171889492626,24,False,False
2021-12-29,300316.SZ,89,231,135.6,57.513476681556995,142,False,False
2021-12-29,300339.SZ,241,403,340.4,78.27707199429473,162,False,False
2021-12-29,300346.SZ,22,34,29.6,4.722287581247038,12,False,False
2021-12-29,300373.SZ,85,147,109.4,26.884940022250372,62,False,False
2021-12-29,300383.SZ,355,538,462.8,69.72589189103284,183,False,False
2021-12-29,300390.SZ,69,260,172.4,70.65974808899335,191,False,False
2021-12-29,300394.SZ,51,161,96.8,40.164661084092316,110,False,False
2021-12-29,300395.SZ,16,28,19.2,5.06951674225463,12,True,False
2021-12-29,300408.SZ,489,628,576.8,58.674525988711665,139,False,False
2021-12-29,300413.SZ,223,429,342.4,76.6602895898522,206,False,False
2021-12-29,300418.SZ,307,580,435.2,107.18535347704928,273,False,False
2021-12-29,300432.SZ,101,326,207.0,109.46232228488486,225,False,False
2021-12-29,300433.SZ,382,592,485.8,77.2347072241489,210,False,False
2021-12-29,300442.SZ,164,381,300.2,91.0368057436112,217,False,False
2021-12-29,300450.SZ,72,142,100.4,27.898028604186354,70,False,False
2021-12-29,300454.SZ,230,551,415.2,124.0995568082336,321,False,False
2021-12-29,300458.SZ,219,310,278.0,38.27531841800928,91,False,False
2021-12-29,300474.SZ,138,312,240.4,71.88045631463396,174,False,False
2021-12-29,300476.SZ,50,211,121.8,58.31980795578806,161,False,False
2021-12-29,300487.SZ,9,32,15.2,9.5236547606473,23,True,False
2021-12-29,300496.SZ,119,162,140.2,18.430952227163957,43,False,False
2021-12-29,300498.SZ,222,320,277.2,45.17410762815354,98,False,False
2021-12-29,300502.SZ,386,498,458.8,44.40382866375376,112,False,False
2021-12-29,300558.SZ,237,554,379.4,124.15433943282046,317,False,False
2021-12-29,300567.SZ,86,126,98.6,16.241921068642096,40,False,False
2021-12-29,300570.SZ,26,64,38.4,15.043270920913445,38,False,False
2021-12-29,300604.SZ,18,79,34.4,25.5401644473954,61,True,False
2021-12-29,300623.SZ,134,303,212.2,74.7509197267833,169,False,False
2021-12-29,300627.SZ,11,20,15.8,4.024922359499621,9,True,False
2021-12-29,300628.SZ,215,390,286.8,71.69867502262507,175,False,False
2021-12-29,300661.SZ,38,91,63.2,19.266551326067674,53,False,False
2021-12-29,300676.SZ,563,609,582.2,18.07484439767048,46,False,False
2021-12-29,300677.SZ,561,653,610.6,34.39185950192284,92,False,False
2021-12-29,300679.SZ,62,144,109.0,29.941609843159736,82,False,False
2021-12-29,300699.SZ,36,137,86.0,44.30011286667337,101,False,False
2021-12-29,300718.SZ,40,104,68.0,27.631503759296198,64,False,False
2021-12-29,300724.SZ,43,139,102.6,37.620473149602994,96,False,False
2021-12-29,300735.SZ,105,228,160.2,46.66583332589273,123,False,False
2021-12-29,300748.SZ,74,235,128.8,67.69564240037907,161,False,False
2021-12-29,300750.SZ,236,507,393.2,129.95845490001795,271,False,False
2021-12-29,300751.SZ,92,141,116.0,17.98610574860495,49,False,False
2021-12-29,300757.SZ,133,253,185.4,61.45974292168818,120,False,False
2021-12-29,300759.SZ,191,299,263.0,43.70354676682432,108,False,False
2021-12-29,300760.SZ,591,679,630.4,34.79655155327896,88,False,False
2021-12-29,300763.SZ,8,11,9.6,1.3416407864998738,3,True,False
2021-12-29,300803.SZ,6,14,9.4,2.9664793948382653,8,True,False
2021-12-29,300832.SZ,243,505,379.6,114.77717543135482,262,False,False
2021-12-29,300857.SZ,4,9,6.6,1.9493588689617927,5,True,True
2021-12-29,300866.SZ,79,202,149.2,49.37306958251634,123,False,False
2021-12-29,300888.SZ,335,476,407.4,65.75180605884526,141,False,False
2021-12-29,300896.SZ,407,561,458.2,59.37760520600338,154,False,False
2021-12-29,300919.SZ,220,402,320.2,72.20249303175063,182,False,False
2021-12-29,300957.SZ,252,461,376.0,106.2473529082019,209,False,False
2021-12-29,300972.SZ,590,681,635.6,33.36615051215828,91,False,False
2021-12-29,300999.SZ,550,597,566.6,19.03417978269618,47,False,False
2021-12-29,302132.SZ,14,22,16.6,3.714835124201342,8,True,False
2021-12-29,600000.SH,680,692,687.0,4.58257569495584,12,False,False
2021-12-29,600004.SH,368,524,457.2,61.17761028350159,156,False,False
2021-12-29,600008.SH,126,254,179.8,52.756042307966965,128,False,False
2021-12-29,600009.SH,257,432,345.2,73.75432190726181,175,False,False
2021-12-29,600010.SH,178,430,306.0,90.19146301064198,252,False,False
2021-12-29,600011.SH,201,393,329.4,86.81474529133861,192,False,False
2021-12-29,600015.SH,593,668,642.4,29.039628096792146,75,False,False
2021-12-29,600016.SH,661,679,670.6,8.080841540334768,18,False,False
2021-12-29,600018.SH,546,578,564.4,11.610340218959994,32,False,False
2021-12-29,600019.SH,292,452,370.6,60.48801534188405,160,False,False
2021-12-29,600021.SH,318,532,424.2,76.27712632237794,214,False,False
2021-12-29,600023.SH,470,611,533.8,54.960895189216124,141,False,False
2021-12-29,600025.SH,392,480,448.0,34.734708865916815,88,False,False
2021-12-29,600026.SH,147,218,179.8,28.472794032198525,71,False,False
2021-12-29,600027.SH,399,467,431.2,29.83621959967449,68,False,False
2021-12-29,600028.SH,401,467,436.2,30.152943471575043,66,False,False
2021-12-29,600029.SH,230,505,392.2,105.02475898567917,275,False,False
2021-12-29,600030.SH,671,695,677.6,9.98999499499374,24,False,False
2021-12-29,600031.SH,587,633,617.0,18.207141456033124,46,False,False
2021-12-29,600032.SH,395,576,517.2,70.87100958784205,181,False,False
2021-12-29,600036.SH,460,598,529.6,51.52960314227153,138,False,False
2021-12-29,600038.SH,136,201,167.0,27.018512172212592,65,False,False
2021-12-29,600039.SH,200,402,309.0,72.54309064273454,202,False,False
2021-12-29,600048.SH,530,609,565.8,31.562636138320258,79,False,False
2021-12-29,600050.SH,597,657,628.8,22.55437873229941,60,False,False
2021-12-29,600060.SH,235,428,328.2,82.28730157199226,193,False,False
2021-12-29,600061.SH,529,624,571.6,44.23573216303761,95,False,False
2021-12-29,600062.SH,246,468,337.0,85.90692637965812,222,False,False
2021-12-29,600066.SH,362,500,429.2,54.73298822465296,138,False,False
2021-12-29,600085.SH,438,596,554.8,66.3076164554269,158,False,False
2021-12-29,600089.SH,404,643,545.6,101.20424892266134,239,False,False
2021-12-29,600095.SH,409,573,518.2,68.46312876286038,164,False,False
2021-12-29,600098.SH,55,70,60.4,6.188699378706321,15,False,False
2021-12-29,600104.SH,260,411,341.8,62.07012163674243,151,False,False
2021-12-29,600109.SH,615,686,659.6,26.78245694479877,71,False,False
2021-12-29,600111.SH,156,333,252.8,73.9168451707728,177,False,False
2021-12-29,600115.SH,260,530,438.6,111.5136762912962,270,False,False
2021-12-29,600118.SH,182,245,211.4,30.088203668547578,63,False,False
2021-12-29,600126.SH,177,378,255.2,90.89389418437302,201,False,False
2021-12-29,600131.SH,54,142,99.2,31.260198335903116,88,False,False
2021-12-29,600132.SH,373,480,413.6,42.51235114646096,107,False,False
2021-12-29,600141.SH,502,582,563.2,34.3030610878971,80,False,False
2021-12-29,600143.SH,383,492,424.2,48.121720667490685,109,False,False
2021-12-29,600150.SH,271,521,408.8,95.25597094145857,250,False,False
2021-12-29,600153.SH,400,477,443.8,35.96109008358896,77,False,False
2021-12-29,600157.SH,286,588,397.8,121.37627445262933,302,False,False
2021-12-29,600160.SH,545,621,576.6,30.468016016800306,76,False,False
2021-12-29,600161.SH,614,689,643.0,30.87879531328902,75,False,False
2021-12-29,600166.SH,148,283,203.6,58.32066529112987,135,False,False
2021-12-29,600170.SH,475,519,497.2,18.45806056984319,44,False,False
2021-12-29,600171.SH,371,515,454.2,54.12670320645808,144,False,False
2021-12-29,600176.SH,301,535,403.2,100.04099159844428,234,False,False
2021-12-29,600177.SH,335,447,369.2,45.87155981651376,112,False,False
2021-12-29,600183.SH,221,441,329.2,103.80125240092241,220,False,False
2021-12-29,600188.SH,317,465,402.2,68.21070297248079,148,False,False
2021-12-29,600196.SH,429,594,537.0,67.30898899849856,165,False,False
2021-12-29,600208.SH,534,568,552.8,13.881642554107204,34,False,False
2021-12-29,600219.SH,317,479,419.8,70.37542184598256,162,False,False
2021-12-29,600233.SH,214,321,262.8,41.13028081596332,107,False,False
2021-12-29,600276.SH,622,701,664.0,29.189039038652847,79,False,False
2021-12-29,600282.SH,110,256,170.8,54.87895771604996,146,False,False
2021-12-29,600295.SH,254,436,362.8,71.85193108052142,182,False,False
2021-12-29,600298.SH,107,250,147.6,60.048313881407196,143,False,False
2021-12-29,600299.SH,489,621,563.8,52.208236898022136,132,False,False
2021-12-29,600309.SH,383,568,451.2,71.9701326940558,185,False,False
2021-12-29,600312.SH,30,69,51.4,16.47118696390761,39,False,False
2021-12-29,600316.SH,167,346,238.6,71.98819347643057,179,False,False
2021-12-29,600329.SH,169,270,219.4,41.848536414073074,101,False,False
2021-12-29,600332.SH,406,511,464.8,40.57955150072509,105,False,False
2021-12-29,600339.SH,523,564,544.8,17.61249556422939,41,False,False
2021-12-29,600346.SH,309,520,438.4,99.06210173421519,211,False,False
2021-12-29,600348.SH,511,599,547.8,32.96513309543889,88,False,False
2021-12-29,600352.SH,361,560,479.8,74.50973090811696,199,False,False
2021-12-29,600362.SH,286,573,415.6,113.02787266864753,287,False,False
2021-12-29,600363.SH,295,532,425.8,85.21560889883965,237,False,False
2021-12-29,600369.SH,662,697,681.0,13.729530217745982,35,False,False
2021-12-29,600372.SH,36,96,55.2,23.689660191737662,60,False,False
2021-12-29,600377.SH,519,614,581.8,36.80624946934963,95,False,False
2021-12-29,600378.SH,67,100,88.4,12.660963628413123,33,False,False
2021-12-29,600380.SH,228,307,260.4,31.635423183513762,79,False,False
2021-12-29,600390.SH,553,607,573.0,21.94310825749169,54,False,False
2021-12-29,600392.SH,252,497,377.8,94.58699699218704,245,False,False
2021-12-29,600398.SH,368,459,418.6,37.92492584040211,91,False,False
2021-12-29,600406.SH,170,497,361.2,125.2944531892773,327,False,False
2021-12-29,600415.SH,340,506,430.2,63.10071314969427,166,False,False
2021-12-29,600426.SH,563,650,609.2,33.43202057907957,87,False,False
2021-12-29,600435.SH,29,47,36.4,7.162401831787993,18,False,False
2021-12-29,600436.SH,583,629,608.6,20.15688467993008,46,False,False
2021-12-29,600438.SH,226,352,277.8,52.93108727392627,126,False,False
2021-12-29,600460.SH,89,222,137.4,50.44105470745036,133,False,False
2021-12-29,600482.SH,58,184,114.0,45.3155602414888,126,False,False
2021-12-29,600483.SH,332,561,407.6,90.77885216282479,229,False,False
2021-12-29,600486.SH,90,123,102.8,13.026895255585652,33,False,False
2021-12-29,600489.SH,472,572,515.2,42.43465564842019,100,False,False
2021-12-29,600497.SH,144,289,213.4,52.0413297293603,145,False,False
2021-12-29,600498.SH,256,502,349.6,96.23564828066573,246,False,False
2021-12-29,600499.SH,265,433,362.6,68.54414635838717,168,False,False
2021-12-29,600511.SH,136,264,194.8,46.164921748011224,128,False,False
2021-12-29,600515.SH,191,415,270.6,87.0936277806821,224,False,False
2021-12-29,600516.SH,79,142,100.0,27.55902755904134,63,False,False
2021-12-29,600517.SH,205,365,282.0,62.89674077406555,160,False,False
2021-12-29,600519.SH,599,663,619.4,25.422431040323424,64,False,False
2021-12-29,600521.SH,373,557,488.0,70.38110541899722,184,False,False
2021-12-29,600522.SH,170,466,305.0,107.98611021793498,296,False,False
2021-12-29,600535.SH,424,527,477.4,39.208417463600846,103,False,False
2021-12-29,600536.SH,324,434,380.0,44.65982534672521,110,False,False
2021-12-29,600546.SH,192,253,223.0,23.46273641330013,61,False,False
2021-12-29,600547.SH,90,196,144.4,45.94344349306003,106,False,False
2021-12-29,600549.SH,213,484,321.2,108.07034745942109,271,False,False
2021-12-29,600562.SH,149,390,245.0,95.861879806313,241,False,False
2021-12-29,600563.SH,179,264,219.2,39.372579290668774,85,False,False
2021-12-29,600566.SH,265,477,347.4,90.96317936396022,212,False,False
2021-12-29,600570.SH,157,367,238.2,78.13897874940521,210,False,False
2021-12-29,600578.SH,288,435,341.8,56.36665681056488,147,False,False
2021-12-29,600582.SH,114,262,190.2,69.16791163538191,148,False,False
2021-12-29,600583.SH,418,487,460.2,25.868900247208035,69,False,False
2021-12-29,600584.SH,575,622,594.2,18.444511378727274,47,False,False
2021-12-29,600585.SH,322,438,366.0,44.02839992550263,116,False,False
2021-12-29,600588.SH,98,296,197.6,88.6949829471769,198,False,False
2021-12-29,600598.SH,286,534,434.6,95.16722124765438,248,False,False
2021-12-29,600600.SH,319,482,399.2,69.61106233925754,163,False,False
2021-12-29,600601.SH,16,75,32.6,24.089416763383873,59,True,False
2021-12-29,600602.SH,67,136,113.0,26.89795531262553,69,False,False
2021-12-29,600606.SH,157,320,240.6,73.26868362404227,163,False,False
2021-12-29,600637.SH,267,485,339.0,89.69113668585096,218,False,False
2021-12-29,600642.SH,74,158,119.8,33.94407164734366,84,False,False
2021-12-29,600655.SH,283,470,411.4,82.28487102742521,187,False,False
2021-12-29,600660.SH,383,585,504.6,76.96947446877886,202,False,False
2021-12-29,600663.SH,581,663,635.8,32.3681942653587,82,False,False
2021-12-29,600674.SH,244,488,391.8,97.54588663803307,244,False,False
2021-12-29,600685.SH,54,117,89.2,25.93646082255634,63,False,False
2021-12-29,600688.SH,158,239,203.0,34.27827300200522,81,False,False
2021-12-29,600690.SH,155,302,199.8,61.17761028350159,147,False,False
2021-12-29,600699.SH,324,536,432.6,80.74527849973644,212,False,False
2021-12-29,600704.SH,380,511,453.6,54.46374941187946,131,False,False
2021-12-29,600707.SH,533,600,572.4,29.636126602509982,67,False,False
2021-12-29,600737.SH,338,448,391.6,48.83953316730208,110,False,False
2021-12-29,600741.SH,174,325,238.4,55.66237508407272,151,False,False
2021-12-29,600754.SH,335,461,405.2,50.21653114264266,126,False,False
2021-12-29,600760.SH,524,567,545.6,19.730686759461772,43,False,False
2021-12-29,600763.SH,409,532,462.4,47.97186675542239,123,False,False
2021-12-29,600764.SH,70,248,134.2,71.87280431428844,178,False,False
2021-12-29,600765.SH,184,368,260.4,76.199081359292,184,False,False
2021-12-29,600795.SH,172,295,228.0,54.032397688794084,123,False,False
2021-12-29,600801.SH,86,158,118.2,30.800974010573107,72,False,False
2021-12-29,600803.SH,372,502,437.4,58.98135298549873,130,False,False
2021-12-29,600808.SH,240,371,310.2,54.632407964504004,131,False,False
2021-12-29,600809.SH,525,606,565.8,35.72394155185007,81,False,False
2021-12-29,600816.SH,152,376,301.6,92.18080060403034,224,False,False
2021-12-29,600820.SH,459,572,520.0,50.38849074937649,113,False,False
2021-12-29,600845.SH,165,269,209.6,43.517812445020716,104,False,False
2021-12-29,600848.SH,427,531,491.8,40.45614909998232,104,False,False
2021-12-29,600862.SH,51,159,108.8,46.45643120171846,108,False,False
2021-12-29,600863.SH,317,469,408.4,61.190685565697,152,False,False
2021-12-29,600871.SH,410,529,471.2,55.6839294590459,119,False,False
2021-12-29,600873.SH,87,333,186.0,98.52410872471773,246,False,False
2021-12-29,600875.SH,570,613,587.6,16.28803241647069,43,False,False
2021-12-29,600879.SH,194,309,254.0,52.16799785308997,115,False,False
2021-12-29,600884.SH,163,268,212.6,40.82033806817381,105,False,False
2021-12-29,600885.SH,49,170,107.8,43.831495525478026,121,False,False
2021-12-29,600886.SH,416,483,448.6,24.46017170830982,67,False,False
2021-12-29,600887.SH,132,270,201.2,63.349822414905,138,False,False
2021-12-29,600893.SH,387,538,459.0,60.11239472854163,151,False,False
2021-12-29,600900.SH,492,537,519.8,19.421637418096342,45,False,False
2021-12-29,600901.SH,629,658,645.2,11.987493482792805,29,False,False
2021-12-29,600905.SH,241,443,318.2,79.64420882901656,202,False,False
2021-12-29,600906.SH,668,703,684.8,15.254507530562892,35,False,False
2021-12-29,600909.SH,656,702,687.8,19.162463307205574,46,False,False
2021-12-29,600918.SH,603,687,656.4,33.463412856431724,84,False,False
2021-12-29,600919.SH,654,670,661.8,7.362064927722384,16,False,False
2021-12-29,600926.SH,590,654,629.0,25.88435821108957,64,False,False
2021-12-29,600927.SH,501,630,572.0,50.363677387577646,129,False,False
2021-12-29,600958.SH,678,698,688.8,8.526429498916883,20,False,False
2021-12-29,600967.SH,95,171,128.6,29.72036338943385,76,False,False
2021-12-29,600968.SH,123,232,160.6,44.62958659902643,109,False,False
2021-12-29,600970.SH,181,275,219.2,37.13758204299251,94,False,False
2021-12-29,600977.SH,210,315,262.8,47.55733381929647,105,False,False
2021-12-29,600985.SH,445,499,468.4,19.9949993748437,54,False,False
2021-12-29,600988.SH,266,431,381.6,66.0779842307557,165,False,False
2021-12-29,600989.SH,511,621,577.6,42.83456548162943,110,False,False
2021-12-29,600995.SH,13,35,20.4,8.648699324175862,22,True,False
2021-12-29,600998.SH,266,423,354.0,67.17514421272202,157,False,False
2021-12-29,600999.SH,680,692,688.0,4.743416490252569,12,False,False
2021-12-29,601000.SH,485,545,517.8,21.718655575334306,60,False,False
2021-12-29,601001.SH,145,291,206.8,54.6735767990352,146,False,False
2021-12-29,601006.SH,388,464,439.4,31.405413546075142,76,False,False
2021-12-29,601009.SH,559,650,623.2,36.724651121555944,91,False,False
2021-12-29,601012.SH,372,538,472.8,69.79040048602674,166,False,False
2021-12-29,601016.SH,533,633,599.0,40.099875311526844,100,False,False
2021-12-29,601018.SH,399,537,477.0,54.99545435761032,138,False,False
2021-12-29,601019.SH,33,191,124.2,64.22382735402805,158,False,False
2021-12-29,601021.SH,417,562,482.2,71.45418112329047,145,False,False
2021-12-29,601058.SH,416,525,493.4,44.27527526735435,109,False,False
2021-12-29,601066.SH,632,694,666.8,28.083803161252927,62,False,False
2021-12-29,601077.SH,634,693,669.0,23.50531854708632,59,False,False
2021-12-29,601088.SH,299,502,397.8,72.27516862657603,203,False,False
2021-12-29,601098.SH,131,202,158.2,28.847876871617434,71,False,False
2021-12-29,601099.SH,520,599,554.4,28.745434420095307,79,False,False
2021-12-29,601100.SH,367,474,408.8,41.1181225252321,107,False,False
2021-12-29,601106.SH,488,569,525.0,29.300170647967224,81,False,False
2021-12-29,601108.SH,685,702,693.2,6.3796551630946325,17,False,False
2021-12-29,601111.SH,422,604,534.2,69.44206218136095,182,False,False
2021-12-29,601117.SH,526,571,548.0,21.224985276791124,45,False,False
2021-12-29,601118.SH,102,276,175.2,69.86558523336078,174,False,False
2021-12-29,601127.SH,203,490,325.0,120.94420201067929,287,False,False
2021-12-29,601128.SH,648,693,672.4,16.2265215003093,45,False,False
2021-12-29,601138.SH,216,345,284.0,55.619241274940094,129,False,False
2021-12-29,601139.SH,416,510,464.2,42.06185920760042,94,False,False
2021-12-29,601155.SH,291,503,430.0,82.8703807159108,212,False,False
2021-12-29,601156.SH,203,330,280.4,55.446370485361804,127,False,False
2021-12-29,601162.SH,637,659,649.6,10.667708282475669,22,False,False
2021-12-29,601166.SH,647,662,655.6,6.148170459575759,15,False,False
2021-12-29,601169.SH,655,699,679.2,16.161683080669537,44,False,False
2021-12-29,601179.SH,95,297,170.8,78.28920742988781,202,False,False
2021-12-29,601186.SH,504,615,570.0,44.19841626121914,111,False,False
2021-12-29,601198.SH,666,703,683.4,17.586926962946084,37,False,False
2021-12-29,601211.SH,674,702,691.8,10.871982339941507,28,False,False
2021-12-29,601212.SH,127,177,151.6,17.770762504743573,50,False,False
2021-12-29,601216.SH,178,284,238.6,46.23094201938783,106,False,False
2021-12-29,601225.SH,337,474,403.0,67.94115100585212,137,False,False
2021-12-29,601228.SH,447,537,492.6,39.37384918953188,90,False,False
2021-12-29,601229.SH,652,685,670.8,12.11197754291181,33,False,False
2021-12-29,601233.SH,165,419,314.0,112.79184367674819,254,False,False
2021-12-29,601236.SH,447,560,505.6,44.82521611771659,113,False,False
2021-12-29,601238.SH,372,466,426.6,38.83040046149409,94,False,False
2021-12-29,601288.SH,661,696,682.4,13.575713609236164,35,False,False
2021-12-29,601298.SH,389,477,438.4,32.64659247149693,88,False,False
2021-12-29,601318.SH,604,648,628.6,18.324846520503247,44,False,False
2021-12-29,601319.SH,509,636,577.6,53.46307136706607,127,False,False
2021-12-29,601328.SH,682,699,691.6,8.142481194328912,17,False,False
2021-12-29,601336.SH,616,652,636.6,13.183322798141598,36,False,False
2021-12-29,601360.SH,341,612,480.8,99.32623017108824,271,False,False
2021-12-29,601377.SH,664,694,679.2,13.141537200799608,30,False,False
2021-12-29,601390.SH,579,628,602.2,20.921281031523858,49,False,False
2021-12-29,601398.SH,669,694,678.2,9.57601169589929,25,False,False
2021-12-29,601399.SH,64,333,149.4,105.68490904571003,269,False,False
2021-12-29,601456.SH,664,703,691.0,15.700318468107582,39,False,False
2021-12-29,601555.SH,673,702,685.6,11.414902540100812,29,False,False
2021-12-29,601567.SH,212,402,315.4,80.19850372669056,190,False,False
2021-12-29,601577.SH,524,637,600.2,44.024992901759795,113,False,False
2021-12-29,601598.SH,300,371,337.6,29.15990397789403,71,False,False
2021-12-29,601600.SH,134,329,237.2,86.82568744329065,195,False,False
2021-12-29,601601.SH,611,649,627.4,13.813037319865606,38,False,False
2021-12-29,601607.SH,319,438,392.0,50.695167422546305,119,False,False
2021-12-29,601608.SH,71,137,102.8,31.554714386284658,66,False,False
2021-12-29,601611.SH,406,531,477.6,45.68150610476848,125,False,False
2021-12-29,601615.SH,236,425,345.8,70.98380096895347,189,False,False
2021-12-29,601618.SH,523,580,545.6,21.220273325289664,57,False,False
2021-12-29,601628.SH,609,660,638.0,20.161845153655953,51,False,False
2021-12-29,601633.SH,164,308,229.6,65.31691970691821,144,False,False
2021-12-29,601658.SH,637,683,662.2,17.079227148791013,46,False,False
2021-12-29,601665.SH,644,651,646.4,2.7928480087537886,7,False,False
2021-12-29,601666.SH,262,404,352.0,67.36839021380874,142,False,False
2021-12-29,601668.SH,514,605,565.0,38.019731719200756,91,False,False
2021-12-29,601669.SH,554,625,595.4,28.04104135013534,71,False,False
2021-12-29,601688.SH,671,698,685.6,11.760102040373628,27,False,False
2021-12-29,601689.SH,175,378,259.4,80.92156696456142,203,False,False
2021-12-29,601696.SH,489,639,565.4,53.303846015086,150,False,False
2021-12-29,601698.SH,186,391,300.6,80.9462784814719,205,False,False
2021-12-29,601699.SH,358,440,395.6,29.652993103563762,82,False,False
2021-12-29,601717.SH,141,305,223.8,58.85320721931813,164,False,False
2021-12-29,601728.SH,479,564,525.8,37.35906851087163,85,False,False
2021-12-29,601766.SH,346,478,413.4,55.37869626489956,132,False,False
2021-12-29,601788.SH,650,665,655.2,6.300793600809346,15,False,False
2021-12-29,601799.SH,19,81,47.6,26.34008352302627,62,True,False
2021-12-29,601800.SH,562,612,590.2,20.24104740372889,50,False,False
2021-12-29,601808.SH,166,244,209.4,27.960686686846586,78,False,False
2021-12-29,601816.SH,341,517,434.4,66.27820154470096,176,False,False
2021-12-29,601818.SH,636,691,667.4,21.80137610335641,55,False,False
2021-12-29,601825.SH,620,670,657.2,20.992855927672156,50,False,False
2021-12-29,601838.SH,595,651,630.0,22.715633383201094,56,False,False
2021-12-29,601857.SH,285,388,354.0,42.573465914816005,103,False,False
2021-12-29,601865.SH,45,94,64.6,19.982492337043446,49,False,False
2021-12-29,601866.SH,399,500,455.8,38.427854480831996,101,False,False
2021-12-29,601868.SH,612,684,645.6,27.835229476330888,72,False,False
2021-12-29,601872.SH,130,225,187.8,43.32666615376724,95,False,False
2021-12-29,601877.SH,479,636,526.8,63.424758572658355,157,False,False
2021-12-29,601878.SH,628,687,654.2,25.252722625491295,59,False,False
2021-12-29,601880.SH,354,490,426.2,61.645762222556705,136,False,False
2021-12-29,601881.SH,624,693,663.0,28.24889378365107,69,False,False
2021-12-29,601888.SH,553,635,607.0,33.1134413795969,82,False,False
2021-12-29,601898.SH,287,458,361.4,71.03731413841602,171,False,False
2021-12-29,601899.SH,176,305,229.2,50.16672203762172,129,False,False
2021-12-29,601901.SH,631,666,649.0,15.149257407543116,35,False,False
2021-12-29,601916.SH,569,660,620.6,33.98234835911138,91,False,False
2021-12-29,601919.SH,484,646,558.0,58.32237992400516,162,False,False
2021-12-29,601928.SH,214,334,254.2,50.9136523930468,120,False,False
2021-12-29,601939.SH,658,683,670.8,10.963576058932597,25,False,False
2021-12-29,601958.SH,59,166,93.6,46.50053763130057,107,False,False
2021-12-29,601966.SH,274,424,351.4,54.27061820174891,150,False,False
2021-12-29,601985.SH,560,624,584.4,25.22498761149349,64,False,False
2021-12-29,601988.SH,672,701,684.2,11.476062042355817,29,False,False
2021-12-29,601990.SH,661,689,670.8,11.454256850621082,28,False,False
2021-12-29,601991.SH,98,195,154.4,48.26282213049709,97,False,False
2021-12-29,601995.SH,668,697,681.6,12.300406497347963,29,False,False
2021-12-29,601997.SH,596,650,636.2,22.609732417700126,54,False,False
2021-12-29,601998.SH,619,677,655.2,21.753160689885963,58,False,False
2021-12-29,603000.SH,84,327,205.4,95.15145821268321,243,False,False
2021-12-29,603019.SH,307,400,345.0,35.4471437495322,93,False,False
2021-12-29,603077.SH,518,570,552.0,21.17781858454737,52,False,False
2021-12-29,603087.SH,503,660,613.4,63.61053371887395,157,False,False
2021-12-29,603129.SH,12,65,26.2,22.39866067424568,53,True,False
2021-12-29,603156.SH,332,440,380.0,45.601535061881414,108,False,False
2021-12-29,603160.SH,415,583,493.2,61.32862300753213,168,False,False
2021-12-29,603179.SH,36,219,136.8,68.08964679009577,183,False,False
2021-12-29,603225.SH,366,513,430.4,57.65674288407211,147,False,False
2021-12-29,603233.SH,374,458,410.6,36.753231150471656,84,False,False
2021-12-29,603259.SH,465,570,503.0,42.24334267076885,105,False,False
2021-12-29,603260.SH,517,588,559.0,34.21257078911201,71,False,False
2021-12-29,603288.SH,622,687,656.4,28.386616564853234,65,False,False
2021-12-29,603290.SH,3,15,7.2,5.495452665613635,12,True,True
2021-12-29,603298.SH,33,226,110.4,85.91449237468612,193,False,False
2021-12-29,603338.SH,165,330,246.8,72.5858112856776,165,False,False
2021-12-29,603345.SH,253,392,335.2,58.3326666628571,139,False,False
2021-12-29,603369.SH,543,584,571.6,16.816658407662324,41,False,False
2021-12-29,603379.SH,44,174,93.8,61.05898787238452,130,False,False
2021-12-29,603392.SH,276,591,455.6,122.32048070539946,315,False,False
2021-12-29,603444.SH,288,417,352.0,48.45100618150257,129,False,False
2021-12-29,603486.SH,31,60,46.8,11.122050170719426,29,False,False
2021-12-29,603501.SH,350,552,449.0,77.74316690230724,202,False,False
2021-12-29,603529.SH,49,373,151.0,140.70714267584287,324,False,False
2021-12-29,603565.SH,316,568,465.6,92.7485848948651,252,False,False
2021-12-29,603568.SH,118,233,167.4,50.017996761165875,115,False,False
2021-12-29,603589.SH,539,640,573.0,40.87175063537161,101,False,False
2021-12-29,603596.SH,27,50,39.0,8.426149773176359,23,False,False
2021-12-29,603605.SH,52,112,83.0,25.942243542145693,60,False,False
2021-12-29,603606.SH,29,51,36.0,9.797958971132712,22,False,False
2021-12-29,603650.SH,17,55,26.8,15.927962832703999,38,True,False
2021-12-29,603658.SH,364,604,483.2,107.59972118922985,240,False,False
2021-12-29,603659.SH,84,164,111.8,32.31408361689992,80,False,False
2021-12-29,603688.SH,53,61,57.6,3.2093613071762426,8,False,False
2021-12-29,603699.SH,76,162,129.8,39.63836525387998,86,False,False
2021-12-29,603728.SH,7,44,19.8,16.498484778912275,37,True,False
2021-12-29,603737.SH,214,304,251.2,33.086250920888574,90,False,False
2021-12-29,603766.SH,77,277,169.4,72.7516322840938,200,False,False
2021-12-29,603786.SH,18,39,28.6,9.914635646356349,21,True,False
2021-12-29,603799.SH,177,506,382.0,139.40946883192692,329,False,False
2021-12-29,603806.SH,537,589,567.8,22.16303228351211,52,False,False
2021-12-29,603816.SH,301,447,368.6,58.607166797244176,146,False,False
2021-12-29,603833.SH,266,434,369.0,64.28841264178172,168,False,False
2021-12-29,603858.SH,248,387,329.2,52.65643360502114,139,False,False
2021-12-29,603885.SH,199,475,381.4,107.5932153994851,276,False,False
2021-12-29,603893.SH,1,3,1.8,0.8366600265340756,2,True,True
2021-12-29,603899.SH,259,381,309.2,55.85875043357128,122,False,False
2021-12-29,603920.SH,4,12,7.8,3.1937438845342623,8,True,True
2021-12-29,603939.SH,387,453,415.8,33.07113545072198,66,False,False
2021-12-29,603979.SH,13,20,15.4,2.701851217221259,7,True,False
2021-12-29,603986.SH,314,355,335.2,17.253985046939157,41,False,False
2021-12-29,603993.SH,139,265,185.8,49.06831971853123,126,False,False
2021-12-29,605117.SH,22,156,61.4,55.85516985919924,134,False,False
2021-12-29,605358.SH,2,11,7.2,3.5637059362410923,9,True,True
2021-12-29,605499.SH,416,533,485.2,42.79836445473121,117,False,False
2021-12-29,605589.SH,255,479,414.4,93.70592297181646,224,False,False
2021-12-29,688002.SH,171,366,252.6,75.31467320515969,195,False,False
2021-12-29,688008.SH,155,267,199.8,45.063288828047156,112,False,False
2021-12-29,688009.SH,65,341,170.6,119.78438963404204,276,False,False
2021-12-29,688012.SH,217,288,252.4,26.613906139460248,71,False,False
2021-12-29,688017.SH,198,449,321.2,96.57484144434305,251,False,False
2021-12-29,688018.SH,33,67,49.8,16.17714437099453,34,False,False
2021-12-29,688019.SH,45,135,80.8,40.1708849790492,90,False,False
2021-12-29,688027.SH,48,388,217.2,146.96155959978105,340,False,False
2021-12-29,688036.SH,228,351,286.6,59.42053517093228,123,False,False
2021-12-29,688037.SH,20,27,24.0,2.5495097567963922,7,True,False
2021-12-29,688065.SH,95,196,154.6,40.60541835765272,101,False,False
2021-12-29,688082.SH,145,318,211.2,65.78145635359557,173,False,False
2021-12-29,688099.SH,26,70,43.2,17.81010948871455,44,False,False
2021-12-29,688111.SH,318,485,383.6,64.62429883565468,167,False,False
2021-12-29,688122.SH,37,73,53.6,14.638989036132243,36,False,False
2021-12-29,688126.SH,120,247,176.4,50.45096629401661,127,False,False
2021-12-29,688166.SH,25,204,85.4,72.58994420716962,179,False,False
2021-12-29,688169.SH,503,617,560.8,48.02291119871847,114,False,False
2021-12-29,688180.SH,273,405,335.8,51.84303231872148,132,False,False
2021-12-29,688183.SH,176,289,210.4,45.77444702014432,113,False,False
2021-12-29,688187.SH,238,542,433.2,131.7011769119775,304,False,False
2021-12-29,688188.SH,159,340,261.2,80.24151045437766,181,False,False
2021-12-29,688192.SH,176,382,306.0,79.99687493896246,206,False,False
2021-12-29,688235.SH,408,585,521.4,71.1217266382081,177,False,False
2021-12-29,688248.SH,143,355,259.4,78.61806408199074,212,False,False
2021-12-29,688256.SH,245,354,300.2,48.111329227116556,109,False,False
2021-12-29,688266.SH,214,402,326.2,79.41788211731664,188,False,False
2021-12-29,688278.SH,85,228,158.4,62.38429289492668,143,False,False
2021-12-29,688301.SH,233,313,274.0,37.841775856849004,80,False,False
2021-12-29,688303.SH,380,642,527.4,118.17275489722664,262,False,False
2021-12-29,688318.SH,63,179,104.2,44.673258220102994,116,False,False
2021-12-29,688336.SH,177,326,259.6,69.48596980686101,149,False,False
2021-12-29,688363.SH,212,439,317.0,87.30692985095742,227,False,False
2021-12-29,688385.SH,221,397,294.0,66.67458286333706,176,False,False
2021-12-29,688396.SH,526,623,588.6,37.25989801381641,97,False,False
2021-12-29,688425.SH,53,247,107.0,79.95936467981721,194,False,False
2021-12-29,688520.SH,101,209,153.2,48.111329227116556,108,False,False
2021-12-29,688538.SH,49,430,212.8,172.15022509424728,381,False,False
2021-12-29,688561.SH,246,300,273.0,20.493901531919196,54,False,False
2021-12-29,688568.SH,40,87,65.2,17.8801565988668,47,False,False
2021-12-29,688578.SH,128,340,196.0,83.70185183136631,212,False,False
2021-12-29,688599.SH,198,293,253.6,36.678331477863054,95,False,False
2021-12-29,688608.SH,107,163,134.6,20.67123605399542,56,False,False
2021-12-29,688617.SH,236,442,326.0,75.44865803975576,206,False,False
2021-12-29,688676.SH,13,54,28.6,15.339491516996253,41,True,False
2021-12-29,688728.SH,139,464,274.0,127.24189561618454,325,False,False
2021-12-29,688772.SH,313,528,391.6,88.18333175833175,215,False,False
2021-12-29,688777.SH,106,300,189.0,85.67671795768089,194,False,False
2021-12-29,688778.SH,171,304,242.2,60.10574015849068,133,False,False
2021-12-29,688819.SH,151,218,179.8,29.743906939069053,67,False,False
2021-12-29,688981.SH,532,649,584.2,41.84136709047638,117,False,False
2021-12-29,689009.SH,43,123,91.8,33.61101010085832,80,False,False
