metric,real,shadow,diff
cash,20000.0,10155.126106185882,9844.873893814118
total_assets,20000.0,992733.1381911468,-972733.1381911468
position_count,0.0,5.0,-5.0
