ts_code,trade_date,field,stored,reconstructed,abs_diff,match
300750.SZ,20260424,roe,0.059731,0.059731,0.0,True
300750.SZ,20260427,roe,0.059731,0.059731,0.0,True
300750.SZ,20260428,roe,0.059731,0.059731,0.0,True
300750.SZ,20260429,roe,0.059731,0.059731,0.0,True
300750.SZ,20260430,roe,0.059731,0.059731,0.0,True
300750.SZ,20260424,grossprofit_margin,0.248156,0.248156,0.0,True
300750.SZ,20260427,grossprofit_margin,0.248156,0.248156,0.0,True
300750.SZ,20260428,grossprofit_margin,0.248156,0.248156,0.0,True
300750.SZ,20260429,grossprofit_margin,0.248156,0.248156,0.0,True
300750.SZ,20260430,grossprofit_margin,0.248156,0.248156,0.0,True
300750.SZ,20260424,debt_to_assets,0.623223,0.623223,0.0,True
300750.SZ,20260427,debt_to_assets,0.623223,0.623223,0.0,True
300750.SZ,20260428,debt_to_assets,0.623223,0.623223,0.0,True
300750.SZ,20260429,debt_to_assets,0.623223,0.623223,0.0,True
300750.SZ,20260430,debt_to_assets,0.623223,0.623223,0.0,True
300750.SZ,20260424,current_ratio,1.5956,1.5956,0.0,True
300750.SZ,20260427,current_ratio,1.5956,1.5956,0.0,True
300750.SZ,20260428,current_ratio,1.5956,1.5956,0.0,True
300750.SZ,20260429,current_ratio,1.5956,1.5956,0.0,True
300750.SZ,20260430,current_ratio,1.5956,1.5956,0.0,True
300750.SZ,20260424,net_income,22737254000.0,22737254000.0,0.0,True
300750.SZ,20260427,net_income,22737254000.0,22737254000.0,0.0,True
300750.SZ,20260428,net_income,22737254000.0,22737254000.0,0.0,True
300750.SZ,20260429,net_income,22737254000.0,22737254000.0,0.0,True
300750.SZ,20260430,net_income,22737254000.0,22737254000.0,0.0,True
300750.SZ,20260424,revenue,129131041000.0,129131041000.0,0.0,True
300750.SZ,20260427,revenue,129131041000.0,129131041000.0,0.0,True
300750.SZ,20260428,revenue,129131041000.0,129131041000.0,0.0,True
300750.SZ,20260429,revenue,129131041000.0,129131041000.0,0.0,True
300750.SZ,20260430,revenue,129131041000.0,129131041000.0,0.0,True
300750.SZ,20260424,total_assets,1046329036000.0,1046329036000.0,0.0,True
300750.SZ,20260427,total_assets,1046329036000.0,1046329036000.0,0.0,True
300750.SZ,20260428,total_assets,1046329036000.0,1046329036000.0,0.0,True
300750.SZ,20260429,total_assets,1046329036000.0,1046329036000.0,0.0,True
300750.SZ,20260430,total_assets,1046329036000.0,1046329036000.0,0.0,True
300750.SZ,20260424,equity,357262588000.0,357262588000.0,0.0,True
300750.SZ,20260427,equity,357262588000.0,357262588000.0,0.0,True
300750.SZ,20260428,equity,357262588000.0,357262588000.0,0.0,True
300750.SZ,20260429,equity,357262588000.0,357262588000.0,0.0,True
300750.SZ,20260430,equity,357262588000.0,357262588000.0,0.0,True
300750.SZ,20260424,op_cashflow,33680852000.0,33680852000.0,0.0,True
300750.SZ,20260427,op_cashflow,33680852000.0,33680852000.0,0.0,True
300750.SZ,20260428,op_cashflow,33680852000.0,33680852000.0,0.0,True
300750.SZ,20260429,op_cashflow,33680852000.0,33680852000.0,0.0,True
300750.SZ,20260430,op_cashflow,33680852000.0,33680852000.0,0.0,True
300308.SZ,20260424,roe,0.17549499999999998,0.17549499999999998,0.0,True
300308.SZ,20260427,roe,0.17549499999999998,0.17549499999999998,0.0,True
300308.SZ,20260428,roe,0.17549499999999998,0.17549499999999998,0.0,True
300308.SZ,20260429,roe,0.17549499999999998,0.17549499999999998,0.0,True
300308.SZ,20260430,roe,0.17549499999999998,0.17549499999999998,0.0,True
300308.SZ,20260424,grossprofit_margin,0.460581,0.460581,0.0,True
300308.SZ,20260427,grossprofit_margin,0.460581,0.460581,0.0,True
300308.SZ,20260428,grossprofit_margin,0.460581,0.460581,0.0,True
300308.SZ,20260429,grossprofit_margin,0.460581,0.460581,0.0,True
300308.SZ,20260430,grossprofit_margin,0.460581,0.460581,0.0,True
300308.SZ,20260424,debt_to_assets,0.32636200000000004,0.32636200000000004,0.0,True
300308.SZ,20260427,debt_to_assets,0.32636200000000004,0.32636200000000004,0.0,True
300308.SZ,20260428,debt_to_assets,0.32636200000000004,0.32636200000000004,0.0,True
300308.SZ,20260429,debt_to_assets,0.32636200000000004,0.32636200000000004,0.0,True
300308.SZ,20260430,debt_to_assets,0.32636200000000004,0.32636200000000004,0.0,True
300308.SZ,20260424,current_ratio,2.4613,2.4613,0.0,True
300308.SZ,20260427,current_ratio,2.4613,2.4613,0.0,True
300308.SZ,20260428,current_ratio,2.4613,2.4613,0.0,True
300308.SZ,20260429,current_ratio,2.4613,2.4613,0.0,True
300308.SZ,20260430,current_ratio,2.4613,2.4613,0.0,True
300308.SZ,20260424,net_income,6316792027.02,6316792027.02,0.0,True
300308.SZ,20260427,net_income,6316792027.02,6316792027.02,0.0,True
300308.SZ,20260428,net_income,6316792027.02,6316792027.02,0.0,True
300308.SZ,20260429,net_income,6316792027.02,6316792027.02,0.0,True
300308.SZ,20260430,net_income,6316792027.02,6316792027.02,0.0,True
300308.SZ,20260424,revenue,19496398083.95,19496398083.95,0.0,True
300308.SZ,20260427,revenue,19496398083.95,19496398083.95,0.0,True
300308.SZ,20260428,revenue,19496398083.95,19496398083.95,0.0,True
300308.SZ,20260429,revenue,19496398083.95,19496398083.95,0.0,True
300308.SZ,20260430,revenue,19496398083.95,19496398083.95,0.0,True
300308.SZ,20260424,total_assets,56580677310.74,56580677310.74,0.0,True
300308.SZ,20260427,total_assets,56580677310.74,56580677310.74,0.0,True
300308.SZ,20260428,total_assets,56580677310.74,56580677310.74,0.0,True
300308.SZ,20260429,total_assets,56580677310.74,56580677310.74,0.0,True
300308.SZ,20260430,total_assets,56580677310.74,56580677310.74,0.0,True
300308.SZ,20260424,equity,35587093635.48,35587093635.48,0.0,True
300308.SZ,20260427,equity,35587093635.48,35587093635.48,0.0,True
300308.SZ,20260428,equity,35587093635.48,35587093635.48,0.0,True
300308.SZ,20260429,equity,35587093635.48,35587093635.48,0.0,True
300308.SZ,20260430,equity,35587093635.48,35587093635.48,0.0,True
300308.SZ,20260424,op_cashflow,3367573676.62,3367573676.62,0.0,True
300308.SZ,20260427,op_cashflow,3367573676.62,3367573676.62,0.0,True
300308.SZ,20260428,op_cashflow,3367573676.62,3367573676.62,0.0,True
300308.SZ,20260429,op_cashflow,3367573676.62,3367573676.62,0.0,True
300308.SZ,20260430,op_cashflow,3367573676.62,3367573676.62,0.0,True
600519.SH,20260424,roe,0.34462000000000004,0.34462000000000004,0.0,True
600519.SH,20260427,roe,0.105687,0.105687,0.0,True
600519.SH,20260428,roe,0.105687,0.105687,0.0,True
600519.SH,20260429,roe,0.105687,0.105687,0.0,True
600519.SH,20260430,roe,0.105687,0.105687,0.0,True
600519.SH,20260424,grossprofit_margin,0.9117959999999999,0.9117959999999999,0.0,True
600519.SH,20260427,grossprofit_margin,0.8975920000000001,0.8975920000000001,0.0,True
600519.SH,20260428,grossprofit_margin,0.8975920000000001,0.8975920000000001,0.0,True
600519.SH,20260429,grossprofit_margin,0.8975920000000001,0.8975920000000001,0.0,True
600519.SH,20260430,grossprofit_margin,0.8975920000000001,0.8975920000000001,0.0,True
600519.SH,20260424,debt_to_assets,0.16415400000000002,0.16415400000000002,0.0,True
600519.SH,20260427,debt_to_assets,0.121227,0.121227,0.0,True
600519.SH,20260428,debt_to_assets,0.121227,0.121227,0.0,True
600519.SH,20260429,debt_to_assets,0.121227,0.121227,0.0,True
600519.SH,20260430,debt_to_assets,0.121227,0.121227,0.0,True
600519.SH,20260424,current_ratio,5.09,5.09,0.0,True
600519.SH,20260427,current_ratio,7.0607,7.0607,0.0,True
600519.SH,20260428,current_ratio,7.0607,7.0607,0.0,True
600519.SH,20260429,current_ratio,7.0607,7.0607,0.0,True
600519.SH,20260430,current_ratio,7.0607,7.0607,0.0,True
600519.SH,20260424,net_income,85310324833.67,85310324833.67,0.0,True
600519.SH,20260427,net_income,28153831489.89,28153831489.89,0.0,True
600519.SH,20260428,net_income,28153831489.89,28153831489.89,0.0,True
600519.SH,20260429,net_income,28153831489.89,28153831489.89,0.0,True
600519.SH,20260430,net_income,28153831489.89,28153831489.89,0.0,True
600519.SH,20260424,revenue,168838102514.79,168838102514.79,0.0,True
600519.SH,20260427,revenue,53909252220.51,53909252220.51,0.0,True
600519.SH,20260428,revenue,53909252220.51,53909252220.51,0.0,True
600519.SH,20260429,revenue,53909252220.51,53909252220.51,0.0,True
600519.SH,20260430,revenue,53909252220.51,53909252220.51,0.0,True
600519.SH,20260424,total_assets,303834844021.44,303834844021.44,0.0,True
600519.SH,20260427,total_assets,319918844905.58,319918844905.58,0.0,True
600519.SH,20260428,total_assets,319918844905.58,319918844905.58,0.0,True
600519.SH,20260429,total_assets,319918844905.58,319918844905.58,0.0,True
600519.SH,20260430,total_assets,319918844905.58,319918844905.58,0.0,True
600519.SH,20260424,equity,244637811032.18,244637811032.18,0.0,True
600519.SH,20260427,equity,270894035676.27,270894035676.27,0.0,True
600519.SH,20260428,equity,270894035676.27,270894035676.27,0.0,True
600519.SH,20260429,equity,270894035676.27,270894035676.27,0.0,True
600519.SH,20260430,equity,270894035676.27,270894035676.27,0.0,True
600519.SH,20260424,op_cashflow,61522204989.35,61522204989.35,0.0,True
600519.SH,20260427,op_cashflow,26909891269.13,26909891269.13,0.0,True
600519.SH,20260428,op_cashflow,26909891269.13,26909891269.13,0.0,True
600519.SH,20260429,op_cashflow,26909891269.13,26909891269.13,0.0,True
600519.SH,20260430,op_cashflow,26909891269.13,26909891269.13,0.0,True
601318.SH,20260424,roe,0.139737,0.139737,0.0,True
601318.SH,20260427,roe,0.139737,0.139737,0.0,True
601318.SH,20260428,roe,0.139737,0.139737,0.0,True
601318.SH,20260429,roe,2.479,2.479,0.0,True
601318.SH,20260430,roe,2.479,2.479,0.0,True
601318.SH,20260424,debt_to_assets,0.8981189999999999,0.8981189999999999,0.0,True
601318.SH,20260427,debt_to_assets,0.8981189999999999,0.8981189999999999,0.0,True
601318.SH,20260428,debt_to_assets,0.8981189999999999,0.8981189999999999,0.0,True
601318.SH,20260429,debt_to_assets,0.898779,0.898779,0.0,True
601318.SH,20260430,debt_to_assets,0.898779,0.898779,0.0,True
601318.SH,20260424,net_income,158301000000.0,158301000000.0,0.0,True
601318.SH,20260427,net_income,158301000000.0,158301000000.0,0.0,True
601318.SH,20260428,net_income,158301000000.0,158301000000.0,0.0,True
601318.SH,20260429,net_income,33263000000.0,33263000000.0,0.0,True
601318.SH,20260430,net_income,33263000000.0,33263000000.0,0.0,True
601318.SH,20260424,revenue,1050506000000.0,1050506000000.0,0.0,True
601318.SH,20260427,revenue,1050506000000.0,1050506000000.0,0.0,True
601318.SH,20260428,revenue,1050506000000.0,1050506000000.0,0.0,True
601318.SH,20260429,revenue,218405000000.0,218405000000.0,0.0,True
601318.SH,20260430,revenue,218405000000.0,218405000000.0,0.0,True
601318.SH,20260424,total_assets,13898471000000.0,13898471000000.0,0.0,True
601318.SH,20260427,total_assets,13898471000000.0,13898471000000.0,0.0,True
601318.SH,20260428,total_assets,13898471000000.0,13898471000000.0,0.0,True
601318.SH,20260429,total_assets,14169947000000.0,14169947000000.0,0.0,True
601318.SH,20260430,total_assets,14169947000000.0,14169947000000.0,0.0,True
601318.SH,20260424,equity,1000419000000.0,1000419000000.0,0.0,True
601318.SH,20260427,equity,1000419000000.0,1000419000000.0,0.0,True
601318.SH,20260428,equity,1000419000000.0,1000419000000.0,0.0,True
601318.SH,20260429,equity,1018310000000.0,1018310000000.0,0.0,True
601318.SH,20260430,equity,1018310000000.0,1018310000000.0,0.0,True
601318.SH,20260424,op_cashflow,658632000000.0,658632000000.0,0.0,True
601318.SH,20260427,op_cashflow,658632000000.0,658632000000.0,0.0,True
601318.SH,20260428,op_cashflow,658632000000.0,658632000000.0,0.0,True
601318.SH,20260429,op_cashflow,131064000000.0,131064000000.0,0.0,True
601318.SH,20260430,op_cashflow,131064000000.0,131064000000.0,0.0,True
601899.SH,20260424,roe,0.104049,0.104049,0.0,True
601899.SH,20260427,roe,0.104049,0.104049,0.0,True
601899.SH,20260428,roe,0.104049,0.104049,0.0,True
601899.SH,20260429,roe,0.104049,0.104049,0.0,True
601899.SH,20260430,roe,0.104049,0.104049,0.0,True
601899.SH,20260424,grossprofit_margin,0.363258,0.363258,0.0,True
601899.SH,20260427,grossprofit_margin,0.363258,0.363258,0.0,True
601899.SH,20260428,grossprofit_margin,0.363258,0.363258,0.0,True
601899.SH,20260429,grossprofit_margin,0.363258,0.363258,0.0,True
601899.SH,20260430,grossprofit_margin,0.363258,0.363258,0.0,True
601899.SH,20260424,debt_to_assets,0.5137120000000001,0.5137120000000001,0.0,True
601899.SH,20260427,debt_to_assets,0.5137120000000001,0.5137120000000001,0.0,True
601899.SH,20260428,debt_to_assets,0.5137120000000001,0.5137120000000001,0.0,True
601899.SH,20260429,debt_to_assets,0.5137120000000001,0.5137120000000001,0.0,True
601899.SH,20260430,debt_to_assets,0.5137120000000001,0.5137120000000001,0.0,True
601899.SH,20260424,current_ratio,1.3448,1.3448,0.0,True
601899.SH,20260427,current_ratio,1.3448,1.3448,0.0,True
601899.SH,20260428,current_ratio,1.3448,1.3448,0.0,True
601899.SH,20260429,current_ratio,1.3448,1.3448,0.0,True
601899.SH,20260430,current_ratio,1.3448,1.3448,0.0,True
601899.SH,20260424,net_income,25165728674.0,25165728674.0,0.0,True
601899.SH,20260427,net_income,25165728674.0,25165728674.0,0.0,True
601899.SH,20260428,net_income,25165728674.0,25165728674.0,0.0,True
601899.SH,20260429,net_income,25165728674.0,25165728674.0,0.0,True
601899.SH,20260430,net_income,25165728674.0,25165728674.0,0.0,True
601899.SH,20260424,revenue,98497579591.0,98497579591.0,0.0,True
601899.SH,20260427,revenue,98497579591.0,98497579591.0,0.0,True
601899.SH,20260428,revenue,98497579591.0,98497579591.0,0.0,True
601899.SH,20260429,revenue,98497579591.0,98497579591.0,0.0,True
601899.SH,20260430,revenue,98497579591.0,98497579591.0,0.0,True
601899.SH,20260424,total_assets,549920131226.0,549920131226.0,0.0,True
601899.SH,20260427,total_assets,549920131226.0,549920131226.0,0.0,True
601899.SH,20260428,total_assets,549920131226.0,549920131226.0,0.0,True
601899.SH,20260429,total_assets,549920131226.0,549920131226.0,0.0,True
601899.SH,20260430,total_assets,549920131226.0,549920131226.0,0.0,True
601899.SH,20260424,equity,200417222123.0,200417222123.0,0.0,True
601899.SH,20260427,equity,200417222123.0,200417222123.0,0.0,True
601899.SH,20260428,equity,200417222123.0,200417222123.0,0.0,True
601899.SH,20260429,equity,200417222123.0,200417222123.0,0.0,True
601899.SH,20260430,equity,200417222123.0,200417222123.0,0.0,True
601899.SH,20260424,op_cashflow,27831931440.0,27831931440.0,0.0,True
601899.SH,20260427,op_cashflow,27831931440.0,27831931440.0,0.0,True
601899.SH,20260428,op_cashflow,27831931440.0,27831931440.0,0.0,True
601899.SH,20260429,op_cashflow,27831931440.0,27831931440.0,0.0,True
601899.SH,20260430,op_cashflow,27831931440.0,27831931440.0,0.0,True
300502.SZ,20260424,roe,0.145175,0.145175,0.0,True
300502.SZ,20260427,roe,0.145175,0.145175,0.0,True
300502.SZ,20260428,roe,0.145175,0.145175,0.0,True
300502.SZ,20260429,roe,0.145175,0.145175,0.0,True
300502.SZ,20260430,roe,0.145175,0.145175,0.0,True
300502.SZ,20260424,grossprofit_margin,0.49161,0.49161,0.0,True
300502.SZ,20260427,grossprofit_margin,0.49161,0.49161,0.0,True
300502.SZ,20260428,grossprofit_margin,0.49161,0.49161,0.0,True
300502.SZ,20260429,grossprofit_margin,0.49161,0.49161,0.0,True
300502.SZ,20260430,grossprofit_margin,0.49161,0.49161,0.0,True
300502.SZ,20260424,debt_to_assets,0.31035,0.31035,0.0,True
300502.SZ,20260427,debt_to_assets,0.31035,0.31035,0.0,True
300502.SZ,20260428,debt_to_assets,0.31035,0.31035,0.0,True
300502.SZ,20260429,debt_to_assets,0.31035,0.31035,0.0,True
300502.SZ,20260430,debt_to_assets,0.31035,0.31035,0.0,True
300502.SZ,20260424,current_ratio,2.9125,2.9125,0.0,True
300502.SZ,20260427,current_ratio,2.9125,2.9125,0.0,True
300502.SZ,20260428,current_ratio,2.9125,2.9125,0.0,True
300502.SZ,20260429,current_ratio,2.9125,2.9125,0.0,True
300502.SZ,20260430,current_ratio,2.9125,2.9125,0.0,True
300502.SZ,20260424,net_income,2774196263.34,2774196263.34,0.0,True
300502.SZ,20260427,net_income,2774196263.34,2774196263.34,0.0,True
300502.SZ,20260428,net_income,2774196263.34,2774196263.34,0.0,True
300502.SZ,20260429,net_income,2774196263.34,2774196263.34,0.0,True
300502.SZ,20260430,net_income,2774196263.34,2774196263.34,0.0,True
300502.SZ,20260424,revenue,8337902040.74,8337902040.74,0.0,True
300502.SZ,20260427,revenue,8337902040.74,8337902040.74,0.0,True
300502.SZ,20260428,revenue,8337902040.74,8337902040.74,0.0,True
300502.SZ,20260429,revenue,8337902040.74,8337902040.74,0.0,True
300502.SZ,20260430,revenue,8337902040.74,8337902040.74,0.0,True
300502.SZ,20260424,total_assets,29736124932.02,29736124932.02,0.0,True
300502.SZ,20260427,total_assets,29736124932.02,29736124932.02,0.0,True
300502.SZ,20260428,total_assets,29736124932.02,29736124932.02,0.0,True
300502.SZ,20260429,total_assets,29736124932.02,29736124932.02,0.0,True
300502.SZ,20260430,total_assets,29736124932.02,29736124932.02,0.0,True
300502.SZ,20260424,equity,20378680126.75,20378680126.75,0.0,True
300502.SZ,20260427,equity,20378680126.75,20378680126.75,0.0,True
300502.SZ,20260428,equity,20378680126.75,20378680126.75,0.0,True
300502.SZ,20260429,equity,20378680126.75,20378680126.75,0.0,True
300502.SZ,20260430,equity,20378680126.75,20378680126.75,0.0,True
300502.SZ,20260424,op_cashflow,684071355.88,684071355.88,0.0,True
300502.SZ,20260427,op_cashflow,684071355.88,684071355.88,0.0,True
300502.SZ,20260428,op_cashflow,684071355.88,684071355.88,0.0,True
300502.SZ,20260429,op_cashflow,684071355.88,684071355.88,0.0,True
300502.SZ,20260430,op_cashflow,684071355.88,684071355.88,0.0,True
600036.SH,20260424,roe,0.120198,0.120198,0.0,True
600036.SH,20260427,roe,0.120198,0.120198,0.0,True
600036.SH,20260428,roe,0.120198,0.120198,0.0,True
600036.SH,20260429,roe,2.9627,2.9627,0.0,True
600036.SH,20260430,roe,2.9627,2.9627,0.0,True
600036.SH,20260424,debt_to_assets,0.902001,0.902001,0.0,True
600036.SH,20260427,debt_to_assets,0.902001,0.902001,0.0,True
600036.SH,20260428,debt_to_assets,0.902001,0.902001,0.0,True
600036.SH,20260429,debt_to_assets,0.904294,0.904294,0.0,True
600036.SH,20260430,debt_to_assets,0.904294,0.904294,0.0,True
600036.SH,20260424,net_income,151126000000.0,151126000000.0,0.0,True
600036.SH,20260427,net_income,151126000000.0,151126000000.0,0.0,True
600036.SH,20260428,net_income,151126000000.0,151126000000.0,0.0,True
600036.SH,20260429,net_income,38048000000.0,38048000000.0,0.0,True
600036.SH,20260430,net_income,38048000000.0,38048000000.0,0.0,True
600036.SH,20260424,revenue,337532000000.0,337532000000.0,0.0,True
600036.SH,20260427,revenue,337532000000.0,337532000000.0,0.0,True
600036.SH,20260428,revenue,337532000000.0,337532000000.0,0.0,True
600036.SH,20260429,revenue,86940000000.0,86940000000.0,0.0,True
600036.SH,20260430,revenue,86940000000.0,86940000000.0,0.0,True
600036.SH,20260424,total_assets,13070523000000.0,13070523000000.0,0.0,True
600036.SH,20260427,total_assets,13070523000000.0,13070523000000.0,0.0,True
600036.SH,20260428,total_assets,13070523000000.0,13070523000000.0,0.0,True
600036.SH,20260429,total_assets,13484882000000.0,13484882000000.0,0.0,True
600036.SH,20260430,total_assets,13484882000000.0,13484882000000.0,0.0,True
600036.SH,20260424,equity,1272875000000.0,1272875000000.0,0.0,True
600036.SH,20260427,equity,1272875000000.0,1272875000000.0,0.0,True
600036.SH,20260428,equity,1272875000000.0,1272875000000.0,0.0,True
600036.SH,20260429,equity,1282355000000.0,1282355000000.0,0.0,True
600036.SH,20260430,equity,1282355000000.0,1282355000000.0,0.0,True
600036.SH,20260424,op_cashflow,451457000000.0,451457000000.0,0.0,True
600036.SH,20260427,op_cashflow,451457000000.0,451457000000.0,0.0,True
600036.SH,20260428,op_cashflow,451457000000.0,451457000000.0,0.0,True
600036.SH,20260429,op_cashflow,125849000000.0,125849000000.0,0.0,True
600036.SH,20260430,op_cashflow,125849000000.0,125849000000.0,0.0,True
000333.SZ,20260424,roe,0.19976500000000003,0.19976500000000003,0.0,True
000333.SZ,20260427,roe,0.19976500000000003,0.19976500000000003,0.0,True
000333.SZ,20260428,roe,0.19976500000000003,0.19976500000000003,0.0,True
000333.SZ,20260429,roe,0.19976500000000003,0.19976500000000003,0.0,True
000333.SZ,20260430,roe,0.055648,0.055648,0.0,True
000333.SZ,20260424,grossprofit_margin,0.26391,0.26391,0.0,True
000333.SZ,20260427,grossprofit_margin,0.26391,0.26391,0.0,True
000333.SZ,20260428,grossprofit_margin,0.26391,0.26391,0.0,True
000333.SZ,20260429,grossprofit_margin,0.26391,0.26391,0.0,True
000333.SZ,20260430,grossprofit_margin,0.255711,0.255711,0.0,True
000333.SZ,20260424,debt_to_assets,0.61165,0.61165,0.0,True
000333.SZ,20260427,debt_to_assets,0.61165,0.61165,0.0,True
000333.SZ,20260428,debt_to_assets,0.61165,0.61165,0.0,True
000333.SZ,20260429,debt_to_assets,0.61165,0.61165,0.0,True
000333.SZ,20260430,debt_to_assets,0.600182,0.600182,0.0,True
000333.SZ,20260424,current_ratio,1.2134,1.2134,0.0,True
000333.SZ,20260427,current_ratio,1.2134,1.2134,0.0,True
000333.SZ,20260428,current_ratio,1.2134,1.2134,0.0,True
000333.SZ,20260429,current_ratio,1.2134,1.2134,0.0,True
000333.SZ,20260430,current_ratio,1.2149,1.2149,0.0,True
000333.SZ,20260424,net_income,44520196000.0,44520196000.0,0.0,True
000333.SZ,20260427,net_income,44520196000.0,44520196000.0,0.0,True
000333.SZ,20260428,net_income,44520196000.0,44520196000.0,0.0,True
000333.SZ,20260429,net_income,44520196000.0,44520196000.0,0.0,True
000333.SZ,20260430,net_income,12859511000.0,12859511000.0,0.0,True
000333.SZ,20260424,revenue,456451731000.0,456451731000.0,0.0,True
000333.SZ,20260427,revenue,456451731000.0,456451731000.0,0.0,True
000333.SZ,20260428,revenue,456451731000.0,456451731000.0,0.0,True
000333.SZ,20260429,revenue,456451731000.0,456451731000.0,0.0,True
000333.SZ,20260430,revenue,131098601000.0,131098601000.0,0.0,True
000333.SZ,20260424,total_assets,608791766000.0,608791766000.0,0.0,True
000333.SZ,20260427,total_assets,608791766000.0,608791766000.0,0.0,True
000333.SZ,20260428,total_assets,608791766000.0,608791766000.0,0.0,True
000333.SZ,20260429,total_assets,608791766000.0,608791766000.0,0.0,True
000333.SZ,20260430,total_assets,613881571000.0,613881571000.0,0.0,True
000333.SZ,20260424,equity,223221305000.0,223221305000.0,0.0,True
000333.SZ,20260427,equity,223221305000.0,223221305000.0,0.0,True
000333.SZ,20260428,equity,223221305000.0,223221305000.0,0.0,True
000333.SZ,20260429,equity,223221305000.0,223221305000.0,0.0,True
000333.SZ,20260430,equity,232307706000.0,232307706000.0,0.0,True
000333.SZ,20260424,op_cashflow,53345930000.0,53345930000.0,0.0,True
000333.SZ,20260427,op_cashflow,53345930000.0,53345930000.0,0.0,True
000333.SZ,20260428,op_cashflow,53345930000.0,53345930000.0,0.0,True
000333.SZ,20260429,op_cashflow,53345930000.0,53345930000.0,0.0,True
000333.SZ,20260430,op_cashflow,14529165000.0,14529165000.0,0.0,True
688256.SH,20260424,roe,0.238629,0.238629,0.0,True
688256.SH,20260427,roe,0.238629,0.238629,0.0,True
688256.SH,20260428,roe,0.238629,0.238629,0.0,True
688256.SH,20260429,roe,0.238629,0.238629,0.0,True
688256.SH,20260430,roe,0.082017,0.082017,0.0,True
688256.SH,20260424,grossprofit_margin,0.551517,0.551517,0.0,True
688256.SH,20260427,grossprofit_margin,0.551517,0.551517,0.0,True
688256.SH,20260428,grossprofit_margin,0.551517,0.551517,0.0,True
688256.SH,20260429,grossprofit_margin,0.551517,0.551517,0.0,True
688256.SH,20260430,grossprofit_margin,0.543304,0.543304,0.0,True
688256.SH,20260424,debt_to_assets,0.11865600000000001,0.11865600000000001,0.0,True
688256.SH,20260427,debt_to_assets,0.11865600000000001,0.11865600000000001,0.0,True
688256.SH,20260428,debt_to_assets,0.11865600000000001,0.11865600000000001,0.0,True
688256.SH,20260429,debt_to_assets,0.11865600000000001,0.11865600000000001,0.0,True
688256.SH,20260430,debt_to_assets,0.163795,0.163795,0.0,True
688256.SH,20260424,current_ratio,9.0628,9.0628,0.0,True
688256.SH,20260427,current_ratio,9.0628,9.0628,0.0,True
688256.SH,20260428,current_ratio,9.0628,9.0628,0.0,True
688256.SH,20260429,current_ratio,9.0628,9.0628,0.0,True
688256.SH,20260430,current_ratio,6.0275,6.0275,0.0,True
688256.SH,20260424,net_income,2058487389.36,2058487389.36,0.0,True
688256.SH,20260427,net_income,2058487389.36,2058487389.36,0.0,True
688256.SH,20260428,net_income,2058487389.36,2058487389.36,0.0,True
688256.SH,20260429,net_income,2058487389.36,2058487389.36,0.0,True
688256.SH,20260430,net_income,1013125012.86,1013125012.86,0.0,True
688256.SH,20260424,revenue,6497196198.68,6497196198.68,0.0,True
688256.SH,20260427,revenue,6497196198.68,6497196198.68,0.0,True
688256.SH,20260428,revenue,6497196198.68,6497196198.68,0.0,True
688256.SH,20260429,revenue,6497196198.68,6497196198.68,0.0,True
688256.SH,20260430,revenue,2884696746.86,2884696746.86,0.0,True
688256.SH,20260424,total_assets,13437714065.91,13437714065.91,0.0,True
688256.SH,20260427,total_assets,13437714065.91,13437714065.91,0.0,True
688256.SH,20260428,total_assets,13437714065.91,13437714065.91,0.0,True
688256.SH,20260429,total_assets,13437714065.91,13437714065.91,0.0,True
688256.SH,20260430,total_assets,15400896356.83,15400896356.83,0.0,True
688256.SH,20260424,equity,11836173972.81,11836173972.81,0.0,True
688256.SH,20260427,equity,11836173972.81,11836173972.81,0.0,True
688256.SH,20260428,equity,11836173972.81,11836173972.81,0.0,True
688256.SH,20260429,equity,11836173972.81,11836173972.81,0.0,True
688256.SH,20260430,equity,12871311672.92,12871311672.92,0.0,True
688256.SH,20260424,op_cashflow,-498398137.01,-498398137.01,0.0,True
688256.SH,20260427,op_cashflow,-498398137.01,-498398137.01,0.0,True
688256.SH,20260428,op_cashflow,-498398137.01,-498398137.01,0.0,True
688256.SH,20260429,op_cashflow,-498398137.01,-498398137.01,0.0,True
688256.SH,20260430,op_cashflow,833967832.1,833967832.1,0.0,True
002475.SZ,20260424,roe,0.21523499999999998,0.21523499999999998,0.0,True
002475.SZ,20260427,roe,0.21523499999999998,0.21523499999999998,0.0,True
002475.SZ,20260428,roe,0.21523499999999998,0.21523499999999998,0.0,True
002475.SZ,20260429,roe,0.042116,0.042116,0.0,True
002475.SZ,20260430,roe,0.042116,0.042116,0.0,True
002475.SZ,20260424,grossprofit_margin,0.11911899999999999,0.11911899999999999,0.0,True
002475.SZ,20260427,grossprofit_margin,0.11911899999999999,0.11911899999999999,0.0,True
002475.SZ,20260428,grossprofit_margin,0.11911899999999999,0.11911899999999999,0.0,True
002475.SZ,20260429,grossprofit_margin,0.119205,0.119205,0.0,True
002475.SZ,20260430,grossprofit_margin,0.119205,0.119205,0.0,True
002475.SZ,20260424,debt_to_assets,0.660661,0.660661,0.0,True
002475.SZ,20260427,debt_to_assets,0.660661,0.660661,0.0,True
002475.SZ,20260428,debt_to_assets,0.660661,0.660661,0.0,True
002475.SZ,20260429,debt_to_assets,0.6653180000000001,0.6653180000000001,0.0,True
002475.SZ,20260430,debt_to_assets,0.6653180000000001,0.6653180000000001,0.0,True
002475.SZ,20260424,current_ratio,1.1107,1.1107,0.0,True
002475.SZ,20260427,current_ratio,1.1107,1.1107,0.0,True
002475.SZ,20260428,current_ratio,1.1107,1.1107,0.0,True
002475.SZ,20260429,current_ratio,1.1499,1.1499,0.0,True
002475.SZ,20260430,current_ratio,1.1499,1.1499,0.0,True
002475.SZ,20260424,net_income,18170236828.67,18170236828.67,0.0,True
002475.SZ,20260427,net_income,18170236828.67,18170236828.67,0.0,True
002475.SZ,20260428,net_income,18170236828.67,18170236828.67,0.0,True
002475.SZ,20260429,net_income,3967636788.13,3967636788.13,0.0,True
002475.SZ,20260430,net_income,3967636788.13,3967636788.13,0.0,True
002475.SZ,20260424,revenue,332344443143.39,332344443143.39,0.0,True
002475.SZ,20260427,revenue,332344443143.39,332344443143.39,0.0,True
002475.SZ,20260428,revenue,332344443143.39,332344443143.39,0.0,True
002475.SZ,20260429,revenue,83888491960.13,83888491960.13,0.0,True
002475.SZ,20260430,revenue,83888491960.13,83888491960.13,0.0,True
002475.SZ,20260424,total_assets,306537675786.42,306537675786.42,0.0,True
002475.SZ,20260427,total_assets,306537675786.42,306537675786.42,0.0,True
002475.SZ,20260428,total_assets,306537675786.42,306537675786.42,0.0,True
002475.SZ,20260429,total_assets,325616587672.16,325616587672.16,0.0,True
002475.SZ,20260430,total_assets,325616587672.16,325616587672.16,0.0,True
002475.SZ,20260424,equity,84921103420.87,84921103420.87,0.0,True
002475.SZ,20260427,equity,84921103420.87,84921103420.87,0.0,True
002475.SZ,20260428,equity,84921103420.87,84921103420.87,0.0,True
002475.SZ,20260429,equity,88867637237.48,88867637237.48,0.0,True
002475.SZ,20260430,equity,88867637237.48,88867637237.48,0.0,True
002475.SZ,20260424,op_cashflow,17325329533.97,17325329533.97,0.0,True
002475.SZ,20260427,op_cashflow,17325329533.97,17325329533.97,0.0,True
002475.SZ,20260428,op_cashflow,17325329533.97,17325329533.97,0.0,True
002475.SZ,20260429,op_cashflow,-7068299174.85,-7068299174.85,0.0,True
002475.SZ,20260430,op_cashflow,-7068299174.85,-7068299174.85,0.0,True
600900.SH,20260424,roe,0.13070600000000002,0.13070600000000002,0.0,True
600900.SH,20260427,roe,0.13070600000000002,0.13070600000000002,0.0,True
600900.SH,20260428,roe,0.13070600000000002,0.13070600000000002,0.0,True
600900.SH,20260429,roe,0.13070600000000002,0.13070600000000002,0.0,True
600900.SH,20260430,roe,0.0301,0.0301,0.0,True
600900.SH,20260424,grossprofit_margin,0.624772,0.624772,0.0,True
600900.SH,20260427,grossprofit_margin,0.624772,0.624772,0.0,True
600900.SH,20260428,grossprofit_margin,0.624772,0.624772,0.0,True
600900.SH,20260429,grossprofit_margin,0.624772,0.624772,0.0,True
600900.SH,20260430,grossprofit_margin,0.5564629999999999,0.5564629999999999,0.0,True
600900.SH,20260424,debt_to_assets,0.590358,0.590358,0.0,True
600900.SH,20260427,debt_to_assets,0.590358,0.590358,0.0,True
600900.SH,20260428,debt_to_assets,0.590358,0.590358,0.0,True
600900.SH,20260429,debt_to_assets,0.590358,0.590358,0.0,True
600900.SH,20260430,debt_to_assets,0.573271,0.573271,0.0,True
600900.SH,20260424,current_ratio,0.2151,0.2151,0.0,True
600900.SH,20260427,current_ratio,0.2151,0.2151,0.0,True
600900.SH,20260428,current_ratio,0.2151,0.2151,0.0,True
600900.SH,20260429,current_ratio,0.2151,0.2151,0.0,True
600900.SH,20260430,current_ratio,0.1507,0.1507,0.0,True
600900.SH,20260424,net_income,28555477836.95,28555477836.95,0.0,True
600900.SH,20260427,net_income,28555477836.95,28555477836.95,0.0,True
600900.SH,20260428,net_income,28555477836.95,28555477836.95,0.0,True
600900.SH,20260429,net_income,28555477836.95,28555477836.95,0.0,True
600900.SH,20260430,net_income,6883297422.33,6883297422.33,0.0,True
600900.SH,20260424,revenue,65741285681.72,65741285681.72,0.0,True
600900.SH,20260427,revenue,65741285681.72,65741285681.72,0.0,True
600900.SH,20260428,revenue,65741285681.72,65741285681.72,0.0,True
600900.SH,20260429,revenue,65741285681.72,65741285681.72,0.0,True
600900.SH,20260430,revenue,18111540767.5,18111540767.5,0.0,True
600900.SH,20260424,total_assets,568769002805.71,568769002805.71,0.0,True
600900.SH,20260427,total_assets,568769002805.71,568769002805.71,0.0,True
600900.SH,20260428,total_assets,568769002805.71,568769002805.71,0.0,True
600900.SH,20260429,total_assets,568769002805.71,568769002805.71,0.0,True
600900.SH,20260430,total_assets,561990500889.54,561990500889.54,0.0,True
600900.SH,20260424,equity,221105824660.31,221105824660.31,0.0,True
600900.SH,20260427,equity,221105824660.31,221105824660.31,0.0,True
600900.SH,20260428,equity,221105824660.31,221105824660.31,0.0,True
600900.SH,20260429,equity,221105824660.31,221105824660.31,0.0,True
600900.SH,20260430,equity,227903660002.59,227903660002.59,0.0,True
600900.SH,20260424,op_cashflow,42895214451.84,42895214451.84,0.0,True
600900.SH,20260427,op_cashflow,42895214451.84,42895214451.84,0.0,True
600900.SH,20260428,op_cashflow,42895214451.84,42895214451.84,0.0,True
600900.SH,20260429,op_cashflow,42895214451.84,42895214451.84,0.0,True
600900.SH,20260430,op_cashflow,11710663090.9,11710663090.9,0.0,True
601166.SH,20260424,roe,0.086867,0.086867,0.0,True
601166.SH,20260427,roe,0.086867,0.086867,0.0,True
601166.SH,20260428,roe,0.086867,0.086867,0.0,True
601166.SH,20260429,roe,0.086867,0.086867,0.0,True
601166.SH,20260430,roe,2.6272,2.6272,0.0,True
601166.SH,20260424,debt_to_assets,0.9176470000000001,0.9176470000000001,0.0,True
601166.SH,20260427,debt_to_assets,0.9176470000000001,0.9176470000000001,0.0,True
601166.SH,20260428,debt_to_assets,0.9176470000000001,0.9176470000000001,0.0,True
601166.SH,20260429,debt_to_assets,0.9176470000000001,0.9176470000000001,0.0,True
601166.SH,20260430,debt_to_assets,0.918059,0.918059,0.0,True
601166.SH,20260424,net_income,77854000000.0,77854000000.0,0.0,True
601166.SH,20260427,net_income,77854000000.0,77854000000.0,0.0,True
601166.SH,20260428,net_income,77854000000.0,77854000000.0,0.0,True
601166.SH,20260429,net_income,77854000000.0,77854000000.0,0.0,True
601166.SH,20260430,net_income,23876000000.0,23876000000.0,0.0,True
601166.SH,20260424,revenue,212741000000.0,212741000000.0,0.0,True
601166.SH,20260427,revenue,212741000000.0,212741000000.0,0.0,True
601166.SH,20260428,revenue,212741000000.0,212741000000.0,0.0,True
601166.SH,20260429,revenue,212741000000.0,212741000000.0,0.0,True
601166.SH,20260430,revenue,55090000000.0,55090000000.0,0.0,True
601166.SH,20260424,total_assets,11094256000000.0,11094256000000.0,0.0,True
601166.SH,20260427,total_assets,11094256000000.0,11094256000000.0,0.0,True
601166.SH,20260428,total_assets,11094256000000.0,11094256000000.0,0.0,True
601166.SH,20260429,total_assets,11094256000000.0,11094256000000.0,0.0,True
601166.SH,20260430,total_assets,11282907000000.0,11282907000000.0,0.0,True
601166.SH,20260424,equity,901716000000.0,901716000000.0,0.0,True
601166.SH,20260427,equity,901716000000.0,901716000000.0,0.0,True
601166.SH,20260428,equity,901716000000.0,901716000000.0,0.0,True
601166.SH,20260429,equity,901716000000.0,901716000000.0,0.0,True
601166.SH,20260430,equity,912554000000.0,912554000000.0,0.0,True
601166.SH,20260424,op_cashflow,653656000000.0,653656000000.0,0.0,True
601166.SH,20260427,op_cashflow,653656000000.0,653656000000.0,0.0,True
601166.SH,20260428,op_cashflow,653656000000.0,653656000000.0,0.0,True
601166.SH,20260429,op_cashflow,653656000000.0,653656000000.0,0.0,True
601166.SH,20260430,op_cashflow,65782000000.0,65782000000.0,0.0,True
002594.SZ,20260424,roe,0.15118,0.15118,0.0,True
002594.SZ,20260427,roe,0.15118,0.15118,0.0,True
002594.SZ,20260428,roe,0.15118,0.15118,0.0,True
002594.SZ,20260429,roe,1.6464,1.6464,0.0,True
002594.SZ,20260430,roe,1.6464,1.6464,0.0,True
002594.SZ,20260424,grossprofit_margin,0.177445,0.177445,0.0,True
002594.SZ,20260427,grossprofit_margin,0.177445,0.177445,0.0,True
002594.SZ,20260428,grossprofit_margin,0.177445,0.177445,0.0,True
002594.SZ,20260429,grossprofit_margin,0.188062,0.188062,0.0,True
002594.SZ,20260430,grossprofit_margin,0.188062,0.188062,0.0,True
002594.SZ,20260424,debt_to_assets,0.707445,0.707445,0.0,True
002594.SZ,20260427,debt_to_assets,0.707445,0.707445,0.0,True
002594.SZ,20260428,debt_to_assets,0.707445,0.707445,0.0,True
002594.SZ,20260429,debt_to_assets,0.709426,0.709426,0.0,True
002594.SZ,20260430,debt_to_assets,0.709426,0.709426,0.0,True
002594.SZ,20260424,current_ratio,0.793,0.793,0.0,True
002594.SZ,20260427,current_ratio,0.793,0.793,0.0,True
002594.SZ,20260428,current_ratio,0.793,0.793,0.0,True
002594.SZ,20260429,current_ratio,0.8154,0.8154,0.0,True
002594.SZ,20260430,current_ratio,0.8154,0.8154,0.0,True
002594.SZ,20260424,net_income,33760758000.0,33760758000.0,0.0,True
002594.SZ,20260427,net_income,33760758000.0,33760758000.0,0.0,True
002594.SZ,20260428,net_income,33760758000.0,33760758000.0,0.0,True
002594.SZ,20260429,net_income,4010931000.0,4010931000.0,0.0,True
002594.SZ,20260430,net_income,4010931000.0,4010931000.0,0.0,True
002594.SZ,20260424,revenue,803964958000.0,803964958000.0,0.0,True
002594.SZ,20260427,revenue,803964958000.0,803964958000.0,0.0,True
002594.SZ,20260428,revenue,803964958000.0,803964958000.0,0.0,True
002594.SZ,20260429,revenue,150225314000.0,150225314000.0,0.0,True
002594.SZ,20260430,revenue,150225314000.0,150225314000.0,0.0,True
002594.SZ,20260424,total_assets,883729883000.0,883729883000.0,0.0,True
002594.SZ,20260427,total_assets,883729883000.0,883729883000.0,0.0,True
002594.SZ,20260428,total_assets,883729883000.0,883729883000.0,0.0,True
002594.SZ,20260429,total_assets,902076965000.0,902076965000.0,0.0,True
002594.SZ,20260430,total_assets,902076965000.0,902076965000.0,0.0,True
002594.SZ,20260424,equity,246274606000.0,246274606000.0,0.0,True
002594.SZ,20260427,equity,246274606000.0,246274606000.0,0.0,True
002594.SZ,20260428,equity,246274606000.0,246274606000.0,0.0,True
002594.SZ,20260429,equity,249916729000.0,249916729000.0,0.0,True
002594.SZ,20260430,equity,249916729000.0,249916729000.0,0.0,True
002594.SZ,20260424,op_cashflow,59135544000.0,59135544000.0,0.0,True
002594.SZ,20260427,op_cashflow,59135544000.0,59135544000.0,0.0,True
002594.SZ,20260428,op_cashflow,59135544000.0,59135544000.0,0.0,True
002594.SZ,20260429,op_cashflow,2790305000.0,2790305000.0,0.0,True
002594.SZ,20260430,op_cashflow,2790305000.0,2790305000.0,0.0,True
688041.SH,20260424,roe,2.988,2.988,0.0,True
688041.SH,20260427,roe,2.988,2.988,0.0,True
688041.SH,20260428,roe,2.988,2.988,0.0,True
688041.SH,20260429,roe,2.988,2.988,0.0,True
688041.SH,20260430,roe,2.988,2.988,0.0,True
688041.SH,20260424,grossprofit_margin,0.55604,0.55604,0.0,True
688041.SH,20260427,grossprofit_margin,0.55604,0.55604,0.0,True
688041.SH,20260428,grossprofit_margin,0.55604,0.55604,0.0,True
688041.SH,20260429,grossprofit_margin,0.55604,0.55604,0.0,True
688041.SH,20260430,grossprofit_margin,0.55604,0.55604,0.0,True
688041.SH,20260424,debt_to_assets,0.227993,0.227993,0.0,True
688041.SH,20260427,debt_to_assets,0.227993,0.227993,0.0,True
688041.SH,20260428,debt_to_assets,0.227993,0.227993,0.0,True
688041.SH,20260429,debt_to_assets,0.227993,0.227993,0.0,True
688041.SH,20260430,debt_to_assets,0.227993,0.227993,0.0,True
688041.SH,20260424,current_ratio,3.5612,3.5612,0.0,True
688041.SH,20260427,current_ratio,3.5612,3.5612,0.0,True
688041.SH,20260428,current_ratio,3.5612,3.5612,0.0,True
688041.SH,20260429,current_ratio,3.5612,3.5612,0.0,True
688041.SH,20260430,current_ratio,3.5612,3.5612,0.0,True
688041.SH,20260424,net_income,877361302.1,877361302.1,0.0,True
688041.SH,20260427,net_income,877361302.1,877361302.1,0.0,True
688041.SH,20260428,net_income,877361302.1,877361302.1,0.0,True
688041.SH,20260429,net_income,877361302.1,877361302.1,0.0,True
688041.SH,20260430,net_income,877361302.1,877361302.1,0.0,True
688041.SH,20260424,revenue,4033592186.34,4033592186.34,0.0,True
688041.SH,20260427,revenue,4033592186.34,4033592186.34,0.0,True
688041.SH,20260428,revenue,4033592186.34,4033592186.34,0.0,True
688041.SH,20260429,revenue,4033592186.34,4033592186.34,0.0,True
688041.SH,20260430,revenue,4033592186.34,4033592186.34,0.0,True
688041.SH,20260424,total_assets,35184690300.93,35184690300.93,0.0,True
688041.SH,20260427,total_assets,35184690300.93,35184690300.93,0.0,True
688041.SH,20260428,total_assets,35184690300.93,35184690300.93,0.0,True
688041.SH,20260429,total_assets,35184690300.93,35184690300.93,0.0,True
688041.SH,20260430,total_assets,35184690300.93,35184690300.93,0.0,True
688041.SH,20260424,equity,23497377267.66,23497377267.66,0.0,True
688041.SH,20260427,equity,23497377267.66,23497377267.66,0.0,True
688041.SH,20260428,equity,23497377267.66,23497377267.66,0.0,True
688041.SH,20260429,equity,23497377267.66,23497377267.66,0.0,True
688041.SH,20260430,equity,23497377267.66,23497377267.66,0.0,True
688041.SH,20260424,op_cashflow,67617712.14,67617712.14,0.0,True
688041.SH,20260427,op_cashflow,67617712.14,67617712.14,0.0,True
688041.SH,20260428,op_cashflow,67617712.14,67617712.14,0.0,True
688041.SH,20260429,op_cashflow,67617712.14,67617712.14,0.0,True
688041.SH,20260430,op_cashflow,67617712.14,67617712.14,0.0,True
603259.SH,20260424,roe,0.276853,0.276853,0.0,True
603259.SH,20260427,roe,0.276853,0.276853,0.0,True
603259.SH,20260428,roe,0.056749,0.056749,0.0,True
603259.SH,20260429,roe,0.056749,0.056749,0.0,True
603259.SH,20260430,roe,0.056749,0.056749,0.0,True
603259.SH,20260424,grossprofit_margin,0.476387,0.476387,0.0,True
603259.SH,20260427,grossprofit_margin,0.476387,0.476387,0.0,True
603259.SH,20260428,grossprofit_margin,0.504026,0.504026,0.0,True
603259.SH,20260429,grossprofit_margin,0.504026,0.504026,0.0,True
603259.SH,20260430,grossprofit_margin,0.504026,0.504026,0.0,True
603259.SH,20260424,debt_to_assets,0.22181,0.22181,0.0,True
603259.SH,20260427,debt_to_assets,0.22181,0.22181,0.0,True
603259.SH,20260428,debt_to_assets,0.210799,0.210799,0.0,True
603259.SH,20260429,debt_to_assets,0.210799,0.210799,0.0,True
603259.SH,20260430,debt_to_assets,0.210799,0.210799,0.0,True
603259.SH,20260424,current_ratio,3.2065,3.2065,0.0,True
603259.SH,20260427,current_ratio,3.2065,3.2065,0.0,True
603259.SH,20260428,current_ratio,3.4225,3.4225,0.0,True
603259.SH,20260429,current_ratio,3.4225,3.4225,0.0,True
603259.SH,20260430,current_ratio,3.4225,3.4225,0.0,True
603259.SH,20260424,net_income,19333065892.26,19333065892.26,0.0,True
603259.SH,20260427,net_income,19333065892.26,19333065892.26,0.0,True
603259.SH,20260428,net_income,4670513981.33,4670513981.33,0.0,True
603259.SH,20260429,net_income,4670513981.33,4670513981.33,0.0,True
603259.SH,20260430,net_income,4670513981.33,4670513981.33,0.0,True
603259.SH,20260424,revenue,45456165774.18,45456165774.18,0.0,True
603259.SH,20260427,revenue,45456165774.18,45456165774.18,0.0,True
603259.SH,20260428,revenue,12435776568.29,12435776568.29,0.0,True
603259.SH,20260429,revenue,12435776568.29,12435776568.29,0.0,True
603259.SH,20260430,revenue,12435776568.29,12435776568.29,0.0,True
603259.SH,20260424,total_assets,103120968579.11,103120968579.11,0.0,True
603259.SH,20260427,total_assets,103120968579.11,103120968579.11,0.0,True
603259.SH,20260428,total_assets,107414481341.25,107414481341.25,0.0,True
603259.SH,20260429,total_assets,107414481341.25,107414481341.25,0.0,True
603259.SH,20260430,total_assets,107414481341.25,107414481341.25,0.0,True
603259.SH,20260424,equity,79712290246.44,79712290246.44,0.0,True
603259.SH,20260427,equity,79712290246.44,79712290246.44,0.0,True
603259.SH,20260428,equity,84221755533.76,84221755533.76,0.0,True
603259.SH,20260429,equity,84221755533.76,84221755533.76,0.0,True
603259.SH,20260430,equity,84221755533.76,84221755533.76,0.0,True
603259.SH,20260424,op_cashflow,17203161622.0,17203161622.0,0.0,True
603259.SH,20260427,op_cashflow,17203161622.0,17203161622.0,0.0,True
603259.SH,20260428,op_cashflow,3595810326.53,3595810326.53,0.0,True
603259.SH,20260429,op_cashflow,3595810326.53,3595810326.53,0.0,True
603259.SH,20260430,op_cashflow,3595810326.53,3595810326.53,0.0,True
600030.SH,20260424,roe,0.09812099999999999,0.09812099999999999,0.0,True
600030.SH,20260427,roe,0.031218,0.031218,0.0,True
600030.SH,20260428,roe,0.031218,0.031218,0.0,True
600030.SH,20260429,roe,0.031218,0.031218,0.0,True
600030.SH,20260430,roe,0.031218,0.031218,0.0,True
600030.SH,20260424,debt_to_assets,0.843498,0.843498,0.0,True
600030.SH,20260427,debt_to_assets,0.848417,0.848417,0.0,True
600030.SH,20260428,debt_to_assets,0.848417,0.848417,0.0,True
600030.SH,20260429,debt_to_assets,0.848417,0.848417,0.0,True
600030.SH,20260430,debt_to_assets,0.848417,0.848417,0.0,True
600030.SH,20260424,current_ratio,1.16,1.16,0.0,True
600030.SH,20260424,net_income,31006679490.28,31006679490.28,0.0,True
600030.SH,20260427,net_income,10458865787.6,10458865787.6,0.0,True
600030.SH,20260428,net_income,10458865787.6,10458865787.6,0.0,True
600030.SH,20260429,net_income,10458865787.6,10458865787.6,0.0,True
600030.SH,20260430,net_income,10458865787.6,10458865787.6,0.0,True
600030.SH,20260424,revenue,74854368352.85,74854368352.85,0.0,True
600030.SH,20260427,revenue,23155089056.75,23155089056.75,0.0,True
600030.SH,20260428,revenue,23155089056.75,23155089056.75,0.0,True
600030.SH,20260429,revenue,23155089056.75,23155089056.75,0.0,True
600030.SH,20260430,revenue,23155089056.75,23155089056.75,0.0,True
600030.SH,20260424,total_assets,2081902593243.18,2081902593243.18,0.0,True
600030.SH,20260427,total_assets,2244674433596.29,2244674433596.29,0.0,True
600030.SH,20260428,total_assets,2244674433596.29,2244674433596.29,0.0,True
600030.SH,20260429,total_assets,2244674433596.29,2244674433596.29,0.0,True
600030.SH,20260430,total_assets,2244674433596.29,2244674433596.29,0.0,True
600030.SH,20260424,equity,319930442478.96,319930442478.96,0.0,True
600030.SH,20260427,equity,334571051206.39,334571051206.39,0.0,True
600030.SH,20260428,equity,334571051206.39,334571051206.39,0.0,True
600030.SH,20260429,equity,334571051206.39,334571051206.39,0.0,True
600030.SH,20260430,equity,334571051206.39,334571051206.39,0.0,True
600030.SH,20260424,op_cashflow,74104321265.96,74104321265.96,0.0,True
600030.SH,20260427,op_cashflow,75161306219.03,75161306219.03,0.0,True
600030.SH,20260428,op_cashflow,75161306219.03,75161306219.03,0.0,True
600030.SH,20260429,op_cashflow,75161306219.03,75161306219.03,0.0,True
600030.SH,20260430,op_cashflow,75161306219.03,75161306219.03,0.0,True
300059.SZ,20260424,roe,0.140028,0.140028,0.0,True
300059.SZ,20260427,roe,0.039872,0.039872,0.0,True
300059.SZ,20260428,roe,0.039872,0.039872,0.0,True
300059.SZ,20260429,roe,0.039872,0.039872,0.0,True
300059.SZ,20260430,roe,0.039872,0.039872,0.0,True
300059.SZ,20260424,grossprofit_margin,0.8448350000000001,0.8448350000000001,0.0,True
300059.SZ,20260427,grossprofit_margin,0.857052,0.857052,0.0,True
300059.SZ,20260428,grossprofit_margin,0.857052,0.857052,0.0,True
300059.SZ,20260429,grossprofit_margin,0.857052,0.857052,0.0,True
300059.SZ,20260430,grossprofit_margin,0.857052,0.857052,0.0,True
300059.SZ,20260424,debt_to_assets,0.766181,0.766181,0.0,True
300059.SZ,20260427,debt_to_assets,0.78265,0.78265,0.0,True
300059.SZ,20260428,debt_to_assets,0.78265,0.78265,0.0,True
300059.SZ,20260429,debt_to_assets,0.78265,0.78265,0.0,True
300059.SZ,20260430,debt_to_assets,0.78265,0.78265,0.0,True
300059.SZ,20260424,current_ratio,1.3628,1.3628,0.0,True
300059.SZ,20260427,current_ratio,1.3263,1.3263,0.0,True
300059.SZ,20260428,current_ratio,1.3263,1.3263,0.0,True
300059.SZ,20260429,current_ratio,1.3263,1.3263,0.0,True
300059.SZ,20260430,current_ratio,1.3263,1.3263,0.0,True
300059.SZ,20260424,net_income,12084594947.22,12084594947.22,0.0,True
300059.SZ,20260427,net_income,3737779855.92,3737779855.92,0.0,True
300059.SZ,20260428,net_income,3737779855.92,3737779855.92,0.0,True
300059.SZ,20260429,net_income,3737779855.92,3737779855.92,0.0,True
300059.SZ,20260430,net_income,3737779855.92,3737779855.92,0.0,True
300059.SZ,20260424,revenue,3532270003.05,3532270003.05,0.0,True
300059.SZ,20260427,revenue,1062763536.33,1062763536.33,0.0,True
300059.SZ,20260428,revenue,1062763536.33,1062763536.33,0.0,True
300059.SZ,20260429,revenue,1062763536.33,1062763536.33,0.0,True
300059.SZ,20260430,revenue,1062763536.33,1062763536.33,0.0,True
300059.SZ,20260424,total_assets,392933744976.2,392933744976.2,0.0,True
300059.SZ,20260427,total_assets,439896942606.42,439896942606.42,0.0,True
300059.SZ,20260428,total_assets,439896942606.42,439896942606.42,0.0,True
300059.SZ,20260429,total_assets,439896942606.42,439896942606.42,0.0,True
300059.SZ,20260430,total_assets,439896942606.42,439896942606.42,0.0,True
300059.SZ,20260424,equity,91875470955.31,91875470955.31,0.0,True
300059.SZ,20260427,equity,95611414390.43,95611414390.43,0.0,True
300059.SZ,20260428,equity,95611414390.43,95611414390.43,0.0,True
300059.SZ,20260429,equity,95611414390.43,95611414390.43,0.0,True
300059.SZ,20260430,equity,95611414390.43,95611414390.43,0.0,True
300059.SZ,20260424,op_cashflow,-10222245645.14,-10222245645.14,0.0,True
300059.SZ,20260427,op_cashflow,30433494443.82,30433494443.82,0.0,True
300059.SZ,20260428,op_cashflow,30433494443.82,30433494443.82,0.0,True
300059.SZ,20260429,op_cashflow,30433494443.82,30433494443.82,0.0,True
300059.SZ,20260430,op_cashflow,30433494443.82,30433494443.82,0.0,True
601138.SH,20260424,roe,0.220901,0.220901,0.0,True
601138.SH,20260427,roe,0.220901,0.220901,0.0,True
601138.SH,20260428,roe,0.220901,0.220901,0.0,True
601138.SH,20260429,roe,0.061778000000000007,0.061778000000000007,0.0,True
601138.SH,20260430,roe,0.061778000000000007,0.061778000000000007,0.0,True
601138.SH,20260424,grossprofit_margin,0.06976,0.06976,0.0,True
601138.SH,20260427,grossprofit_margin,0.06976,0.06976,0.0,True
601138.SH,20260428,grossprofit_margin,0.06976,0.06976,0.0,True
601138.SH,20260429,grossprofit_margin,0.073505,0.073505,0.0,True
601138.SH,20260430,grossprofit_margin,0.073505,0.073505,0.0,True
601138.SH,20260424,debt_to_assets,0.633701,0.633701,0.0,True
601138.SH,20260427,debt_to_assets,0.633701,0.633701,0.0,True
601138.SH,20260428,debt_to_assets,0.633701,0.633701,0.0,True
601138.SH,20260429,debt_to_assets,0.613822,0.613822,0.0,True
601138.SH,20260430,debt_to_assets,0.613822,0.613822,0.0,True
601138.SH,20260424,current_ratio,1.4364,1.4364,0.0,True
601138.SH,20260427,current_ratio,1.4364,1.4364,0.0,True
601138.SH,20260428,current_ratio,1.4364,1.4364,0.0,True
601138.SH,20260429,current_ratio,1.4849,1.4849,0.0,True
601138.SH,20260430,current_ratio,1.4849,1.4849,0.0,True
601138.SH,20260424,net_income,35329062000.0,35329062000.0,0.0,True
601138.SH,20260427,net_income,35329062000.0,35329062000.0,0.0,True
601138.SH,20260428,net_income,35329062000.0,35329062000.0,0.0,True
601138.SH,20260429,net_income,10596519000.0,10596519000.0,0.0,True
601138.SH,20260430,net_income,10596519000.0,10596519000.0,0.0,True
601138.SH,20260424,revenue,902887188000.0,902887188000.0,0.0,True
601138.SH,20260427,revenue,902887188000.0,902887188000.0,0.0,True
601138.SH,20260428,revenue,902887188000.0,902887188000.0,0.0,True
601138.SH,20260429,revenue,251078078000.0,251078078000.0,0.0,True
601138.SH,20260430,revenue,251078078000.0,251078078000.0,0.0,True
601138.SH,20260424,total_assets,456223822000.0,456223822000.0,0.0,True
601138.SH,20260427,total_assets,456223822000.0,456223822000.0,0.0,True
601138.SH,20260428,total_assets,456223822000.0,456223822000.0,0.0,True
601138.SH,20260429,total_assets,457187995000.0,457187995000.0,0.0,True
601138.SH,20260430,total_assets,457187995000.0,457187995000.0,0.0,True
601138.SH,20260424,equity,166778112000.0,166778112000.0,0.0,True
601138.SH,20260427,equity,166778112000.0,166778112000.0,0.0,True
601138.SH,20260428,equity,166778112000.0,166778112000.0,0.0,True
601138.SH,20260429,equity,176218112000.0,176218112000.0,0.0,True
601138.SH,20260430,equity,176218112000.0,176218112000.0,0.0,True
601138.SH,20260424,op_cashflow,5237909000.0,5237909000.0,0.0,True
601138.SH,20260427,op_cashflow,5237909000.0,5237909000.0,0.0,True
601138.SH,20260428,op_cashflow,5237909000.0,5237909000.0,0.0,True
601138.SH,20260429,op_cashflow,25024028000.0,25024028000.0,0.0,True
601138.SH,20260430,op_cashflow,25024028000.0,25024028000.0,0.0,True
601398.SH,20260424,roe,0.089739,0.089739,0.0,True
601398.SH,20260427,roe,0.089739,0.089739,0.0,True
601398.SH,20260428,roe,0.089739,0.089739,0.0,True
601398.SH,20260429,roe,0.089739,0.089739,0.0,True
601398.SH,20260430,roe,2.0286,2.0286,0.0,True
601398.SH,20260424,debt_to_assets,0.920116,0.920116,0.0,True
601398.SH,20260427,debt_to_assets,0.920116,0.920116,0.0,True
601398.SH,20260428,debt_to_assets,0.920116,0.920116,0.0,True
601398.SH,20260429,debt_to_assets,0.920116,0.920116,0.0,True
601398.SH,20260430,debt_to_assets,0.921901,0.921901,0.0,True
601398.SH,20260424,net_income,370766000000.0,370766000000.0,0.0,True
601398.SH,20260427,net_income,370766000000.0,370766000000.0,0.0,True
601398.SH,20260428,net_income,370766000000.0,370766000000.0,0.0,True
601398.SH,20260429,net_income,370766000000.0,370766000000.0,0.0,True
601398.SH,20260430,net_income,88013000000.0,88013000000.0,0.0,True
601398.SH,20260424,revenue,838270000000.0,838270000000.0,0.0,True
601398.SH,20260427,revenue,838270000000.0,838270000000.0,0.0,True
601398.SH,20260428,revenue,838270000000.0,838270000000.0,0.0,True
601398.SH,20260429,revenue,838270000000.0,838270000000.0,0.0,True
601398.SH,20260430,revenue,230370000000.0,230370000000.0,0.0,True
601398.SH,20260424,total_assets,53477773000000.0,53477773000000.0,0.0,True
601398.SH,20260427,total_assets,53477773000000.0,53477773000000.0,0.0,True
601398.SH,20260428,total_assets,53477773000000.0,53477773000000.0,0.0,True
601398.SH,20260429,total_assets,53477773000000.0,53477773000000.0,0.0,True
601398.SH,20260430,total_assets,55772584000000.0,55772584000000.0,0.0,True
601398.SH,20260424,equity,4244259000000.0,4244259000000.0,0.0,True
601398.SH,20260427,equity,4244259000000.0,4244259000000.0,0.0,True
601398.SH,20260428,equity,4244259000000.0,4244259000000.0,0.0,True
601398.SH,20260429,equity,4244259000000.0,4244259000000.0,0.0,True
601398.SH,20260430,equity,4327391000000.0,4327391000000.0,0.0,True
601398.SH,20260424,op_cashflow,1890530000000.0,1890530000000.0,0.0,True
601398.SH,20260427,op_cashflow,1890530000000.0,1890530000000.0,0.0,True
601398.SH,20260428,op_cashflow,1890530000000.0,1890530000000.0,0.0,True
601398.SH,20260429,op_cashflow,1890530000000.0,1890530000000.0,0.0,True
601398.SH,20260430,op_cashflow,1416276000000.0,1416276000000.0,0.0,True
600276.SH,20260424,roe,0.036545999999999995,0.036545999999999995,0.0,True
600276.SH,20260427,roe,0.036545999999999995,0.036545999999999995,0.0,True
600276.SH,20260428,roe,0.036545999999999995,0.036545999999999995,0.0,True
600276.SH,20260429,roe,0.036545999999999995,0.036545999999999995,0.0,True
600276.SH,20260430,roe,0.036545999999999995,0.036545999999999995,0.0,True
600276.SH,20260424,grossprofit_margin,0.865986,0.865986,0.0,True
600276.SH,20260427,grossprofit_margin,0.865986,0.865986,0.0,True
600276.SH,20260428,grossprofit_margin,0.865986,0.865986,0.0,True
600276.SH,20260429,grossprofit_margin,0.865986,0.865986,0.0,True
600276.SH,20260430,grossprofit_margin,0.865986,0.865986,0.0,True
600276.SH,20260424,debt_to_assets,0.100244,0.100244,0.0,True
600276.SH,20260427,debt_to_assets,0.100244,0.100244,0.0,True
600276.SH,20260428,debt_to_assets,0.100244,0.100244,0.0,True
600276.SH,20260429,debt_to_assets,0.100244,0.100244,0.0,True
600276.SH,20260430,debt_to_assets,0.100244,0.100244,0.0,True
600276.SH,20260424,current_ratio,9.2331,9.2331,0.0,True
600276.SH,20260427,current_ratio,9.2331,9.2331,0.0,True
600276.SH,20260428,current_ratio,9.2331,9.2331,0.0,True
600276.SH,20260429,current_ratio,9.2331,9.2331,0.0,True
600276.SH,20260430,current_ratio,9.2331,9.2331,0.0,True
600276.SH,20260424,net_income,2280994705.34,2280994705.34,0.0,True
600276.SH,20260427,net_income,2280994705.34,2280994705.34,0.0,True
600276.SH,20260428,net_income,2280994705.34,2280994705.34,0.0,True
600276.SH,20260429,net_income,2280994705.34,2280994705.34,0.0,True
600276.SH,20260430,net_income,2280994705.34,2280994705.34,0.0,True
600276.SH,20260424,revenue,8140565320.77,8140565320.77,0.0,True
600276.SH,20260427,revenue,8140565320.77,8140565320.77,0.0,True
600276.SH,20260428,revenue,8140565320.77,8140565320.77,0.0,True
600276.SH,20260429,revenue,8140565320.77,8140565320.77,0.0,True
600276.SH,20260430,revenue,8140565320.77,8140565320.77,0.0,True
600276.SH,20260424,total_assets,71293862440.88,71293862440.88,0.0,True
600276.SH,20260427,total_assets,71293862440.88,71293862440.88,0.0,True
600276.SH,20260428,total_assets,71293862440.88,71293862440.88,0.0,True
600276.SH,20260429,total_assets,71293862440.88,71293862440.88,0.0,True
600276.SH,20260430,total_assets,71293862440.88,71293862440.88,0.0,True
600276.SH,20260424,equity,63626264350.1,63626264350.1,0.0,True
600276.SH,20260427,equity,63626264350.1,63626264350.1,0.0,True
600276.SH,20260428,equity,63626264350.1,63626264350.1,0.0,True
600276.SH,20260429,equity,63626264350.1,63626264350.1,0.0,True
600276.SH,20260430,equity,63626264350.1,63626264350.1,0.0,True
600276.SH,20260424,op_cashflow,786445900.71,786445900.71,0.0,True
600276.SH,20260427,op_cashflow,786445900.71,786445900.71,0.0,True
600276.SH,20260428,op_cashflow,786445900.71,786445900.71,0.0,True
600276.SH,20260429,op_cashflow,786445900.71,786445900.71,0.0,True
600276.SH,20260430,op_cashflow,786445900.71,786445900.71,0.0,True
002384.SZ,20260424,roe,0.068809,0.068809,0.0,True
002384.SZ,20260427,roe,0.068809,0.068809,0.0,True
002384.SZ,20260428,roe,0.05033699999999999,0.05033699999999999,0.0,True
002384.SZ,20260429,roe,0.05033699999999999,0.05033699999999999,0.0,True
002384.SZ,20260430,roe,0.05033699999999999,0.05033699999999999,0.0,True
002384.SZ,20260424,grossprofit_margin,0.140865,0.140865,0.0,True
002384.SZ,20260427,grossprofit_margin,0.140865,0.140865,0.0,True
002384.SZ,20260428,grossprofit_margin,0.193275,0.193275,0.0,True
002384.SZ,20260429,grossprofit_margin,0.193275,0.193275,0.0,True
002384.SZ,20260430,grossprofit_margin,0.193275,0.193275,0.0,True
002384.SZ,20260424,debt_to_assets,0.639807,0.639807,0.0,True
002384.SZ,20260427,debt_to_assets,0.639807,0.639807,0.0,True
002384.SZ,20260428,debt_to_assets,0.636888,0.636888,0.0,True
002384.SZ,20260429,debt_to_assets,0.636888,0.636888,0.0,True
002384.SZ,20260430,debt_to_assets,0.636888,0.636888,0.0,True
002384.SZ,20260424,current_ratio,1.0061,1.0061,0.0,True
002384.SZ,20260427,current_ratio,1.0061,1.0061,0.0,True
002384.SZ,20260428,current_ratio,1.0863,1.0863,0.0,True
002384.SZ,20260429,current_ratio,1.0863,1.0863,0.0,True
002384.SZ,20260430,current_ratio,1.0863,1.0863,0.0,True
002384.SZ,20260424,net_income,1392967537.73,1392967537.73,0.0,True
002384.SZ,20260427,net_income,1392967537.73,1392967537.73,0.0,True
002384.SZ,20260428,net_income,1124152991.38,1124152991.38,0.0,True
002384.SZ,20260429,net_income,1124152991.38,1124152991.38,0.0,True
002384.SZ,20260430,net_income,1124152991.38,1124152991.38,0.0,True
002384.SZ,20260424,revenue,40124858839.52,40124858839.52,0.0,True
002384.SZ,20260427,revenue,40124858839.52,40124858839.52,0.0,True
002384.SZ,20260428,revenue,13137636263.36,13137636263.36,0.0,True
002384.SZ,20260429,revenue,13137636263.36,13137636263.36,0.0,True
002384.SZ,20260430,revenue,13137636263.36,13137636263.36,0.0,True
002384.SZ,20260424,total_assets,60250537094.98,60250537094.98,0.0,True
002384.SZ,20260427,total_assets,60250537094.98,60250537094.98,0.0,True
002384.SZ,20260428,total_assets,63045615506.36,63045615506.36,0.0,True
002384.SZ,20260429,total_assets,63045615506.36,63045615506.36,0.0,True
002384.SZ,20260430,total_assets,63045615506.36,63045615506.36,0.0,True
002384.SZ,20260424,equity,21461147972.59,21461147972.59,0.0,True
002384.SZ,20260427,equity,21461147972.59,21461147972.59,0.0,True
002384.SZ,20260428,equity,22637699880.0,22637699880.0,0.0,True
002384.SZ,20260429,equity,22637699880.0,22637699880.0,0.0,True
002384.SZ,20260430,equity,22637699880.0,22637699880.0,0.0,True
002384.SZ,20260424,op_cashflow,5307141746.99,5307141746.99,0.0,True
002384.SZ,20260427,op_cashflow,5307141746.99,5307141746.99,0.0,True
002384.SZ,20260428,op_cashflow,1126672373.29,1126672373.29,0.0,True
002384.SZ,20260429,op_cashflow,1126672373.29,1126672373.29,0.0,True
002384.SZ,20260430,op_cashflow,1126672373.29,1126672373.29,0.0,True
688981.SH,20260424,roe,0.033715999999999996,0.033715999999999996,0.0,True
688981.SH,20260427,roe,0.033715999999999996,0.033715999999999996,0.0,True
688981.SH,20260428,roe,0.033715999999999996,0.033715999999999996,0.0,True
688981.SH,20260429,roe,0.033715999999999996,0.033715999999999996,0.0,True
688981.SH,20260430,roe,0.033715999999999996,0.033715999999999996,0.0,True
688981.SH,20260424,grossprofit_margin,0.216242,0.216242,0.0,True
688981.SH,20260427,grossprofit_margin,0.216242,0.216242,0.0,True
688981.SH,20260428,grossprofit_margin,0.216242,0.216242,0.0,True
688981.SH,20260429,grossprofit_margin,0.216242,0.216242,0.0,True
688981.SH,20260430,grossprofit_margin,0.216242,0.216242,0.0,True
688981.SH,20260424,debt_to_assets,0.33002400000000004,0.33002400000000004,0.0,True
688981.SH,20260427,debt_to_assets,0.33002400000000004,0.33002400000000004,0.0,True
688981.SH,20260428,debt_to_assets,0.33002400000000004,0.33002400000000004,0.0,True
688981.SH,20260429,debt_to_assets,0.33002400000000004,0.33002400000000004,0.0,True
688981.SH,20260430,debt_to_assets,0.33002400000000004,0.33002400000000004,0.0,True
688981.SH,20260424,current_ratio,2.3574,2.3574,0.0,True
688981.SH,20260427,current_ratio,2.3574,2.3574,0.0,True
688981.SH,20260428,current_ratio,2.3574,2.3574,0.0,True
688981.SH,20260429,current_ratio,2.3574,2.3574,0.0,True
688981.SH,20260430,current_ratio,2.3574,2.3574,0.0,True
688981.SH,20260424,net_income,7208910000.0,7208910000.0,0.0,True
688981.SH,20260427,net_income,7208910000.0,7208910000.0,0.0,True
688981.SH,20260428,net_income,7208910000.0,7208910000.0,0.0,True
688981.SH,20260429,net_income,7208910000.0,7208910000.0,0.0,True
688981.SH,20260430,net_income,7208910000.0,7208910000.0,0.0,True
688981.SH,20260424,revenue,67323192000.0,67323192000.0,0.0,True
688981.SH,20260427,revenue,67323192000.0,67323192000.0,0.0,True
688981.SH,20260428,revenue,67323192000.0,67323192000.0,0.0,True
688981.SH,20260429,revenue,67323192000.0,67323192000.0,0.0,True
688981.SH,20260430,revenue,67323192000.0,67323192000.0,0.0,True
688981.SH,20260424,total_assets,367718196000.0,367718196000.0,0.0,True
688981.SH,20260427,total_assets,367718196000.0,367718196000.0,0.0,True
688981.SH,20260428,total_assets,367718196000.0,367718196000.0,0.0,True
688981.SH,20260429,total_assets,367718196000.0,367718196000.0,0.0,True
688981.SH,20260430,total_assets,367718196000.0,367718196000.0,0.0,True
688981.SH,20260424,equity,150823788000.0,150823788000.0,0.0,True
688981.SH,20260427,equity,150823788000.0,150823788000.0,0.0,True
688981.SH,20260428,equity,150823788000.0,150823788000.0,0.0,True
688981.SH,20260429,equity,150823788000.0,150823788000.0,0.0,True
688981.SH,20260430,equity,150823788000.0,150823788000.0,0.0,True
688981.SH,20260424,op_cashflow,20080979000.0,20080979000.0,0.0,True
688981.SH,20260427,op_cashflow,20080979000.0,20080979000.0,0.0,True
688981.SH,20260428,op_cashflow,20080979000.0,20080979000.0,0.0,True
688981.SH,20260429,op_cashflow,20080979000.0,20080979000.0,0.0,True
688981.SH,20260430,op_cashflow,20080979000.0,20080979000.0,0.0,True
002371.SZ,20260424,roe,0.16050599999999998,0.16050599999999998,0.0,True
002371.SZ,20260427,roe,0.16050599999999998,0.16050599999999998,0.0,True
002371.SZ,20260428,roe,0.16050599999999998,0.16050599999999998,0.0,True
002371.SZ,20260429,roe,0.16050599999999998,0.16050599999999998,0.0,True
002371.SZ,20260430,roe,0.04245,0.04245,0.0,True
002371.SZ,20260424,grossprofit_margin,0.40103700000000003,0.40103700000000003,0.0,True
002371.SZ,20260427,grossprofit_margin,0.40103700000000003,0.40103700000000003,0.0,True
002371.SZ,20260428,grossprofit_margin,0.40103700000000003,0.40103700000000003,0.0,True
002371.SZ,20260429,grossprofit_margin,0.40103700000000003,0.40103700000000003,0.0,True
002371.SZ,20260430,grossprofit_margin,0.407728,0.407728,0.0,True
002371.SZ,20260424,debt_to_assets,0.510832,0.510832,0.0,True
002371.SZ,20260427,debt_to_assets,0.510832,0.510832,0.0,True
002371.SZ,20260428,debt_to_assets,0.510832,0.510832,0.0,True
002371.SZ,20260429,debt_to_assets,0.510832,0.510832,0.0,True
002371.SZ,20260430,debt_to_assets,0.5000950000000001,0.5000950000000001,0.0,True
002371.SZ,20260424,current_ratio,2.2659,2.2659,0.0,True
002371.SZ,20260427,current_ratio,2.2659,2.2659,0.0,True
002371.SZ,20260428,current_ratio,2.2659,2.2659,0.0,True
002371.SZ,20260429,current_ratio,2.2659,2.2659,0.0,True
002371.SZ,20260430,current_ratio,2.3912,2.3912,0.0,True
002371.SZ,20260424,net_income,5408907258.2,5408907258.2,0.0,True
002371.SZ,20260427,net_income,5408907258.2,5408907258.2,0.0,True
002371.SZ,20260428,net_income,5408907258.2,5408907258.2,0.0,True
002371.SZ,20260429,net_income,5408907258.2,5408907258.2,0.0,True
002371.SZ,20260430,net_income,1567956334.89,1567956334.89,0.0,True
002371.SZ,20260424,revenue,39353112419.78,39353112419.78,0.0,True
002371.SZ,20260427,revenue,39353112419.78,39353112419.78,0.0,True
002371.SZ,20260428,revenue,39353112419.78,39353112419.78,0.0,True
002371.SZ,20260429,revenue,39353112419.78,39353112419.78,0.0,True
002371.SZ,20260430,revenue,10322863908.82,10322863908.82,0.0,True
002371.SZ,20260424,total_assets,89800578023.69,89800578023.69,0.0,True
002371.SZ,20260427,total_assets,89800578023.69,89800578023.69,0.0,True
002371.SZ,20260428,total_assets,89800578023.69,89800578023.69,0.0,True
002371.SZ,20260429,total_assets,89800578023.69,89800578023.69,0.0,True
002371.SZ,20260430,total_assets,91056789222.02,91056789222.02,0.0,True
002371.SZ,20260424,equity,37725889397.5,37725889397.5,0.0,True
002371.SZ,20260427,equity,37725889397.5,37725889397.5,0.0,True
002371.SZ,20260428,equity,37725889397.5,37725889397.5,0.0,True
002371.SZ,20260429,equity,37725889397.5,37725889397.5,0.0,True
002371.SZ,20260430,equity,39294371994.43,39294371994.43,0.0,True
002371.SZ,20260424,op_cashflow,2133444577.85,2133444577.85,0.0,True
002371.SZ,20260427,op_cashflow,2133444577.85,2133444577.85,0.0,True
002371.SZ,20260428,op_cashflow,2133444577.85,2133444577.85,0.0,True
002371.SZ,20260429,op_cashflow,2133444577.85,2133444577.85,0.0,True
002371.SZ,20260430,op_cashflow,748055666.52,748055666.52,0.0,True
603986.SH,20260424,roe,0.09283,0.09283,0.0,True
603986.SH,20260427,roe,0.09283,0.09283,0.0,True
603986.SH,20260428,roe,0.09283,0.09283,0.0,True
603986.SH,20260429,roe,0.09283,0.09283,0.0,True
603986.SH,20260430,roe,0.065999,0.065999,0.0,True
603986.SH,20260424,grossprofit_margin,0.402162,0.402162,0.0,True
603986.SH,20260427,grossprofit_margin,0.402162,0.402162,0.0,True
603986.SH,20260428,grossprofit_margin,0.402162,0.402162,0.0,True
603986.SH,20260429,grossprofit_margin,0.402162,0.402162,0.0,True
603986.SH,20260430,grossprofit_margin,0.570767,0.570767,0.0,True
603986.SH,20260424,debt_to_assets,0.101593,0.101593,0.0,True
603986.SH,20260427,debt_to_assets,0.101593,0.101593,0.0,True
603986.SH,20260428,debt_to_assets,0.101593,0.101593,0.0,True
603986.SH,20260429,debt_to_assets,0.101593,0.101593,0.0,True
603986.SH,20260430,debt_to_assets,0.081329,0.081329,0.0,True
603986.SH,20260424,current_ratio,6.8937,6.8937,0.0,True
603986.SH,20260427,current_ratio,6.8937,6.8937,0.0,True
603986.SH,20260428,current_ratio,6.8937,6.8937,0.0,True
603986.SH,20260429,current_ratio,6.8937,6.8937,0.0,True
603986.SH,20260430,current_ratio,9.6643,9.6643,0.0,True
603986.SH,20260424,net_income,1677344557.33,1677344557.33,0.0,True
603986.SH,20260427,net_income,1677344557.33,1677344557.33,0.0,True
603986.SH,20260428,net_income,1677344557.33,1677344557.33,0.0,True
603986.SH,20260429,net_income,1677344557.33,1677344557.33,0.0,True
603986.SH,20260430,net_income,1472515257.26,1472515257.26,0.0,True
603986.SH,20260424,revenue,9203463124.58,9203463124.58,0.0,True
603986.SH,20260427,revenue,9203463124.58,9203463124.58,0.0,True
603986.SH,20260428,revenue,9203463124.58,9203463124.58,0.0,True
603986.SH,20260429,revenue,9203463124.58,9203463124.58,0.0,True
603986.SH,20260430,revenue,4188075574.04,4188075574.04,0.0,True
603986.SH,20260424,total_assets,21396579783.85,21396579783.85,0.0,True
603986.SH,20260427,total_assets,21396579783.85,21396579783.85,0.0,True
603986.SH,20260428,total_assets,21396579783.85,21396579783.85,0.0,True
603986.SH,20260429,total_assets,21396579783.85,21396579783.85,0.0,True
603986.SH,20260430,total_assets,27773679160.67,27773679160.67,0.0,True
603986.SH,20260424,equity,19007782130.79,19007782130.79,0.0,True
603986.SH,20260427,equity,19007782130.79,19007782130.79,0.0,True
603986.SH,20260428,equity,19007782130.79,19007782130.79,0.0,True
603986.SH,20260429,equity,19007782130.79,19007782130.79,0.0,True
603986.SH,20260430,equity,25273306654.79,25273306654.79,0.0,True
603986.SH,20260424,op_cashflow,2128504212.49,2128504212.49,0.0,True
603986.SH,20260427,op_cashflow,2128504212.49,2128504212.49,0.0,True
603986.SH,20260428,op_cashflow,2128504212.49,2128504212.49,0.0,True
603986.SH,20260429,op_cashflow,2128504212.49,2128504212.49,0.0,True
603986.SH,20260430,op_cashflow,1783057278.72,1783057278.72,0.0,True
300476.SZ,20260424,roe,0.337592,0.337592,0.0,True
300476.SZ,20260427,roe,0.337592,0.337592,0.0,True
300476.SZ,20260428,roe,0.337592,0.337592,0.0,True
300476.SZ,20260429,roe,0.075741,0.075741,0.0,True
300476.SZ,20260430,roe,0.075741,0.075741,0.0,True
300476.SZ,20260424,grossprofit_margin,0.352235,0.352235,0.0,True
300476.SZ,20260427,grossprofit_margin,0.352235,0.352235,0.0,True
300476.SZ,20260428,grossprofit_margin,0.352235,0.352235,0.0,True
300476.SZ,20260429,grossprofit_margin,0.34458500000000003,0.34458500000000003,0.0,True
300476.SZ,20260430,grossprofit_margin,0.34458500000000003,0.34458500000000003,0.0,True
300476.SZ,20260424,debt_to_assets,0.528505,0.528505,0.0,True
300476.SZ,20260427,debt_to_assets,0.528505,0.528505,0.0,True
300476.SZ,20260428,debt_to_assets,0.528505,0.528505,0.0,True
300476.SZ,20260429,debt_to_assets,0.552339,0.552339,0.0,True
300476.SZ,20260430,debt_to_assets,0.552339,0.552339,0.0,True
300476.SZ,20260424,current_ratio,0.9626,0.9626,0.0,True
300476.SZ,20260427,current_ratio,0.9626,0.9626,0.0,True
300476.SZ,20260428,current_ratio,0.9626,0.9626,0.0,True
300476.SZ,20260429,current_ratio,0.9214,0.9214,0.0,True
300476.SZ,20260430,current_ratio,0.9214,0.9214,0.0,True
300476.SZ,20260424,net_income,4311988274.4,4311988274.4,0.0,True
300476.SZ,20260427,net_income,4311988274.4,4311988274.4,0.0,True
300476.SZ,20260428,net_income,4311988274.4,4311988274.4,0.0,True
300476.SZ,20260429,net_income,1288427592.46,1288427592.46,0.0,True
300476.SZ,20260430,net_income,1288427592.46,1288427592.46,0.0,True
300476.SZ,20260424,revenue,19292313457.36,19292313457.36,0.0,True
300476.SZ,20260427,revenue,19292313457.36,19292313457.36,0.0,True
300476.SZ,20260428,revenue,19292313457.36,19292313457.36,0.0,True
300476.SZ,20260429,revenue,5519485066.85,5519485066.85,0.0,True
300476.SZ,20260430,revenue,5519485066.85,5519485066.85,0.0,True
300476.SZ,20260424,total_assets,35244486987.89,35244486987.89,0.0,True
300476.SZ,20260427,total_assets,35244486987.89,35244486987.89,0.0,True
300476.SZ,20260428,total_assets,35244486987.89,35244486987.89,0.0,True
300476.SZ,20260429,total_assets,38878055535.58,38878055535.58,0.0,True
300476.SZ,20260430,total_assets,38878055535.58,38878055535.58,0.0,True
300476.SZ,20260424,equity,16617608443.57,16617608443.57,0.0,True
300476.SZ,20260427,equity,16617608443.57,16617608443.57,0.0,True
300476.SZ,20260428,equity,16617608443.57,16617608443.57,0.0,True
300476.SZ,20260429,equity,17404174296.89,17404174296.89,0.0,True
300476.SZ,20260430,equity,17404174296.89,17404174296.89,0.0,True
300476.SZ,20260424,op_cashflow,4602652783.97,4602652783.97,0.0,True
300476.SZ,20260427,op_cashflow,4602652783.97,4602652783.97,0.0,True
300476.SZ,20260428,op_cashflow,4602652783.97,4602652783.97,0.0,True
300476.SZ,20260429,op_cashflow,2116658463.16,2116658463.16,0.0,True
300476.SZ,20260430,op_cashflow,2116658463.16,2116658463.16,0.0,True
300274.SZ,20260424,roe,0.32236400000000004,0.32236400000000004,0.0,True
300274.SZ,20260427,roe,0.32236400000000004,0.32236400000000004,0.0,True
300274.SZ,20260428,roe,0.0481,0.0481,0.0,True
300274.SZ,20260429,roe,0.0481,0.0481,0.0,True
300274.SZ,20260430,roe,0.0481,0.0481,0.0,True
300274.SZ,20260424,grossprofit_margin,0.318317,0.318317,0.0,True
300274.SZ,20260427,grossprofit_margin,0.318317,0.318317,0.0,True
300274.SZ,20260428,grossprofit_margin,0.332629,0.332629,0.0,True
300274.SZ,20260429,grossprofit_margin,0.332629,0.332629,0.0,True
300274.SZ,20260430,grossprofit_margin,0.332629,0.332629,0.0,True
300274.SZ,20260424,debt_to_assets,0.580619,0.580619,0.0,True
300274.SZ,20260427,debt_to_assets,0.580619,0.580619,0.0,True
300274.SZ,20260428,debt_to_assets,0.575148,0.575148,0.0,True
300274.SZ,20260429,debt_to_assets,0.575148,0.575148,0.0,True
300274.SZ,20260430,debt_to_assets,0.575148,0.575148,0.0,True
300274.SZ,20260424,current_ratio,1.6675,1.6675,0.0,True
300274.SZ,20260427,current_ratio,1.6675,1.6675,0.0,True
300274.SZ,20260428,current_ratio,1.6562,1.6562,0.0,True
300274.SZ,20260429,current_ratio,1.6562,1.6562,0.0,True
300274.SZ,20260430,current_ratio,1.6562,1.6562,0.0,True
300274.SZ,20260424,net_income,13532853538.91,13532853538.91,0.0,True
300274.SZ,20260427,net_income,13532853538.91,13532853538.91,0.0,True
300274.SZ,20260428,net_income,2245933741.73,2245933741.73,0.0,True
300274.SZ,20260429,net_income,2245933741.73,2245933741.73,0.0,True
300274.SZ,20260430,net_income,2245933741.73,2245933741.73,0.0,True
300274.SZ,20260424,revenue,89184357325.77,89184357325.77,0.0,True
300274.SZ,20260427,revenue,89184357325.77,89184357325.77,0.0,True
300274.SZ,20260428,revenue,15560645284.03,15560645284.03,0.0,True
300274.SZ,20260429,revenue,15560645284.03,15560645284.03,0.0,True
300274.SZ,20260430,revenue,15560645284.03,15560645284.03,0.0,True
300274.SZ,20260424,total_assets,118679392074.17,118679392074.17,0.0,True
300274.SZ,20260427,total_assets,118679392074.17,118679392074.17,0.0,True
300274.SZ,20260428,total_assets,121864175876.94,121864175876.94,0.0,True
300274.SZ,20260429,total_assets,121864175876.94,121864175876.94,0.0,True
300274.SZ,20260430,total_assets,121864175876.94,121864175876.94,0.0,True
300274.SZ,20260424,equity,46610878177.03,46610878177.03,0.0,True
300274.SZ,20260427,equity,46610878177.03,46610878177.03,0.0,True
300274.SZ,20260428,equity,48660709098.64,48660709098.64,0.0,True
300274.SZ,20260429,equity,48660709098.64,48660709098.64,0.0,True
300274.SZ,20260430,equity,48660709098.64,48660709098.64,0.0,True
300274.SZ,20260424,op_cashflow,16917778579.11,16917778579.11,0.0,True
300274.SZ,20260427,op_cashflow,16917778579.11,16917778579.11,0.0,True
300274.SZ,20260428,op_cashflow,1208404186.03,1208404186.03,0.0,True
300274.SZ,20260429,op_cashflow,1208404186.03,1208404186.03,0.0,True
300274.SZ,20260430,op_cashflow,1208404186.03,1208404186.03,0.0,True
601288.SH,20260424,roe,0.091985,0.091985,0.0,True
601288.SH,20260427,roe,0.091985,0.091985,0.0,True
601288.SH,20260428,roe,0.091985,0.091985,0.0,True
601288.SH,20260429,roe,0.091985,0.091985,0.0,True
601288.SH,20260430,roe,2.3014,2.3014,0.0,True
601288.SH,20260424,debt_to_assets,0.9335169999999999,0.9335169999999999,0.0,True
601288.SH,20260427,debt_to_assets,0.9335169999999999,0.9335169999999999,0.0,True
601288.SH,20260428,debt_to_assets,0.9335169999999999,0.9335169999999999,0.0,True
601288.SH,20260429,debt_to_assets,0.9335169999999999,0.9335169999999999,0.0,True
601288.SH,20260430,debt_to_assets,0.935269,0.935269,0.0,True
601288.SH,20260424,net_income,292003000000.0,292003000000.0,0.0,True
601288.SH,20260427,net_income,292003000000.0,292003000000.0,0.0,True
601288.SH,20260428,net_income,292003000000.0,292003000000.0,0.0,True
601288.SH,20260429,net_income,292003000000.0,292003000000.0,0.0,True
601288.SH,20260430,net_income,75580000000.0,75580000000.0,0.0,True
601288.SH,20260424,revenue,725306000000.0,725306000000.0,0.0,True
601288.SH,20260427,revenue,725306000000.0,725306000000.0,0.0,True
601288.SH,20260428,revenue,725306000000.0,725306000000.0,0.0,True
601288.SH,20260429,revenue,725306000000.0,725306000000.0,0.0,True
601288.SH,20260430,revenue,206255000000.0,206255000000.0,0.0,True
601288.SH,20260424,total_assets,48784674000000.0,48784674000000.0,0.0,True
601288.SH,20260427,total_assets,48784674000000.0,48784674000000.0,0.0,True
601288.SH,20260428,total_assets,48784674000000.0,48784674000000.0,0.0,True
601288.SH,20260429,total_assets,48784674000000.0,48784674000000.0,0.0,True
601288.SH,20260430,total_assets,51029331000000.0,51029331000000.0,0.0,True
601288.SH,20260424,equity,3237182000000.0,3237182000000.0,0.0,True
601288.SH,20260427,equity,3237182000000.0,3237182000000.0,0.0,True
601288.SH,20260428,equity,3237182000000.0,3237182000000.0,0.0,True
601288.SH,20260429,equity,3237182000000.0,3237182000000.0,0.0,True
601288.SH,20260430,equity,3296589000000.0,3296589000000.0,0.0,True
601288.SH,20260424,op_cashflow,2112907000000.0,2112907000000.0,0.0,True
601288.SH,20260427,op_cashflow,2112907000000.0,2112907000000.0,0.0,True
601288.SH,20260428,op_cashflow,2112907000000.0,2112907000000.0,0.0,True
601288.SH,20260429,op_cashflow,2112907000000.0,2112907000000.0,0.0,True
601288.SH,20260430,op_cashflow,1184837000000.0,1184837000000.0,0.0,True
688008.SH,20260424,roe,0.183792,0.183792,0.0,True
688008.SH,20260427,roe,0.183792,0.183792,0.0,True
688008.SH,20260428,roe,0.050186,0.050186,0.0,True
688008.SH,20260429,roe,0.050186,0.050186,0.0,True
688008.SH,20260430,roe,0.050186,0.050186,0.0,True
688008.SH,20260424,grossprofit_margin,0.62228,0.62228,0.0,True
688008.SH,20260427,grossprofit_margin,0.62228,0.62228,0.0,True
688008.SH,20260428,grossprofit_margin,0.697882,0.697882,0.0,True
688008.SH,20260429,grossprofit_margin,0.697882,0.697882,0.0,True
688008.SH,20260430,grossprofit_margin,0.697882,0.697882,0.0,True
688008.SH,20260424,debt_to_assets,0.06379,0.06379,0.0,True
688008.SH,20260427,debt_to_assets,0.06379,0.06379,0.0,True
688008.SH,20260428,debt_to_assets,0.041745000000000004,0.041745000000000004,0.0,True
688008.SH,20260429,debt_to_assets,0.041745000000000004,0.041745000000000004,0.0,True
688008.SH,20260430,debt_to_assets,0.041745000000000004,0.041745000000000004,0.0,True
688008.SH,20260424,current_ratio,14.3366,14.3366,0.0,True
688008.SH,20260427,current_ratio,14.3366,14.3366,0.0,True
688008.SH,20260428,current_ratio,24.6646,24.6646,0.0,True
688008.SH,20260429,current_ratio,24.6646,24.6646,0.0,True
688008.SH,20260430,current_ratio,24.6646,24.6646,0.0,True
688008.SH,20260424,net_income,2129635949.96,2129635949.96,0.0,True
688008.SH,20260427,net_income,2129635949.96,2129635949.96,0.0,True
688008.SH,20260428,net_income,829725360.22,829725360.22,0.0,True
688008.SH,20260429,net_income,829725360.22,829725360.22,0.0,True
688008.SH,20260430,net_income,829725360.22,829725360.22,0.0,True
688008.SH,20260424,revenue,5456316783.63,5456316783.63,0.0,True
688008.SH,20260427,revenue,5456316783.63,5456316783.63,0.0,True
688008.SH,20260428,revenue,1460718316.43,1460718316.43,0.0,True
688008.SH,20260429,revenue,1460718316.43,1460718316.43,0.0,True
688008.SH,20260430,revenue,1460718316.43,1460718316.43,0.0,True
688008.SH,20260424,total_assets,13748147352.18,13748147352.18,0.0,True
688008.SH,20260427,total_assets,13748147352.18,13748147352.18,0.0,True
688008.SH,20260428,total_assets,21680536261.01,21680536261.01,0.0,True
688008.SH,20260429,total_assets,21680536261.01,21680536261.01,0.0,True
688008.SH,20260430,total_assets,21680536261.01,21680536261.01,0.0,True
688008.SH,20260424,equity,12923722372.46,12923722372.46,0.0,True
688008.SH,20260427,equity,12923722372.46,12923722372.46,0.0,True
688008.SH,20260428,equity,20845694352.82,20845694352.82,0.0,True
688008.SH,20260429,equity,20845694352.82,20845694352.82,0.0,True
688008.SH,20260430,equity,20845694352.82,20845694352.82,0.0,True
688008.SH,20260424,op_cashflow,2022020556.92,2022020556.92,0.0,True
688008.SH,20260427,op_cashflow,2022020556.92,2022020556.92,0.0,True
688008.SH,20260428,op_cashflow,626635472.56,626635472.56,0.0,True
688008.SH,20260429,op_cashflow,626635472.56,626635472.56,0.0,True
688008.SH,20260430,op_cashflow,626635472.56,626635472.56,0.0,True
600150.SH,20260424,roe,0.060944000000000005,0.060944000000000005,0.0,True
600150.SH,20260427,roe,0.060944000000000005,0.060944000000000005,0.0,True
600150.SH,20260428,roe,0.060944000000000005,0.060944000000000005,0.0,True
600150.SH,20260429,roe,0.060944000000000005,0.060944000000000005,0.0,True
600150.SH,20260430,roe,0.032989000000000004,0.032989000000000004,0.0,True
600150.SH,20260424,grossprofit_margin,0.125602,0.125602,0.0,True
600150.SH,20260427,grossprofit_margin,0.125602,0.125602,0.0,True
600150.SH,20260428,grossprofit_margin,0.125602,0.125602,0.0,True
600150.SH,20260429,grossprofit_margin,0.125602,0.125602,0.0,True
600150.SH,20260430,grossprofit_margin,0.17475300000000002,0.17475300000000002,0.0,True
600150.SH,20260424,debt_to_assets,0.638836,0.638836,0.0,True
600150.SH,20260427,debt_to_assets,0.638836,0.638836,0.0,True
600150.SH,20260428,debt_to_assets,0.638836,0.638836,0.0,True
600150.SH,20260429,debt_to_assets,0.638836,0.638836,0.0,True
600150.SH,20260430,debt_to_assets,0.62705,0.62705,0.0,True
600150.SH,20260424,current_ratio,1.3428,1.3428,0.0,True
600150.SH,20260427,current_ratio,1.3428,1.3428,0.0,True
600150.SH,20260428,current_ratio,1.3428,1.3428,0.0,True
600150.SH,20260429,current_ratio,1.3428,1.3428,0.0,True
600150.SH,20260430,current_ratio,1.3374,1.3374,0.0,True
600150.SH,20260424,net_income,7840870229.19,7840870229.19,0.0,True
600150.SH,20260427,net_income,7840870229.19,7840870229.19,0.0,True
600150.SH,20260428,net_income,7840870229.19,7840870229.19,0.0,True
600150.SH,20260429,net_income,7840870229.19,7840870229.19,0.0,True
600150.SH,20260430,net_income,5170332800.18,5170332800.18,0.0,True
600150.SH,20260424,revenue,107402803784.7,107402803784.7,0.0,True
600150.SH,20260427,revenue,107402803784.7,107402803784.7,0.0,True
600150.SH,20260428,revenue,107402803784.7,107402803784.7,0.0,True
600150.SH,20260429,revenue,107402803784.7,107402803784.7,0.0,True
600150.SH,20260430,revenue,43312405150.04,43312405150.04,0.0,True
600150.SH,20260424,total_assets,406022551603.91,406022551603.91,0.0,True
600150.SH,20260427,total_assets,406022551603.91,406022551603.91,0.0,True
600150.SH,20260428,total_assets,406022551603.91,406022551603.91,0.0,True
600150.SH,20260429,total_assets,406022551603.91,406022551603.91,0.0,True
600150.SH,20260430,total_assets,418459290691.24,418459290691.24,0.0,True
600150.SH,20260424,equity,141137504528.14,141137504528.14,0.0,True
600150.SH,20260427,equity,141137504528.14,141137504528.14,0.0,True
600150.SH,20260428,equity,141137504528.14,141137504528.14,0.0,True
600150.SH,20260429,equity,141137504528.14,141137504528.14,0.0,True
600150.SH,20260430,equity,149547298316.83,149547298316.83,0.0,True
600150.SH,20260424,op_cashflow,3094731394.8,3094731394.8,0.0,True
600150.SH,20260427,op_cashflow,3094731394.8,3094731394.8,0.0,True
600150.SH,20260428,op_cashflow,3094731394.8,3094731394.8,0.0,True
600150.SH,20260429,op_cashflow,3094731394.8,3094731394.8,0.0,True
600150.SH,20260430,op_cashflow,8151528825.13,8151528825.13,0.0,True
000858.SZ,20260424,roe,0.049662,0.049662,0.0,True
000858.SZ,20260427,roe,0.049662,0.049662,0.0,True
000858.SZ,20260428,roe,0.049662,0.049662,0.0,True
000858.SZ,20260429,roe,0.049662,0.049662,0.0,True
000858.SZ,20260430,roe,0.065041,0.065041,0.0,True
000858.SZ,20260424,grossprofit_margin,0.75725,0.75725,0.0,True
000858.SZ,20260427,grossprofit_margin,0.75725,0.75725,0.0,True
000858.SZ,20260428,grossprofit_margin,0.75725,0.75725,0.0,True
000858.SZ,20260429,grossprofit_margin,0.75725,0.75725,0.0,True
000858.SZ,20260430,grossprofit_margin,0.814344,0.814344,0.0,True
000858.SZ,20260424,debt_to_assets,0.31596,0.31596,0.0,True
000858.SZ,20260427,debt_to_assets,0.31596,0.31596,0.0,True
000858.SZ,20260428,debt_to_assets,0.31596,0.31596,0.0,True
000858.SZ,20260429,debt_to_assets,0.31596,0.31596,0.0,True
000858.SZ,20260430,debt_to_assets,0.34313299999999997,0.34313299999999997,0.0,True
000858.SZ,20260424,current_ratio,2.7731,2.7731,0.0,True
000858.SZ,20260427,current_ratio,2.7731,2.7731,0.0,True
000858.SZ,20260428,current_ratio,2.7731,2.7731,0.0,True
000858.SZ,20260429,current_ratio,2.7731,2.7731,0.0,True
000858.SZ,20260430,current_ratio,2.5596,2.5596,0.0,True
000858.SZ,20260424,net_income,22211853938.77,22211853938.77,0.0,True
000858.SZ,20260427,net_income,22211853938.77,22211853938.77,0.0,True
000858.SZ,20260428,net_income,22211853938.77,22211853938.77,0.0,True
000858.SZ,20260429,net_income,22211853938.77,22211853938.77,0.0,True
000858.SZ,20260430,net_income,8323780368.73,8323780368.73,0.0,True
000858.SZ,20260424,revenue,60945321083.57,60945321083.57,0.0,True
000858.SZ,20260427,revenue,60945321083.57,60945321083.57,0.0,True
000858.SZ,20260428,revenue,60945321083.57,60945321083.57,0.0,True
000858.SZ,20260429,revenue,60945321083.57,60945321083.57,0.0,True
000858.SZ,20260430,revenue,22838024164.27,22838024164.27,0.0,True
000858.SZ,20260424,total_assets,191181308049.92,191181308049.92,0.0,True
000858.SZ,20260427,total_assets,191181308049.92,191181308049.92,0.0,True
000858.SZ,20260428,total_assets,191181308049.92,191181308049.92,0.0,True
000858.SZ,20260429,total_assets,191181308049.92,191181308049.92,0.0,True
000858.SZ,20260430,total_assets,198638173212.42,198638173212.42,0.0,True
000858.SZ,20260424,equity,127459018040.3,127459018040.3,0.0,True
000858.SZ,20260427,equity,127459018040.3,127459018040.3,0.0,True
000858.SZ,20260428,equity,127459018040.3,127459018040.3,0.0,True
000858.SZ,20260429,equity,127459018040.3,127459018040.3,0.0,True
000858.SZ,20260430,equity,127996671799.63,127996671799.63,0.0,True
000858.SZ,20260424,op_cashflow,28247488416.94,28247488416.94,0.0,True
000858.SZ,20260427,op_cashflow,28247488416.94,28247488416.94,0.0,True
000858.SZ,20260428,op_cashflow,28247488416.94,28247488416.94,0.0,True
000858.SZ,20260429,op_cashflow,28247488416.94,28247488416.94,0.0,True
000858.SZ,20260430,op_cashflow,-2535371232.04,-2535371232.04,0.0,True
601211.SH,20260424,roe,0.11097200000000002,0.11097200000000002,0.0,True
601211.SH,20260427,roe,1.916,1.916,0.0,True
601211.SH,20260428,roe,1.916,1.916,0.0,True
601211.SH,20260429,roe,1.916,1.916,0.0,True
601211.SH,20260430,roe,1.916,1.916,0.0,True
601211.SH,20260424,debt_to_assets,0.836259,0.836259,0.0,True
601211.SH,20260427,debt_to_assets,0.844491,0.844491,0.0,True
601211.SH,20260428,debt_to_assets,0.844491,0.844491,0.0,True
601211.SH,20260429,debt_to_assets,0.844491,0.844491,0.0,True
601211.SH,20260430,debt_to_assets,0.844491,0.844491,0.0,True
601211.SH,20260424,current_ratio,1.29,1.29,0.0,True
601211.SH,20260424,net_income,29170213551.0,29170213551.0,0.0,True
601211.SH,20260427,net_income,6704328679.0,6704328679.0,0.0,True
601211.SH,20260428,net_income,6704328679.0,6704328679.0,0.0,True
601211.SH,20260429,net_income,6704328679.0,6704328679.0,0.0,True
601211.SH,20260430,net_income,6704328679.0,6704328679.0,0.0,True
601211.SH,20260424,revenue,63107440954.0,63107440954.0,0.0,True
601211.SH,20260427,revenue,16232110965.0,16232110965.0,0.0,True
601211.SH,20260428,revenue,16232110965.0,16232110965.0,0.0,True
601211.SH,20260429,revenue,16232110965.0,16232110965.0,0.0,True
601211.SH,20260430,revenue,16232110965.0,16232110965.0,0.0,True
601211.SH,20260424,total_assets,2114338135017.0,2114338135017.0,0.0,True
601211.SH,20260427,total_assets,2259716257095.0,2259716257095.0,0.0,True
601211.SH,20260428,total_assets,2259716257095.0,2259716257095.0,0.0,True
601211.SH,20260429,total_assets,2259716257095.0,2259716257095.0,0.0,True
601211.SH,20260430,total_assets,2259716257095.0,2259716257095.0,0.0,True
601211.SH,20260424,equity,330416848728.0,330416848728.0,0.0,True
601211.SH,20260427,equity,336424636912.0,336424636912.0,0.0,True
601211.SH,20260428,equity,336424636912.0,336424636912.0,0.0,True
601211.SH,20260429,equity,336424636912.0,336424636912.0,0.0,True
601211.SH,20260430,equity,336424636912.0,336424636912.0,0.0,True
601211.SH,20260424,op_cashflow,81138252377.0,81138252377.0,0.0,True
601211.SH,20260427,op_cashflow,54318345861.0,54318345861.0,0.0,True
601211.SH,20260428,op_cashflow,54318345861.0,54318345861.0,0.0,True
601211.SH,20260429,op_cashflow,54318345861.0,54318345861.0,0.0,True
601211.SH,20260430,op_cashflow,54318345861.0,54318345861.0,0.0,True
601328.SH,20260424,roe,0.079238,0.079238,0.0,True
601328.SH,20260427,roe,0.079238,0.079238,0.0,True
601328.SH,20260428,roe,0.079238,0.079238,0.0,True
601328.SH,20260429,roe,0.079238,0.079238,0.0,True
601328.SH,20260430,roe,2.044,2.044,0.0,True
601328.SH,20260424,debt_to_assets,0.917658,0.917658,0.0,True
601328.SH,20260427,debt_to_assets,0.917658,0.917658,0.0,True
601328.SH,20260428,debt_to_assets,0.917658,0.917658,0.0,True
601328.SH,20260429,debt_to_assets,0.917658,0.917658,0.0,True
601328.SH,20260430,debt_to_assets,0.920004,0.920004,0.0,True
601328.SH,20260424,net_income,96514000000.0,96514000000.0,0.0,True
601328.SH,20260427,net_income,96514000000.0,96514000000.0,0.0,True
601328.SH,20260428,net_income,96514000000.0,96514000000.0,0.0,True
601328.SH,20260429,net_income,96514000000.0,96514000000.0,0.0,True
601328.SH,20260430,net_income,26388000000.0,26388000000.0,0.0,True
601328.SH,20260424,revenue,265071000000.0,265071000000.0,0.0,True
601328.SH,20260427,revenue,265071000000.0,265071000000.0,0.0,True
601328.SH,20260428,revenue,265071000000.0,265071000000.0,0.0,True
601328.SH,20260429,revenue,265071000000.0,265071000000.0,0.0,True
601328.SH,20260430,revenue,69618000000.0,69618000000.0,0.0,True
601328.SH,20260424,total_assets,15548388000000.0,15548388000000.0,0.0,True
601328.SH,20260427,total_assets,15548388000000.0,15548388000000.0,0.0,True
601328.SH,20260428,total_assets,15548388000000.0,15548388000000.0,0.0,True
601328.SH,20260429,total_assets,15548388000000.0,15548388000000.0,0.0,True
601328.SH,20260430,total_assets,16272960000000.0,16272960000000.0,0.0,True
601328.SH,20260424,equity,1269232000000.0,1269232000000.0,0.0,True
601328.SH,20260427,equity,1269232000000.0,1269232000000.0,0.0,True
601328.SH,20260428,equity,1269232000000.0,1269232000000.0,0.0,True
601328.SH,20260429,equity,1269232000000.0,1269232000000.0,0.0,True
601328.SH,20260430,equity,1290674000000.0,1290674000000.0,0.0,True
601328.SH,20260424,op_cashflow,132441000000.0,132441000000.0,0.0,True
601328.SH,20260427,op_cashflow,132441000000.0,132441000000.0,0.0,True
601328.SH,20260428,op_cashflow,132441000000.0,132441000000.0,0.0,True
601328.SH,20260429,op_cashflow,132441000000.0,132441000000.0,0.0,True
601328.SH,20260430,op_cashflow,119205000000.0,119205000000.0,0.0,True
000651.SZ,20260424,roe,0.152294,0.152294,0.0,True
000651.SZ,20260427,roe,0.152294,0.152294,0.0,True
000651.SZ,20260428,roe,0.152294,0.152294,0.0,True
000651.SZ,20260429,roe,0.040826,0.040826,0.0,True
000651.SZ,20260430,roe,0.040826,0.040826,0.0,True
000651.SZ,20260424,grossprofit_margin,0.284386,0.284386,0.0,True
000651.SZ,20260427,grossprofit_margin,0.284386,0.284386,0.0,True
000651.SZ,20260428,grossprofit_margin,0.284386,0.284386,0.0,True
000651.SZ,20260429,grossprofit_margin,0.274158,0.274158,0.0,True
000651.SZ,20260430,grossprofit_margin,0.274158,0.274158,0.0,True
000651.SZ,20260424,debt_to_assets,0.627997,0.627997,0.0,True
000651.SZ,20260427,debt_to_assets,0.627997,0.627997,0.0,True
000651.SZ,20260428,debt_to_assets,0.627997,0.627997,0.0,True
000651.SZ,20260429,debt_to_assets,0.591541,0.591541,0.0,True
000651.SZ,20260430,debt_to_assets,0.591541,0.591541,0.0,True
000651.SZ,20260424,current_ratio,1.0807,1.0807,0.0,True
000651.SZ,20260427,current_ratio,1.0807,1.0807,0.0,True
000651.SZ,20260428,current_ratio,1.0807,1.0807,0.0,True
000651.SZ,20260429,current_ratio,1.1179,1.1179,0.0,True
000651.SZ,20260430,current_ratio,1.1179,1.1179,0.0,True
000651.SZ,20260424,net_income,21576908418.3,21576908418.3,0.0,True
000651.SZ,20260427,net_income,21576908418.3,21576908418.3,0.0,True
000651.SZ,20260428,net_income,21576908418.3,21576908418.3,0.0,True
000651.SZ,20260429,net_income,6098807482.82,6098807482.82,0.0,True
000651.SZ,20260430,net_income,6098807482.82,6098807482.82,0.0,True
000651.SZ,20260424,revenue,137180093143.85,137180093143.85,0.0,True
000651.SZ,20260427,revenue,137180093143.85,137180093143.85,0.0,True
000651.SZ,20260428,revenue,137180093143.85,137180093143.85,0.0,True
000651.SZ,20260429,revenue,42966121178.08,42966121178.08,0.0,True
000651.SZ,20260430,revenue,42966121178.08,42966121178.08,0.0,True
000651.SZ,20260424,total_assets,399221931501.58,399221931501.58,0.0,True
000651.SZ,20260427,total_assets,399221931501.58,399221931501.58,0.0,True
000651.SZ,20260428,total_assets,399221931501.58,399221931501.58,0.0,True
000651.SZ,20260429,total_assets,381613603247.63,381613603247.63,0.0,True
000651.SZ,20260430,total_assets,381613603247.63,381613603247.63,0.0,True
000651.SZ,20260424,equity,144424252622.96,144424252622.96,0.0,True
000651.SZ,20260427,equity,144424252622.96,144424252622.96,0.0,True
000651.SZ,20260428,equity,144424252622.96,144424252622.96,0.0,True
000651.SZ,20260429,equity,152024259599.56,152024259599.56,0.0,True
000651.SZ,20260430,equity,152024259599.56,152024259599.56,0.0,True
000651.SZ,20260424,op_cashflow,45728383685.2,45728383685.2,0.0,True
000651.SZ,20260427,op_cashflow,45728383685.2,45728383685.2,0.0,True
000651.SZ,20260428,op_cashflow,45728383685.2,45728383685.2,0.0,True
000651.SZ,20260429,op_cashflow,7798541802.42,7798541802.42,0.0,True
000651.SZ,20260430,op_cashflow,7798541802.42,7798541802.42,0.0,True
600887.SH,20260424,roe,0.19044799999999998,0.19044799999999998,0.0,True
600887.SH,20260427,roe,0.19044799999999998,0.19044799999999998,0.0,True
600887.SH,20260428,roe,0.19044799999999998,0.19044799999999998,0.0,True
600887.SH,20260429,roe,0.19044799999999998,0.19044799999999998,0.0,True
600887.SH,20260430,roe,0.09444100000000001,0.09444100000000001,0.0,True
600887.SH,20260424,grossprofit_margin,0.35322899999999996,0.35322899999999996,0.0,True
600887.SH,20260427,grossprofit_margin,0.35322899999999996,0.35322899999999996,0.0,True
600887.SH,20260428,grossprofit_margin,0.35322899999999996,0.35322899999999996,0.0,True
600887.SH,20260429,grossprofit_margin,0.35322899999999996,0.35322899999999996,0.0,True
600887.SH,20260430,grossprofit_margin,0.38374699999999995,0.38374699999999995,0.0,True
600887.SH,20260424,debt_to_assets,0.605511,0.605511,0.0,True
600887.SH,20260427,debt_to_assets,0.605511,0.605511,0.0,True
600887.SH,20260428,debt_to_assets,0.605511,0.605511,0.0,True
600887.SH,20260429,debt_to_assets,0.605511,0.605511,0.0,True
600887.SH,20260430,debt_to_assets,0.594984,0.594984,0.0,True
600887.SH,20260424,current_ratio,0.7515,0.7515,0.0,True
600887.SH,20260427,current_ratio,0.7515,0.7515,0.0,True
600887.SH,20260428,current_ratio,0.7515,0.7515,0.0,True
600887.SH,20260429,current_ratio,0.7515,0.7515,0.0,True
600887.SH,20260430,current_ratio,0.6893,0.6893,0.0,True
600887.SH,20260424,net_income,10420055459.21,10420055459.21,0.0,True
600887.SH,20260427,net_income,10420055459.21,10420055459.21,0.0,True
600887.SH,20260428,net_income,10420055459.21,10420055459.21,0.0,True
600887.SH,20260429,net_income,10420055459.21,10420055459.21,0.0,True
600887.SH,20260430,net_income,5439237769.91,5439237769.91,0.0,True
600887.SH,20260424,revenue,90340548118.19,90340548118.19,0.0,True
600887.SH,20260427,revenue,90340548118.19,90340548118.19,0.0,True
600887.SH,20260428,revenue,90340548118.19,90340548118.19,0.0,True
600887.SH,20260429,revenue,90340548118.19,90340548118.19,0.0,True
600887.SH,20260430,revenue,34741223880.93,34741223880.93,0.0,True
600887.SH,20260424,total_assets,152726359994.44,152726359994.44,0.0,True
600887.SH,20260427,total_assets,152726359994.44,152726359994.44,0.0,True
600887.SH,20260428,total_assets,152726359994.44,152726359994.44,0.0,True
600887.SH,20260429,total_assets,152726359994.44,152726359994.44,0.0,True
600887.SH,20260430,total_assets,156745247869.64,156745247869.64,0.0,True
600887.SH,20260424,equity,56310618404.84,56310618404.84,0.0,True
600887.SH,20260427,equity,56310618404.84,56310618404.84,0.0,True
600887.SH,20260428,equity,56310618404.84,56310618404.84,0.0,True
600887.SH,20260429,equity,56310618404.84,56310618404.84,0.0,True
600887.SH,20260430,equity,59588118155.22,59588118155.22,0.0,True
600887.SH,20260424,op_cashflow,9399863342.62,9399863342.62,0.0,True
600887.SH,20260427,op_cashflow,9399863342.62,9399863342.62,0.0,True
600887.SH,20260428,op_cashflow,9399863342.62,9399863342.62,0.0,True
600887.SH,20260429,op_cashflow,9399863342.62,9399863342.62,0.0,True
600887.SH,20260430,op_cashflow,3734648413.05,3734648413.05,0.0,True
601088.SH,20260424,roe,0.12643700000000002,0.12643700000000002,0.0,True
601088.SH,20260427,roe,2.3971,2.3971,0.0,True
601088.SH,20260428,roe,2.3971,2.3971,0.0,True
601088.SH,20260429,roe,2.3971,2.3971,0.0,True
601088.SH,20260430,roe,2.3971,2.3971,0.0,True
601088.SH,20260424,grossprofit_margin,0.350781,0.350781,0.0,True
601088.SH,20260427,grossprofit_margin,0.328892,0.328892,0.0,True
601088.SH,20260428,grossprofit_margin,0.328892,0.328892,0.0,True
601088.SH,20260429,grossprofit_margin,0.328892,0.328892,0.0,True
601088.SH,20260430,grossprofit_margin,0.328892,0.328892,0.0,True
601088.SH,20260424,debt_to_assets,0.233066,0.233066,0.0,True
601088.SH,20260427,debt_to_assets,0.29031300000000004,0.29031300000000004,0.0,True
601088.SH,20260428,debt_to_assets,0.29031300000000004,0.29031300000000004,0.0,True
601088.SH,20260429,debt_to_assets,0.29031300000000004,0.29031300000000004,0.0,True
601088.SH,20260430,debt_to_assets,0.29031300000000004,0.29031300000000004,0.0,True
601088.SH,20260424,current_ratio,1.6465,1.6465,0.0,True
601088.SH,20260427,current_ratio,0.9902,0.9902,0.0,True
601088.SH,20260428,current_ratio,0.9902,0.9902,0.0,True
601088.SH,20260429,current_ratio,0.9902,0.9902,0.0,True
601088.SH,20260430,current_ratio,0.9902,0.9902,0.0,True
601088.SH,20260424,net_income,62783000000.0,62783000000.0,0.0,True
601088.SH,20260427,net_income,13312000000.0,13312000000.0,0.0,True
601088.SH,20260428,net_income,13312000000.0,13312000000.0,0.0,True
601088.SH,20260429,net_income,13312000000.0,13312000000.0,0.0,True
601088.SH,20260430,net_income,13312000000.0,13312000000.0,0.0,True
601088.SH,20260424,revenue,294916000000.0,294916000000.0,0.0,True
601088.SH,20260427,revenue,70397000000.0,70397000000.0,0.0,True
601088.SH,20260428,revenue,70397000000.0,70397000000.0,0.0,True
601088.SH,20260429,revenue,70397000000.0,70397000000.0,0.0,True
601088.SH,20260430,revenue,70397000000.0,70397000000.0,0.0,True
601088.SH,20260424,total_assets,627761000000.0,627761000000.0,0.0,True
601088.SH,20260427,total_assets,783279000000.0,783279000000.0,0.0,True
601088.SH,20260428,total_assets,783279000000.0,783279000000.0,0.0,True
601088.SH,20260429,total_assets,783279000000.0,783279000000.0,0.0,True
601088.SH,20260430,total_assets,783279000000.0,783279000000.0,0.0,True
601088.SH,20260424,equity,409107000000.0,409107000000.0,0.0,True
601088.SH,20260427,equity,480902000000.0,480902000000.0,0.0,True
601088.SH,20260428,equity,480902000000.0,480902000000.0,0.0,True
601088.SH,20260429,equity,480902000000.0,480902000000.0,0.0,True
601088.SH,20260430,equity,480902000000.0,480902000000.0,0.0,True
601088.SH,20260424,op_cashflow,75059000000.0,75059000000.0,0.0,True
601088.SH,20260427,op_cashflow,17363000000.0,17363000000.0,0.0,True
601088.SH,20260428,op_cashflow,17363000000.0,17363000000.0,0.0,True
601088.SH,20260429,op_cashflow,17363000000.0,17363000000.0,0.0,True
601088.SH,20260430,op_cashflow,17363000000.0,17363000000.0,0.0,True
000338.SZ,20260424,roe,0.121527,0.121527,0.0,True
000338.SZ,20260427,roe,0.121527,0.121527,0.0,True
000338.SZ,20260428,roe,0.121527,0.121527,0.0,True
000338.SZ,20260429,roe,0.121527,0.121527,0.0,True
000338.SZ,20260430,roe,0.032727,0.032727,0.0,True
000338.SZ,20260424,grossprofit_margin,0.214754,0.214754,0.0,True
000338.SZ,20260427,grossprofit_margin,0.214754,0.214754,0.0,True
000338.SZ,20260428,grossprofit_margin,0.214754,0.214754,0.0,True
000338.SZ,20260429,grossprofit_margin,0.214754,0.214754,0.0,True
000338.SZ,20260430,grossprofit_margin,0.21430800000000003,0.21430800000000003,0.0,True
000338.SZ,20260424,debt_to_assets,0.6433450000000001,0.6433450000000001,0.0,True
000338.SZ,20260427,debt_to_assets,0.6433450000000001,0.6433450000000001,0.0,True
000338.SZ,20260428,debt_to_assets,0.6433450000000001,0.6433450000000001,0.0,True
000338.SZ,20260429,debt_to_assets,0.6433450000000001,0.6433450000000001,0.0,True
000338.SZ,20260430,debt_to_assets,0.64157,0.64157,0.0,True
000338.SZ,20260424,current_ratio,1.1547,1.1547,0.0,True
000338.SZ,20260427,current_ratio,1.1547,1.1547,0.0,True
000338.SZ,20260428,current_ratio,1.1547,1.1547,0.0,True
000338.SZ,20260429,current_ratio,1.1547,1.1547,0.0,True
000338.SZ,20260430,current_ratio,1.1971,1.1971,0.0,True
000338.SZ,20260424,net_income,13680319243.39,13680319243.39,0.0,True
000338.SZ,20260427,net_income,13680319243.39,13680319243.39,0.0,True
000338.SZ,20260428,net_income,13680319243.39,13680319243.39,0.0,True
000338.SZ,20260429,net_income,13680319243.39,13680319243.39,0.0,True
000338.SZ,20260430,net_income,3982887083.81,3982887083.81,0.0,True
000338.SZ,20260424,revenue,231809281106.82,231809281106.82,0.0,True
000338.SZ,20260427,revenue,231809281106.82,231809281106.82,0.0,True
000338.SZ,20260428,revenue,231809281106.82,231809281106.82,0.0,True
000338.SZ,20260429,revenue,231809281106.82,231809281106.82,0.0,True
000338.SZ,20260430,revenue,62563208094.63,62563208094.63,0.0,True
000338.SZ,20260424,total_assets,367475596673.66,367475596673.66,0.0,True
000338.SZ,20260427,total_assets,367475596673.66,367475596673.66,0.0,True
000338.SZ,20260428,total_assets,367475596673.66,367475596673.66,0.0,True
000338.SZ,20260429,total_assets,367475596673.66,367475596673.66,0.0,True
000338.SZ,20260430,total_assets,372795976835.51,372795976835.51,0.0,True
000338.SZ,20260424,equity,93190211519.02,93190211519.02,0.0,True
000338.SZ,20260427,equity,93190211519.02,93190211519.02,0.0,True
000338.SZ,20260428,equity,93190211519.02,93190211519.02,0.0,True
000338.SZ,20260429,equity,93190211519.02,93190211519.02,0.0,True
000338.SZ,20260430,equity,95366132816.32,95366132816.32,0.0,True
000338.SZ,20260424,op_cashflow,28681522296.05,28681522296.05,0.0,True
000338.SZ,20260427,op_cashflow,28681522296.05,28681522296.05,0.0,True
000338.SZ,20260428,op_cashflow,28681522296.05,28681522296.05,0.0,True
000338.SZ,20260429,op_cashflow,28681522296.05,28681522296.05,0.0,True
000338.SZ,20260430,op_cashflow,-2716475757.13,-2716475757.13,0.0,True
600309.SH,20260424,roe,0.033843,0.033843,0.0,True
600309.SH,20260427,roe,0.033843,0.033843,0.0,True
600309.SH,20260428,roe,0.033843,0.033843,0.0,True
600309.SH,20260429,roe,0.033843,0.033843,0.0,True
600309.SH,20260430,roe,0.033843,0.033843,0.0,True
600309.SH,20260424,grossprofit_margin,0.14728,0.14728,0.0,True
600309.SH,20260427,grossprofit_margin,0.14728,0.14728,0.0,True
600309.SH,20260428,grossprofit_margin,0.14728,0.14728,0.0,True
600309.SH,20260429,grossprofit_margin,0.14728,0.14728,0.0,True
600309.SH,20260430,grossprofit_margin,0.14728,0.14728,0.0,True
600309.SH,20260424,debt_to_assets,0.6431650000000001,0.6431650000000001,0.0,True
600309.SH,20260427,debt_to_assets,0.6431650000000001,0.6431650000000001,0.0,True
600309.SH,20260428,debt_to_assets,0.6431650000000001,0.6431650000000001,0.0,True
600309.SH,20260429,debt_to_assets,0.6431650000000001,0.6431650000000001,0.0,True
600309.SH,20260430,debt_to_assets,0.6431650000000001,0.6431650000000001,0.0,True
600309.SH,20260424,current_ratio,0.7235,0.7235,0.0,True
600309.SH,20260427,current_ratio,0.7235,0.7235,0.0,True
600309.SH,20260428,current_ratio,0.7235,0.7235,0.0,True
600309.SH,20260429,current_ratio,0.7235,0.7235,0.0,True
600309.SH,20260430,current_ratio,0.7235,0.7235,0.0,True
600309.SH,20260424,net_income,4361669549.16,4361669549.16,0.0,True
600309.SH,20260427,net_income,4361669549.16,4361669549.16,0.0,True
600309.SH,20260428,net_income,4361669549.16,4361669549.16,0.0,True
600309.SH,20260429,net_income,4361669549.16,4361669549.16,0.0,True
600309.SH,20260430,net_income,4361669549.16,4361669549.16,0.0,True
600309.SH,20260424,revenue,54052165361.36,54052165361.36,0.0,True
600309.SH,20260427,revenue,54052165361.36,54052165361.36,0.0,True
600309.SH,20260428,revenue,54052165361.36,54052165361.36,0.0,True
600309.SH,20260429,revenue,54052165361.36,54052165361.36,0.0,True
600309.SH,20260430,revenue,54052165361.36,54052165361.36,0.0,True
600309.SH,20260424,total_assets,347671953729.7,347671953729.7,0.0,True
600309.SH,20260427,total_assets,347671953729.7,347671953729.7,0.0,True
600309.SH,20260428,total_assets,347671953729.7,347671953729.7,0.0,True
600309.SH,20260429,total_assets,347671953729.7,347671953729.7,0.0,True
600309.SH,20260430,total_assets,347671953729.7,347671953729.7,0.0,True
600309.SH,20260424,equity,111399008966.3,111399008966.3,0.0,True
600309.SH,20260427,equity,111399008966.3,111399008966.3,0.0,True
600309.SH,20260428,equity,111399008966.3,111399008966.3,0.0,True
600309.SH,20260429,equity,111399008966.3,111399008966.3,0.0,True
600309.SH,20260430,equity,111399008966.3,111399008966.3,0.0,True
600309.SH,20260424,op_cashflow,6856917190.89,6856917190.89,0.0,True
600309.SH,20260427,op_cashflow,6856917190.89,6856917190.89,0.0,True
600309.SH,20260428,op_cashflow,6856917190.89,6856917190.89,0.0,True
600309.SH,20260429,op_cashflow,6856917190.89,6856917190.89,0.0,True
600309.SH,20260430,op_cashflow,6856917190.89,6856917190.89,0.0,True
600919.SH,20260424,roe,0.095769,0.095769,0.0,True
600919.SH,20260427,roe,0.095769,0.095769,0.0,True
600919.SH,20260428,roe,0.095769,0.095769,0.0,True
600919.SH,20260429,roe,0.031025999999999998,0.031025999999999998,0.0,True
600919.SH,20260430,roe,0.031025999999999998,0.031025999999999998,0.0,True
600919.SH,20260424,debt_to_assets,0.9297270000000001,0.9297270000000001,0.0,True
600919.SH,20260427,debt_to_assets,0.9297270000000001,0.9297270000000001,0.0,True
600919.SH,20260428,debt_to_assets,0.9297270000000001,0.9297270000000001,0.0,True
600919.SH,20260429,debt_to_assets,0.936197,0.936197,0.0,True
600919.SH,20260430,debt_to_assets,0.936197,0.936197,0.0,True
600919.SH,20260424,net_income,31894651000.0,31894651000.0,0.0,True
600919.SH,20260427,net_income,31894651000.0,31894651000.0,0.0,True
600919.SH,20260428,net_income,31894651000.0,31894651000.0,0.0,True
600919.SH,20260429,net_income,10925076000.0,10925076000.0,0.0,True
600919.SH,20260430,net_income,10925076000.0,10925076000.0,0.0,True
600919.SH,20260424,revenue,67182801000.0,67182801000.0,0.0,True
600919.SH,20260427,revenue,67182801000.0,67182801000.0,0.0,True
600919.SH,20260428,revenue,67182801000.0,67182801000.0,0.0,True
600919.SH,20260429,revenue,24180308000.0,24180308000.0,0.0,True
600919.SH,20260430,revenue,24180308000.0,24180308000.0,0.0,True
600919.SH,20260424,total_assets,4927496856000.0,4927496856000.0,0.0,True
600919.SH,20260427,total_assets,4927496856000.0,4927496856000.0,0.0,True
600919.SH,20260428,total_assets,4927496856000.0,4927496856000.0,0.0,True
600919.SH,20260429,total_assets,5581418948000.0,5581418948000.0,0.0,True
600919.SH,20260430,total_assets,5581418948000.0,5581418948000.0,0.0,True
600919.SH,20260424,equity,335086158000.0,335086158000.0,0.0,True
600919.SH,20260427,equity,335086158000.0,335086158000.0,0.0,True
600919.SH,20260428,equity,335086158000.0,335086158000.0,0.0,True
600919.SH,20260429,equity,344186214000.0,344186214000.0,0.0,True
600919.SH,20260430,equity,344186214000.0,344186214000.0,0.0,True
600919.SH,20260424,op_cashflow,401953318000.0,401953318000.0,0.0,True
600919.SH,20260427,op_cashflow,401953318000.0,401953318000.0,0.0,True
600919.SH,20260428,op_cashflow,401953318000.0,401953318000.0,0.0,True
600919.SH,20260429,op_cashflow,301646577000.0,301646577000.0,0.0,True
600919.SH,20260430,op_cashflow,301646577000.0,301646577000.0,0.0,True
688012.SH,20260424,roe,0.099524,0.099524,0.0,True
688012.SH,20260427,roe,0.099524,0.099524,0.0,True
688012.SH,20260428,roe,0.039592,0.039592,0.0,True
688012.SH,20260429,roe,0.039592,0.039592,0.0,True
688012.SH,20260430,roe,0.039592,0.039592,0.0,True
688012.SH,20260424,grossprofit_margin,0.391654,0.391654,0.0,True
688012.SH,20260427,grossprofit_margin,0.391654,0.391654,0.0,True
688012.SH,20260428,grossprofit_margin,0.398926,0.398926,0.0,True
688012.SH,20260429,grossprofit_margin,0.398926,0.398926,0.0,True
688012.SH,20260430,grossprofit_margin,0.398926,0.398926,0.0,True
688012.SH,20260424,debt_to_assets,0.23846299999999998,0.23846299999999998,0.0,True
688012.SH,20260427,debt_to_assets,0.23846299999999998,0.23846299999999998,0.0,True
688012.SH,20260428,debt_to_assets,0.22175599999999998,0.22175599999999998,0.0,True
688012.SH,20260429,debt_to_assets,0.22175599999999998,0.22175599999999998,0.0,True
688012.SH,20260430,debt_to_assets,0.22175599999999998,0.22175599999999998,0.0,True
688012.SH,20260424,current_ratio,3.0529,3.0529,0.0,True
688012.SH,20260427,current_ratio,3.0529,3.0529,0.0,True
688012.SH,20260428,current_ratio,3.2312,3.2312,0.0,True
688012.SH,20260429,current_ratio,3.2312,3.2312,0.0,True
688012.SH,20260430,current_ratio,3.2312,3.2312,0.0,True
688012.SH,20260424,net_income,2064217331.64,2064217331.64,0.0,True
688012.SH,20260427,net_income,2064217331.64,2064217331.64,0.0,True
688012.SH,20260428,net_income,918439904.12,918439904.12,0.0,True
688012.SH,20260429,net_income,918439904.12,918439904.12,0.0,True
688012.SH,20260430,net_income,918439904.12,918439904.12,0.0,True
688012.SH,20260424,revenue,12384638268.11,12384638268.11,0.0,True
688012.SH,20260427,revenue,12384638268.11,12384638268.11,0.0,True
688012.SH,20260428,revenue,2914986518.73,2914986518.73,0.0,True
688012.SH,20260429,revenue,2914986518.73,2914986518.73,0.0,True
688012.SH,20260430,revenue,2914986518.73,2914986518.73,0.0,True
688012.SH,20260424,total_assets,29846018981.43,29846018981.43,0.0,True
688012.SH,20260427,total_assets,29846018981.43,29846018981.43,0.0,True
688012.SH,20260428,total_assets,31270377655.77,31270377655.77,0.0,True
688012.SH,20260429,total_assets,31270377655.77,31270377655.77,0.0,True
688012.SH,20260430,total_assets,31270377655.77,31270377655.77,0.0,True
688012.SH,20260424,equity,22694616797.16,22694616797.16,0.0,True
688012.SH,20260427,equity,22694616797.16,22694616797.16,0.0,True
688012.SH,20260428,equity,24309292593.59,24309292593.59,0.0,True
688012.SH,20260429,equity,24309292593.59,24309292593.59,0.0,True
688012.SH,20260430,equity,24309292593.59,24309292593.59,0.0,True
688012.SH,20260424,op_cashflow,2295352919.08,2295352919.08,0.0,True
688012.SH,20260427,op_cashflow,2295352919.08,2295352919.08,0.0,True
688012.SH,20260428,op_cashflow,-158726143.08,-158726143.08,0.0,True
688012.SH,20260429,op_cashflow,-158726143.08,-158726143.08,0.0,True
688012.SH,20260430,op_cashflow,-158726143.08,-158726143.08,0.0,True
603993.SH,20260424,roe,0.26507200000000003,0.26507200000000003,0.0,True
603993.SH,20260427,roe,0.090447,0.090447,0.0,True
603993.SH,20260428,roe,0.090447,0.090447,0.0,True
603993.SH,20260429,roe,0.090447,0.090447,0.0,True
603993.SH,20260430,roe,0.090447,0.090447,0.0,True
603993.SH,20260424,grossprofit_margin,0.239275,0.239275,0.0,True
603993.SH,20260427,grossprofit_margin,0.22884899999999997,0.22884899999999997,0.0,True
603993.SH,20260428,grossprofit_margin,0.22884899999999997,0.22884899999999997,0.0,True
603993.SH,20260429,grossprofit_margin,0.22884899999999997,0.22884899999999997,0.0,True
603993.SH,20260430,grossprofit_margin,0.22884899999999997,0.22884899999999997,0.0,True
603993.SH,20260424,debt_to_assets,0.503382,0.503382,0.0,True
603993.SH,20260427,debt_to_assets,0.520303,0.520303,0.0,True
603993.SH,20260428,debt_to_assets,0.520303,0.520303,0.0,True
603993.SH,20260429,debt_to_assets,0.520303,0.520303,0.0,True
603993.SH,20260430,debt_to_assets,0.520303,0.520303,0.0,True
603993.SH,20260424,current_ratio,1.5521,1.5521,0.0,True
603993.SH,20260427,current_ratio,1.4384,1.4384,0.0,True
603993.SH,20260428,current_ratio,1.4384,1.4384,0.0,True
603993.SH,20260429,current_ratio,1.4384,1.4384,0.0,True
603993.SH,20260430,current_ratio,1.4384,1.4384,0.0,True
603993.SH,20260424,net_income,24027407307.59,24027407307.59,0.0,True
603993.SH,20260427,net_income,8823576731.21,8823576731.21,0.0,True
603993.SH,20260428,net_income,8823576731.21,8823576731.21,0.0,True
603993.SH,20260429,net_income,8823576731.21,8823576731.21,0.0,True
603993.SH,20260430,net_income,8823576731.21,8823576731.21,0.0,True
603993.SH,20260424,revenue,206683649050.43,206683649050.43,0.0,True
603993.SH,20260427,revenue,66403195123.35,66403195123.35,0.0,True
603993.SH,20260428,revenue,66403195123.35,66403195123.35,0.0,True
603993.SH,20260429,revenue,66403195123.35,66403195123.35,0.0,True
603993.SH,20260430,revenue,66403195123.35,66403195123.35,0.0,True
603993.SH,20260424,total_assets,200932364610.99,200932364610.99,0.0,True
603993.SH,20260427,total_assets,223690336596.37,223690336596.37,0.0,True
603993.SH,20260428,total_assets,223690336596.37,223690336596.37,0.0,True
603993.SH,20260429,total_assets,223690336596.37,223690336596.37,0.0,True
603993.SH,20260430,total_assets,223690336596.37,223690336596.37,0.0,True
603993.SH,20260424,equity,82435342286.07,82435342286.07,0.0,True
603993.SH,20260427,equity,89158194012.46,89158194012.46,0.0,True
603993.SH,20260428,equity,89158194012.46,89158194012.46,0.0,True
603993.SH,20260429,equity,89158194012.46,89158194012.46,0.0,True
603993.SH,20260430,equity,89158194012.46,89158194012.46,0.0,True
603993.SH,20260424,op_cashflow,20843060708.78,20843060708.78,0.0,True
603993.SH,20260427,op_cashflow,11329218827.44,11329218827.44,0.0,True
603993.SH,20260428,op_cashflow,11329218827.44,11329218827.44,0.0,True
603993.SH,20260429,op_cashflow,11329218827.44,11329218827.44,0.0,True
603993.SH,20260430,op_cashflow,11329218827.44,11329218827.44,0.0,True
000725.SZ,20260424,roe,0.043803999999999996,0.043803999999999996,0.0,True
000725.SZ,20260427,roe,0.043803999999999996,0.043803999999999996,0.0,True
000725.SZ,20260428,roe,0.043803999999999996,0.043803999999999996,0.0,True
000725.SZ,20260429,roe,0.043803999999999996,0.043803999999999996,0.0,True
000725.SZ,20260430,roe,1.2619,1.2619,0.0,True
000725.SZ,20260424,grossprofit_margin,0.156352,0.156352,0.0,True
000725.SZ,20260427,grossprofit_margin,0.156352,0.156352,0.0,True
000725.SZ,20260428,grossprofit_margin,0.156352,0.156352,0.0,True
000725.SZ,20260429,grossprofit_margin,0.156352,0.156352,0.0,True
000725.SZ,20260430,grossprofit_margin,0.155957,0.155957,0.0,True
000725.SZ,20260424,debt_to_assets,0.524551,0.524551,0.0,True
000725.SZ,20260427,debt_to_assets,0.524551,0.524551,0.0,True
000725.SZ,20260428,debt_to_assets,0.524551,0.524551,0.0,True
000725.SZ,20260429,debt_to_assets,0.524551,0.524551,0.0,True
000725.SZ,20260430,debt_to_assets,0.519161,0.519161,0.0,True
000725.SZ,20260424,current_ratio,1.3993,1.3993,0.0,True
000725.SZ,20260427,current_ratio,1.3993,1.3993,0.0,True
000725.SZ,20260428,current_ratio,1.3993,1.3993,0.0,True
000725.SZ,20260429,current_ratio,1.3993,1.3993,0.0,True
000725.SZ,20260430,current_ratio,1.4253,1.4253,0.0,True
000725.SZ,20260424,net_income,5027373569.0,5027373569.0,0.0,True
000725.SZ,20260427,net_income,5027373569.0,5027373569.0,0.0,True
000725.SZ,20260428,net_income,5027373569.0,5027373569.0,0.0,True
000725.SZ,20260429,net_income,5027373569.0,5027373569.0,0.0,True
000725.SZ,20260430,net_income,1709087317.0,1709087317.0,0.0,True
000725.SZ,20260424,revenue,204590222888.0,204590222888.0,0.0,True
000725.SZ,20260427,revenue,204590222888.0,204590222888.0,0.0,True
000725.SZ,20260428,revenue,204590222888.0,204590222888.0,0.0,True
000725.SZ,20260429,revenue,204590222888.0,204590222888.0,0.0,True
000725.SZ,20260430,revenue,51001263370.0,51001263370.0,0.0,True
000725.SZ,20260424,total_assets,436378322803.0,436378322803.0,0.0,True
000725.SZ,20260427,total_assets,436378322803.0,436378322803.0,0.0,True
000725.SZ,20260428,total_assets,436378322803.0,436378322803.0,0.0,True
000725.SZ,20260429,total_assets,436378322803.0,436378322803.0,0.0,True
000725.SZ,20260430,total_assets,437705366743.0,437705366743.0,0.0,True
000725.SZ,20260424,equity,134478628806.0,134478628806.0,0.0,True
000725.SZ,20260427,equity,134478628806.0,134478628806.0,0.0,True
000725.SZ,20260428,equity,134478628806.0,134478628806.0,0.0,True
000725.SZ,20260429,equity,134478628806.0,134478628806.0,0.0,True
000725.SZ,20260430,equity,136096934128.0,136096934128.0,0.0,True
000725.SZ,20260424,op_cashflow,48824555674.0,48824555674.0,0.0,True
000725.SZ,20260427,op_cashflow,48824555674.0,48824555674.0,0.0,True
000725.SZ,20260428,op_cashflow,48824555674.0,48824555674.0,0.0,True
000725.SZ,20260429,op_cashflow,48824555674.0,48824555674.0,0.0,True
000725.SZ,20260430,op_cashflow,12299498803.0,12299498803.0,0.0,True
601816.SH,20260424,roe,0.064329,0.064329,0.0,True
601816.SH,20260427,roe,0.064329,0.064329,0.0,True
601816.SH,20260428,roe,0.064329,0.064329,0.0,True
601816.SH,20260429,roe,0.064329,0.064329,0.0,True
601816.SH,20260430,roe,1.5054,1.5054,0.0,True
601816.SH,20260424,grossprofit_margin,0.46881300000000004,0.46881300000000004,0.0,True
601816.SH,20260427,grossprofit_margin,0.46881300000000004,0.46881300000000004,0.0,True
601816.SH,20260428,grossprofit_margin,0.46881300000000004,0.46881300000000004,0.0,True
601816.SH,20260429,grossprofit_margin,0.46881300000000004,0.46881300000000004,0.0,True
601816.SH,20260430,grossprofit_margin,0.458189,0.458189,0.0,True
601816.SH,20260424,debt_to_assets,0.20125099999999999,0.20125099999999999,0.0,True
601816.SH,20260427,debt_to_assets,0.20125099999999999,0.20125099999999999,0.0,True
601816.SH,20260428,debt_to_assets,0.20125099999999999,0.20125099999999999,0.0,True
601816.SH,20260429,debt_to_assets,0.20125099999999999,0.20125099999999999,0.0,True
601816.SH,20260430,debt_to_assets,0.197654,0.197654,0.0,True
601816.SH,20260424,current_ratio,1.8325,1.8325,0.0,True
601816.SH,20260427,current_ratio,1.8325,1.8325,0.0,True
601816.SH,20260428,current_ratio,1.8325,1.8325,0.0,True
601816.SH,20260429,current_ratio,1.8325,1.8325,0.0,True
601816.SH,20260430,current_ratio,1.8363,1.8363,0.0,True
601816.SH,20260424,net_income,13204724664.79,13204724664.79,0.0,True
601816.SH,20260427,net_income,13204724664.79,13204724664.79,0.0,True
601816.SH,20260428,net_income,13204724664.79,13204724664.79,0.0,True
601816.SH,20260429,net_income,13204724664.79,13204724664.79,0.0,True
601816.SH,20260430,net_income,3190270541.11,3190270541.11,0.0,True
601816.SH,20260424,revenue,43062041486.98,43062041486.98,0.0,True
601816.SH,20260427,revenue,43062041486.98,43062041486.98,0.0,True
601816.SH,20260428,revenue,43062041486.98,43062041486.98,0.0,True
601816.SH,20260429,revenue,43062041486.98,43062041486.98,0.0,True
601816.SH,20260430,revenue,10559383280.69,10559383280.69,0.0,True
601816.SH,20260424,total_assets,287938421202.66,287938421202.66,0.0,True
601816.SH,20260427,total_assets,287938421202.66,287938421202.66,0.0,True
601816.SH,20260428,total_assets,287938421202.66,287938421202.66,0.0,True
601816.SH,20260429,total_assets,287938421202.66,287938421202.66,0.0,True
601816.SH,20260430,total_assets,290814830095.35,290814830095.35,0.0,True
601816.SH,20260424,equity,207113561738.25,207113561738.25,0.0,True
601816.SH,20260427,equity,207113561738.25,207113561738.25,0.0,True
601816.SH,20260428,equity,207113561738.25,207113561738.25,0.0,True
601816.SH,20260429,equity,207113561738.25,207113561738.25,0.0,True
601816.SH,20260430,equity,210403937734.64,210403937734.64,0.0,True
601816.SH,20260424,op_cashflow,21204669893.36,21204669893.36,0.0,True
601816.SH,20260427,op_cashflow,21204669893.36,21204669893.36,0.0,True
601816.SH,20260428,op_cashflow,21204669893.36,21204669893.36,0.0,True
601816.SH,20260429,op_cashflow,21204669893.36,21204669893.36,0.0,True
601816.SH,20260430,op_cashflow,4423061145.16,4423061145.16,0.0,True
300394.SZ,20260424,roe,0.085709,0.085709,0.0,True
300394.SZ,20260427,roe,0.085709,0.085709,0.0,True
300394.SZ,20260428,roe,0.085709,0.085709,0.0,True
300394.SZ,20260429,roe,0.085709,0.085709,0.0,True
300394.SZ,20260430,roe,0.085709,0.085709,0.0,True
300394.SZ,20260424,grossprofit_margin,0.5660390000000001,0.5660390000000001,0.0,True
300394.SZ,20260427,grossprofit_margin,0.5660390000000001,0.5660390000000001,0.0,True
300394.SZ,20260428,grossprofit_margin,0.5660390000000001,0.5660390000000001,0.0,True
300394.SZ,20260429,grossprofit_margin,0.5660390000000001,0.5660390000000001,0.0,True
300394.SZ,20260430,grossprofit_margin,0.5660390000000001,0.5660390000000001,0.0,True
300394.SZ,20260424,debt_to_assets,0.14254,0.14254,0.0,True
300394.SZ,20260427,debt_to_assets,0.14254,0.14254,0.0,True
300394.SZ,20260428,debt_to_assets,0.14254,0.14254,0.0,True
300394.SZ,20260429,debt_to_assets,0.14254,0.14254,0.0,True
300394.SZ,20260430,debt_to_assets,0.14254,0.14254,0.0,True
300394.SZ,20260424,current_ratio,5.4471,5.4471,0.0,True
300394.SZ,20260427,current_ratio,5.4471,5.4471,0.0,True
300394.SZ,20260428,current_ratio,5.4471,5.4471,0.0,True
300394.SZ,20260429,current_ratio,5.4471,5.4471,0.0,True
300394.SZ,20260430,current_ratio,5.4471,5.4471,0.0,True
300394.SZ,20260424,net_income,492269821.58,492269821.58,0.0,True
300394.SZ,20260427,net_income,492269821.58,492269821.58,0.0,True
300394.SZ,20260428,net_income,492269821.58,492269821.58,0.0,True
300394.SZ,20260429,net_income,492269821.58,492269821.58,0.0,True
300394.SZ,20260430,net_income,492269821.58,492269821.58,0.0,True
300394.SZ,20260424,revenue,1330270175.36,1330270175.36,0.0,True
300394.SZ,20260427,revenue,1330270175.36,1330270175.36,0.0,True
300394.SZ,20260428,revenue,1330270175.36,1330270175.36,0.0,True
300394.SZ,20260429,revenue,1330270175.36,1330270175.36,0.0,True
300394.SZ,20260430,revenue,1330270175.36,1330270175.36,0.0,True
300394.SZ,20260424,total_assets,6981677447.38,6981677447.38,0.0,True
300394.SZ,20260427,total_assets,6981677447.38,6981677447.38,0.0,True
300394.SZ,20260428,total_assets,6981677447.38,6981677447.38,0.0,True
300394.SZ,20260429,total_assets,6981677447.38,6981677447.38,0.0,True
300394.SZ,20260430,total_assets,6981677447.38,6981677447.38,0.0,True
300394.SZ,20260424,equity,5979870333.53,5979870333.53,0.0,True
300394.SZ,20260427,equity,5979870333.53,5979870333.53,0.0,True
300394.SZ,20260428,equity,5979870333.53,5979870333.53,0.0,True
300394.SZ,20260429,equity,5979870333.53,5979870333.53,0.0,True
300394.SZ,20260430,equity,5979870333.53,5979870333.53,0.0,True
300394.SZ,20260424,op_cashflow,182277065.44,182277065.44,0.0,True
300394.SZ,20260427,op_cashflow,182277065.44,182277065.44,0.0,True
300394.SZ,20260428,op_cashflow,182277065.44,182277065.44,0.0,True
300394.SZ,20260429,op_cashflow,182277065.44,182277065.44,0.0,True
300394.SZ,20260430,op_cashflow,182277065.44,182277065.44,0.0,True
601857.SH,20260424,roe,0.101438,0.101438,0.0,True
601857.SH,20260427,roe,0.101438,0.101438,0.0,True
601857.SH,20260428,roe,0.101438,0.101438,0.0,True
601857.SH,20260429,roe,0.101438,0.101438,0.0,True
601857.SH,20260430,roe,0.030108000000000003,0.030108000000000003,0.0,True
601857.SH,20260424,grossprofit_margin,0.215868,0.215868,0.0,True
601857.SH,20260427,grossprofit_margin,0.215868,0.215868,0.0,True
601857.SH,20260428,grossprofit_margin,0.215868,0.215868,0.0,True
601857.SH,20260429,grossprofit_margin,0.215868,0.215868,0.0,True
601857.SH,20260430,grossprofit_margin,0.229241,0.229241,0.0,True
601857.SH,20260424,debt_to_assets,0.363671,0.363671,0.0,True
601857.SH,20260427,debt_to_assets,0.363671,0.363671,0.0,True
601857.SH,20260428,debt_to_assets,0.363671,0.363671,0.0,True
601857.SH,20260429,debt_to_assets,0.363671,0.363671,0.0,True
601857.SH,20260430,debt_to_assets,0.395841,0.395841,0.0,True
601857.SH,20260424,current_ratio,1.1049,1.1049,0.0,True
601857.SH,20260427,current_ratio,1.1049,1.1049,0.0,True
601857.SH,20260428,current_ratio,1.1049,1.1049,0.0,True
601857.SH,20260429,current_ratio,1.1049,1.1049,0.0,True
601857.SH,20260430,current_ratio,1.1334,1.1334,0.0,True
601857.SH,20260424,net_income,172005000000.0,172005000000.0,0.0,True
601857.SH,20260427,net_income,172005000000.0,172005000000.0,0.0,True
601857.SH,20260428,net_income,172005000000.0,172005000000.0,0.0,True
601857.SH,20260429,net_income,172005000000.0,172005000000.0,0.0,True
601857.SH,20260430,net_income,53477000000.0,53477000000.0,0.0,True
601857.SH,20260424,revenue,2864469000000.0,2864469000000.0,0.0,True
601857.SH,20260427,revenue,2864469000000.0,2864469000000.0,0.0,True
601857.SH,20260428,revenue,2864469000000.0,2864469000000.0,0.0,True
601857.SH,20260429,revenue,2864469000000.0,2864469000000.0,0.0,True
601857.SH,20260430,revenue,736383000000.0,736383000000.0,0.0,True
601857.SH,20260424,total_assets,2828017000000.0,2828017000000.0,0.0,True
601857.SH,20260427,total_assets,2828017000000.0,2828017000000.0,0.0,True
601857.SH,20260428,total_assets,2828017000000.0,2828017000000.0,0.0,True
601857.SH,20260429,total_assets,2828017000000.0,2828017000000.0,0.0,True
601857.SH,20260430,total_assets,3038549000000.0,3038549000000.0,0.0,True
601857.SH,20260424,equity,1586061000000.0,1586061000000.0,0.0,True
601857.SH,20260427,equity,1586061000000.0,1586061000000.0,0.0,True
601857.SH,20260428,equity,1586061000000.0,1586061000000.0,0.0,True
601857.SH,20260429,equity,1586061000000.0,1586061000000.0,0.0,True
601857.SH,20260430,equity,1624532000000.0,1624532000000.0,0.0,True
601857.SH,20260424,op_cashflow,412510000000.0,412510000000.0,0.0,True
601857.SH,20260427,op_cashflow,412510000000.0,412510000000.0,0.0,True
601857.SH,20260428,op_cashflow,412510000000.0,412510000000.0,0.0,True
601857.SH,20260429,op_cashflow,412510000000.0,412510000000.0,0.0,True
601857.SH,20260430,op_cashflow,84472000000.0,84472000000.0,0.0,True
002463.SZ,20260424,roe,0.07786699999999999,0.07786699999999999,0.0,True
002463.SZ,20260427,roe,0.07786699999999999,0.07786699999999999,0.0,True
002463.SZ,20260428,roe,0.07786699999999999,0.07786699999999999,0.0,True
002463.SZ,20260429,roe,0.07786699999999999,0.07786699999999999,0.0,True
002463.SZ,20260430,roe,0.07786699999999999,0.07786699999999999,0.0,True
002463.SZ,20260424,grossprofit_margin,0.356324,0.356324,0.0,True
002463.SZ,20260427,grossprofit_margin,0.356324,0.356324,0.0,True
002463.SZ,20260428,grossprofit_margin,0.356324,0.356324,0.0,True
002463.SZ,20260429,grossprofit_margin,0.356324,0.356324,0.0,True
002463.SZ,20260430,grossprofit_margin,0.356324,0.356324,0.0,True
002463.SZ,20260424,debt_to_assets,0.48643099999999995,0.48643099999999995,0.0,True
002463.SZ,20260427,debt_to_assets,0.48643099999999995,0.48643099999999995,0.0,True
002463.SZ,20260428,debt_to_assets,0.48643099999999995,0.48643099999999995,0.0,True
002463.SZ,20260429,debt_to_assets,0.48643099999999995,0.48643099999999995,0.0,True
002463.SZ,20260430,debt_to_assets,0.48643099999999995,0.48643099999999995,0.0,True
002463.SZ,20260424,current_ratio,1.4845,1.4845,0.0,True
002463.SZ,20260427,current_ratio,1.4845,1.4845,0.0,True
002463.SZ,20260428,current_ratio,1.4845,1.4845,0.0,True
002463.SZ,20260429,current_ratio,1.4845,1.4845,0.0,True
002463.SZ,20260430,current_ratio,1.4845,1.4845,0.0,True
002463.SZ,20260424,net_income,1241439745.0,1241439745.0,0.0,True
002463.SZ,20260427,net_income,1241439745.0,1241439745.0,0.0,True
002463.SZ,20260428,net_income,1241439745.0,1241439745.0,0.0,True
002463.SZ,20260429,net_income,1241439745.0,1241439745.0,0.0,True
002463.SZ,20260430,net_income,1241439745.0,1241439745.0,0.0,True
002463.SZ,20260424,revenue,6214156406.0,6214156406.0,0.0,True
002463.SZ,20260427,revenue,6214156406.0,6214156406.0,0.0,True
002463.SZ,20260428,revenue,6214156406.0,6214156406.0,0.0,True
002463.SZ,20260429,revenue,6214156406.0,6214156406.0,0.0,True
002463.SZ,20260430,revenue,6214156406.0,6214156406.0,0.0,True
002463.SZ,20260424,total_assets,32720019199.0,32720019199.0,0.0,True
002463.SZ,20260427,total_assets,32720019199.0,32720019199.0,0.0,True
002463.SZ,20260428,total_assets,32720019199.0,32720019199.0,0.0,True
002463.SZ,20260429,total_assets,32720019199.0,32720019199.0,0.0,True
002463.SZ,20260430,total_assets,32720019199.0,32720019199.0,0.0,True
002463.SZ,20260424,equity,16789869984.0,16789869984.0,0.0,True
002463.SZ,20260427,equity,16789869984.0,16789869984.0,0.0,True
002463.SZ,20260428,equity,16789869984.0,16789869984.0,0.0,True
002463.SZ,20260429,equity,16789869984.0,16789869984.0,0.0,True
002463.SZ,20260430,equity,16789869984.0,16789869984.0,0.0,True
002463.SZ,20260424,op_cashflow,511016585.0,511016585.0,0.0,True
002463.SZ,20260427,op_cashflow,511016585.0,511016585.0,0.0,True
002463.SZ,20260428,op_cashflow,511016585.0,511016585.0,0.0,True
002463.SZ,20260429,op_cashflow,511016585.0,511016585.0,0.0,True
002463.SZ,20260430,op_cashflow,511016585.0,511016585.0,0.0,True
603019.SH,20260424,roe,0.102089,0.102089,0.0,True
603019.SH,20260427,roe,1.0174,1.0174,0.0,True
603019.SH,20260428,roe,1.0174,1.0174,0.0,True
603019.SH,20260429,roe,1.0174,1.0174,0.0,True
603019.SH,20260430,roe,1.0174,1.0174,0.0,True
603019.SH,20260424,grossprofit_margin,0.305835,0.305835,0.0,True
603019.SH,20260427,grossprofit_margin,0.265575,0.265575,0.0,True
603019.SH,20260428,grossprofit_margin,0.265575,0.265575,0.0,True
603019.SH,20260429,grossprofit_margin,0.265575,0.265575,0.0,True
603019.SH,20260430,grossprofit_margin,0.265575,0.265575,0.0,True
603019.SH,20260424,debt_to_assets,0.436713,0.436713,0.0,True
603019.SH,20260427,debt_to_assets,0.411353,0.411353,0.0,True
603019.SH,20260428,debt_to_assets,0.411353,0.411353,0.0,True
603019.SH,20260429,debt_to_assets,0.411353,0.411353,0.0,True
603019.SH,20260430,debt_to_assets,0.411353,0.411353,0.0,True
603019.SH,20260424,current_ratio,1.8339,1.8339,0.0,True
603019.SH,20260427,current_ratio,2.1189,2.1189,0.0,True
603019.SH,20260428,current_ratio,2.1189,2.1189,0.0,True
603019.SH,20260429,current_ratio,2.1189,2.1189,0.0,True
603019.SH,20260430,current_ratio,2.1189,2.1189,0.0,True
603019.SH,20260424,net_income,2157667919.43,2157667919.43,0.0,True
603019.SH,20260427,net_income,191957983.15,191957983.15,0.0,True
603019.SH,20260428,net_income,191957983.15,191957983.15,0.0,True
603019.SH,20260429,net_income,191957983.15,191957983.15,0.0,True
603019.SH,20260430,net_income,191957983.15,191957983.15,0.0,True
603019.SH,20260424,revenue,14963644356.95,14963644356.95,0.0,True
603019.SH,20260427,revenue,3199430492.82,3199430492.82,0.0,True
603019.SH,20260428,revenue,3199430492.82,3199430492.82,0.0,True
603019.SH,20260429,revenue,3199430492.82,3199430492.82,0.0,True
603019.SH,20260430,revenue,3199430492.82,3199430492.82,0.0,True
603019.SH,20260424,total_assets,40953741117.01,40953741117.01,0.0,True
603019.SH,20260427,total_assets,39337159471.0,39337159471.0,0.0,True
603019.SH,20260428,total_assets,39337159471.0,39337159471.0,0.0,True
603019.SH,20260429,total_assets,39337159471.0,39337159471.0,0.0,True
603019.SH,20260430,total_assets,39337159471.0,39337159471.0,0.0,True
603019.SH,20260424,equity,22233220050.15,22233220050.15,0.0,True
603019.SH,20260427,equity,22555729999.32,22555729999.32,0.0,True
603019.SH,20260428,equity,22555729999.32,22555729999.32,0.0,True
603019.SH,20260429,equity,22555729999.32,22555729999.32,0.0,True
603019.SH,20260430,equity,22555729999.32,22555729999.32,0.0,True
603019.SH,20260424,op_cashflow,1313355634.49,1313355634.49,0.0,True
603019.SH,20260427,op_cashflow,-1390698665.3,-1390698665.3,0.0,True
603019.SH,20260428,op_cashflow,-1390698665.3,-1390698665.3,0.0,True
603019.SH,20260429,op_cashflow,-1390698665.3,-1390698665.3,0.0,True
603019.SH,20260430,op_cashflow,-1390698665.3,-1390698665.3,0.0,True
600089.SH,20260424,roe,0.083963,0.083963,0.0,True
600089.SH,20260427,roe,0.083963,0.083963,0.0,True
600089.SH,20260428,roe,0.083963,0.083963,0.0,True
600089.SH,20260429,roe,0.083963,0.083963,0.0,True
600089.SH,20260430,roe,2.4026,2.4026,0.0,True
600089.SH,20260424,grossprofit_margin,0.188024,0.188024,0.0,True
600089.SH,20260427,grossprofit_margin,0.188024,0.188024,0.0,True
600089.SH,20260428,grossprofit_margin,0.188024,0.188024,0.0,True
600089.SH,20260429,grossprofit_margin,0.188024,0.188024,0.0,True
600089.SH,20260430,grossprofit_margin,0.211192,0.211192,0.0,True
600089.SH,20260424,debt_to_assets,0.556002,0.556002,0.0,True
600089.SH,20260427,debt_to_assets,0.556002,0.556002,0.0,True
600089.SH,20260428,debt_to_assets,0.556002,0.556002,0.0,True
600089.SH,20260429,debt_to_assets,0.556002,0.556002,0.0,True
600089.SH,20260430,debt_to_assets,0.5657650000000001,0.5657650000000001,0.0,True
600089.SH,20260424,current_ratio,1.1456,1.1456,0.0,True
600089.SH,20260427,current_ratio,1.1456,1.1456,0.0,True
600089.SH,20260428,current_ratio,1.1456,1.1456,0.0,True
600089.SH,20260429,current_ratio,1.1456,1.1456,0.0,True
600089.SH,20260430,current_ratio,1.2129,1.2129,0.0,True
600089.SH,20260424,net_income,6000983412.25,6000983412.25,0.0,True
600089.SH,20260427,net_income,6000983412.25,6000983412.25,0.0,True
600089.SH,20260428,net_income,6000983412.25,6000983412.25,0.0,True
600089.SH,20260429,net_income,6000983412.25,6000983412.25,0.0,True
600089.SH,20260430,net_income,2141208723.92,2141208723.92,0.0,True
600089.SH,20260424,revenue,97226538368.58,97226538368.58,0.0,True
600089.SH,20260427,revenue,97226538368.58,97226538368.58,0.0,True
600089.SH,20260428,revenue,97226538368.58,97226538368.58,0.0,True
600089.SH,20260429,revenue,97226538368.58,97226538368.58,0.0,True
600089.SH,20260430,revenue,24946054529.83,24946054529.83,0.0,True
600089.SH,20260424,total_assets,227150381638.59,227150381638.59,0.0,True
600089.SH,20260427,total_assets,227150381638.59,227150381638.59,0.0,True
600089.SH,20260428,total_assets,227150381638.59,227150381638.59,0.0,True
600089.SH,20260429,total_assets,227150381638.59,227150381638.59,0.0,True
600089.SH,20260430,total_assets,241402698649.1,241402698649.1,0.0,True
600089.SH,20260424,equity,74391821610.86,74391821610.86,0.0,True
600089.SH,20260427,equity,74391821610.86,74391821610.86,0.0,True
600089.SH,20260428,equity,74391821610.86,74391821610.86,0.0,True
600089.SH,20260429,equity,74391821610.86,74391821610.86,0.0,True
600089.SH,20260430,equity,76656176553.67,76656176553.67,0.0,True
600089.SH,20260424,op_cashflow,9330630988.81,9330630988.81,0.0,True
600089.SH,20260427,op_cashflow,9330630988.81,9330630988.81,0.0,True
600089.SH,20260428,op_cashflow,9330630988.81,9330630988.81,0.0,True
600089.SH,20260429,op_cashflow,9330630988.81,9330630988.81,0.0,True
600089.SH,20260430,op_cashflow,527405267.24,527405267.24,0.0,True
600111.SH,20260424,roe,0.09561,0.09561,0.0,True
600111.SH,20260427,roe,0.09561,0.09561,0.0,True
600111.SH,20260428,roe,0.09561,0.09561,0.0,True
600111.SH,20260429,roe,0.036531,0.036531,0.0,True
600111.SH,20260430,roe,0.036531,0.036531,0.0,True
600111.SH,20260424,grossprofit_margin,0.122073,0.122073,0.0,True
600111.SH,20260427,grossprofit_margin,0.122073,0.122073,0.0,True
600111.SH,20260428,grossprofit_margin,0.122073,0.122073,0.0,True
600111.SH,20260429,grossprofit_margin,0.132238,0.132238,0.0,True
600111.SH,20260430,grossprofit_margin,0.132238,0.132238,0.0,True
600111.SH,20260424,debt_to_assets,0.35885100000000003,0.35885100000000003,0.0,True
600111.SH,20260427,debt_to_assets,0.35885100000000003,0.35885100000000003,0.0,True
600111.SH,20260428,debt_to_assets,0.35885100000000003,0.35885100000000003,0.0,True
600111.SH,20260429,debt_to_assets,0.368313,0.368313,0.0,True
600111.SH,20260430,debt_to_assets,0.368313,0.368313,0.0,True
600111.SH,20260424,current_ratio,2.7278,2.7278,0.0,True
600111.SH,20260427,current_ratio,2.7278,2.7278,0.0,True
600111.SH,20260428,current_ratio,2.7278,2.7278,0.0,True
600111.SH,20260429,current_ratio,2.5747,2.5747,0.0,True
600111.SH,20260430,current_ratio,2.5747,2.5747,0.0,True
600111.SH,20260424,net_income,2858805350.72,2858805350.72,0.0,True
600111.SH,20260427,net_income,2858805350.72,2858805350.72,0.0,True
600111.SH,20260428,net_income,2858805350.72,2858805350.72,0.0,True
600111.SH,20260429,net_income,1047148420.38,1047148420.38,0.0,True
600111.SH,20260430,net_income,1047148420.38,1047148420.38,0.0,True
600111.SH,20260424,revenue,42563083233.34,42563083233.34,0.0,True
600111.SH,20260427,revenue,42563083233.34,42563083233.34,0.0,True
600111.SH,20260428,revenue,42563083233.34,42563083233.34,0.0,True
600111.SH,20260429,revenue,11858916345.03,11858916345.03,0.0,True
600111.SH,20260430,revenue,11858916345.03,11858916345.03,0.0,True
600111.SH,20260424,total_assets,48127817177.89,48127817177.89,0.0,True
600111.SH,20260427,total_assets,48127817177.89,48127817177.89,0.0,True
600111.SH,20260428,total_assets,48127817177.89,48127817177.89,0.0,True
600111.SH,20260429,total_assets,50525574891.71,50525574891.71,0.0,True
600111.SH,20260430,total_assets,50525574891.71,50525574891.71,0.0,True
600111.SH,20260424,equity,24660969712.52,24660969712.52,0.0,True
600111.SH,20260427,equity,24660969712.52,24660969712.52,0.0,True
600111.SH,20260428,equity,24660969712.52,24660969712.52,0.0,True
600111.SH,20260429,equity,25583482690.4,25583482690.4,0.0,True
600111.SH,20260430,equity,25583482690.4,25583482690.4,0.0,True
600111.SH,20260424,op_cashflow,1114870322.24,1114870322.24,0.0,True
600111.SH,20260427,op_cashflow,1114870322.24,1114870322.24,0.0,True
600111.SH,20260428,op_cashflow,1114870322.24,1114870322.24,0.0,True
600111.SH,20260429,op_cashflow,-271779037.32,-271779037.32,0.0,True
600111.SH,20260430,op_cashflow,-271779037.32,-271779037.32,0.0,True
002415.SZ,20260424,roe,0.032833,0.032833,0.0,True
002415.SZ,20260427,roe,0.032833,0.032833,0.0,True
002415.SZ,20260428,roe,0.032833,0.032833,0.0,True
002415.SZ,20260429,roe,0.032833,0.032833,0.0,True
002415.SZ,20260430,roe,0.032833,0.032833,0.0,True
002415.SZ,20260424,grossprofit_margin,0.49085500000000004,0.49085500000000004,0.0,True
002415.SZ,20260427,grossprofit_margin,0.49085500000000004,0.49085500000000004,0.0,True
002415.SZ,20260428,grossprofit_margin,0.49085500000000004,0.49085500000000004,0.0,True
002415.SZ,20260429,grossprofit_margin,0.49085500000000004,0.49085500000000004,0.0,True
002415.SZ,20260430,grossprofit_margin,0.49085500000000004,0.49085500000000004,0.0,True
002415.SZ,20260424,debt_to_assets,0.302572,0.302572,0.0,True
002415.SZ,20260427,debt_to_assets,0.302572,0.302572,0.0,True
002415.SZ,20260428,debt_to_assets,0.302572,0.302572,0.0,True
002415.SZ,20260429,debt_to_assets,0.302572,0.302572,0.0,True
002415.SZ,20260430,debt_to_assets,0.302572,0.302572,0.0,True
002415.SZ,20260424,current_ratio,2.7214,2.7214,0.0,True
002415.SZ,20260427,current_ratio,2.7214,2.7214,0.0,True
002415.SZ,20260428,current_ratio,2.7214,2.7214,0.0,True
002415.SZ,20260429,current_ratio,2.7214,2.7214,0.0,True
002415.SZ,20260430,current_ratio,2.7214,2.7214,0.0,True
002415.SZ,20260424,net_income,3261544265.74,3261544265.74,0.0,True
002415.SZ,20260427,net_income,3261544265.74,3261544265.74,0.0,True
002415.SZ,20260428,net_income,3261544265.74,3261544265.74,0.0,True
002415.SZ,20260429,net_income,3261544265.74,3261544265.74,0.0,True
002415.SZ,20260430,net_income,3261544265.74,3261544265.74,0.0,True
002415.SZ,20260424,revenue,20715444490.55,20715444490.55,0.0,True
002415.SZ,20260427,revenue,20715444490.55,20715444490.55,0.0,True
002415.SZ,20260428,revenue,20715444490.55,20715444490.55,0.0,True
002415.SZ,20260429,revenue,20715444490.55,20715444490.55,0.0,True
002415.SZ,20260430,revenue,20715444490.55,20715444490.55,0.0,True
002415.SZ,20260424,total_assets,135311587226.93,135311587226.93,0.0,True
002415.SZ,20260427,total_assets,135311587226.93,135311587226.93,0.0,True
002415.SZ,20260428,total_assets,135311587226.93,135311587226.93,0.0,True
002415.SZ,20260429,total_assets,135311587226.93,135311587226.93,0.0,True
002415.SZ,20260430,total_assets,135311587226.93,135311587226.93,0.0,True
002415.SZ,20260424,equity,86064997034.84,86064997034.84,0.0,True
002415.SZ,20260427,equity,86064997034.84,86064997034.84,0.0,True
002415.SZ,20260428,equity,86064997034.84,86064997034.84,0.0,True
002415.SZ,20260429,equity,86064997034.84,86064997034.84,0.0,True
002415.SZ,20260430,equity,86064997034.84,86064997034.84,0.0,True
002415.SZ,20260424,op_cashflow,-2220444411.11,-2220444411.11,0.0,True
002415.SZ,20260427,op_cashflow,-2220444411.11,-2220444411.11,0.0,True
002415.SZ,20260428,op_cashflow,-2220444411.11,-2220444411.11,0.0,True
002415.SZ,20260429,op_cashflow,-2220444411.11,-2220444411.11,0.0,True
002415.SZ,20260430,op_cashflow,-2220444411.11,-2220444411.11,0.0,True
600487.SH,20260424,roe,0.080112,0.080112,0.0,True
600487.SH,20260427,roe,0.034441,0.034441,0.0,True
600487.SH,20260428,roe,0.034441,0.034441,0.0,True
600487.SH,20260429,roe,0.034441,0.034441,0.0,True
600487.SH,20260430,roe,0.034441,0.034441,0.0,True
600487.SH,20260424,grossprofit_margin,0.133484,0.133484,0.0,True
600487.SH,20260427,grossprofit_margin,0.159795,0.159795,0.0,True
600487.SH,20260428,grossprofit_margin,0.159795,0.159795,0.0,True
600487.SH,20260429,grossprofit_margin,0.159795,0.159795,0.0,True
600487.SH,20260430,grossprofit_margin,0.159795,0.159795,0.0,True
600487.SH,20260424,debt_to_assets,0.536883,0.536883,0.0,True
600487.SH,20260427,debt_to_assets,0.518756,0.518756,0.0,True
600487.SH,20260428,debt_to_assets,0.518756,0.518756,0.0,True
600487.SH,20260429,debt_to_assets,0.518756,0.518756,0.0,True
600487.SH,20260430,debt_to_assets,0.518756,0.518756,0.0,True
600487.SH,20260424,current_ratio,1.4695,1.4695,0.0,True
600487.SH,20260427,current_ratio,1.5963,1.5963,0.0,True
600487.SH,20260428,current_ratio,1.5963,1.5963,0.0,True
600487.SH,20260429,current_ratio,1.5963,1.5963,0.0,True
600487.SH,20260430,current_ratio,1.5963,1.5963,0.0,True
600487.SH,20260424,net_income,2537141988.81,2537141988.81,0.0,True
600487.SH,20260427,net_income,1181936812.75,1181936812.75,0.0,True
600487.SH,20260428,net_income,1181936812.75,1181936812.75,0.0,True
600487.SH,20260429,net_income,1181936812.75,1181936812.75,0.0,True
600487.SH,20260430,net_income,1181936812.75,1181936812.75,0.0,True
600487.SH,20260424,revenue,49620509007.93,49620509007.93,0.0,True
600487.SH,20260427,revenue,17790560069.79,17790560069.79,0.0,True
600487.SH,20260428,revenue,17790560069.79,17790560069.79,0.0,True
600487.SH,20260429,revenue,17790560069.79,17790560069.79,0.0,True
600487.SH,20260430,revenue,17790560069.79,17790560069.79,0.0,True
600487.SH,20260424,total_assets,71911230952.66,71911230952.66,0.0,True
600487.SH,20260427,total_assets,74172904176.25,74172904176.25,0.0,True
600487.SH,20260428,total_assets,74172904176.25,74172904176.25,0.0,True
600487.SH,20260429,total_assets,74172904176.25,74172904176.25,0.0,True
600487.SH,20260430,total_assets,74172904176.25,74172904176.25,0.0,True
600487.SH,20260424,equity,30777353238.64,30777353238.64,0.0,True
600487.SH,20260427,equity,32408764493.32,32408764493.32,0.0,True
600487.SH,20260428,equity,32408764493.32,32408764493.32,0.0,True
600487.SH,20260429,equity,32408764493.32,32408764493.32,0.0,True
600487.SH,20260430,equity,32408764493.32,32408764493.32,0.0,True
600487.SH,20260424,op_cashflow,493324531.24,493324531.24,0.0,True
600487.SH,20260427,op_cashflow,-193663046.38,-193663046.38,0.0,True
600487.SH,20260428,op_cashflow,-193663046.38,-193663046.38,0.0,True
600487.SH,20260429,op_cashflow,-193663046.38,-193663046.38,0.0,True
600487.SH,20260430,op_cashflow,-193663046.38,-193663046.38,0.0,True
