trade_date,instrument,name,industry,score,score_rank_pct,label_value,amount_log,rps_60d,ret_60d,ret_120d,price_percentile_252d,pe_rank_252d,pb_rank_252d,trend_smoothness_60d,industry_ret_20d,industry_ret_60d,industry_ret_120d,industry_breadth_20d,industry_breadth_60d,industry_volume_expansion,stock_minus_industry_ret_20d,stock_minus_industry_ret_60d,industry_top_stock_momentum,type
2020-12-11,000009.SZ,中国宝安,电气设备,1.2452,0.8667,2.1693,19.2292,0.5165,0.0163,-0.0691,0.3294,0.1270,0.0794,0.0164,0.0017,0.0032,0.0030,0.4757,0.4981,1.0995,-0.1404,-0.1897,0.1104,missed
2021-01-26,000009.SZ,中国宝安,电气设备,0.8576,0.6222,2.0258,19.8627,0.1875,-0.0788,-0.1481,0.3373,0.1448,0.0397,-0.0708,0.0036,0.0042,0.0029,0.5125,0.5144,1.6744,-0.1030,-0.3652,0.1268,missed
2021-02-09,000009.SZ,中国宝安,电气设备,1.2483,0.6471,1.2992,20.2610,0.5966,0.0345,0.0100,0.8373,0.6230,0.3968,0.0299,0.0012,0.0037,0.0027,0.4977,0.5100,1.4878,0.1036,-0.2219,0.1379,missed
2022-05-23,000032.SZ,深桑达Ａ,建筑工程,0.7818,0.7059,1.0026,17.9002,0.0120,-0.4135,-0.2269,0.0714,0.0714,0.3690,-0.3261,0.0022,-0.0013,0.0009,0.5233,0.4622,1.2231,-0.1896,-0.3283,0.0258,missed
2022-06-24,000032.SZ,深桑达Ａ,建筑工程,0.6339,0.5500,1.2265,18.3918,0.0863,-0.1769,-0.2189,0.1329,0.1329,0.3591,-0.1504,-0.0005,0.0007,-0.0003,0.4333,0.4800,1.1445,0.1668,-0.2009,0.0254,missed
2022-07-28,000032.SZ,深桑达Ａ,建筑工程,1.1607,0.8222,1.1659,17.6433,0.6111,0.1299,-0.3141,0.2063,0.2063,0.3373,0.1386,-0.0013,-0.0003,-0.0004,0.4433,0.4571,0.8538,0.0495,0.1501,0.0288,missed
2022-09-29,000032.SZ,深桑达Ａ,建筑工程,3.3140,0.9756,1.7158,16.8426,0.2878,-0.1680,-0.3059,0.0040,0.0040,0.0040,-0.1420,-0.0041,-0.0020,-0.0011,0.4033,0.4348,1.2028,-0.0352,-0.0465,0.0143,missed
2022-10-11,000032.SZ,深桑达Ａ,建筑工程,3.5240,0.9432,1.8118,16.4870,0.2913,-0.1821,-0.3005,0.0040,0.0040,0.0040,-0.1603,-0.0042,-0.0022,-0.0012,0.3833,0.4293,1.2401,-0.0145,-0.0516,0.0132,missed
2022-07-06,000034.SZ,神州数码,软件服务,0.4440,0.5161,1.0717,18.7523,0.5902,0.0411,-0.0600,0.2837,0.9167,0.1786,0.0366,-0.0014,-0.0000,-0.0018,0.4736,0.4980,1.3677,-0.0109,0.0668,0.0156,missed
2024-06-19,000034.SZ,神州数码,软件服务,1.3469,0.8421,1.0240,20.3408,0.0493,-0.2687,-0.2314,0.0278,0.0040,0.0198,-0.2182,-0.0036,-0.0029,-0.0019,0.4390,0.4340,0.8102,-0.1457,-0.0914,0.0331,missed
2023-12-29,000062.SZ,深圳华强,元器件,1.8681,0.9333,1.4214,17.2804,0.7009,0.0054,-0.0140,0.1667,0.1667,0.1131,0.0086,0.0002,0.0011,-0.0001,0.4611,0.4712,0.7779,-0.0431,-0.0491,0.0610,missed
2024-01-10,000062.SZ,深圳华强,元器件,2.0135,1.0000,1.5391,17.4300,0.4791,-0.0792,-0.0951,0.0040,0.0040,0.0040,-0.1264,-0.0052,-0.0011,-0.0011,0.3411,0.4282,0.8056,0.0048,-0.0019,0.0587,missed
2024-02-08,000062.SZ,深圳华强,元器件,1.8061,0.9508,2.7966,18.3173,0.1838,-0.2190,-0.1897,0.0238,0.0238,0.0238,-0.2185,-0.0043,-0.0035,-0.0009,0.3889,0.3986,1.0510,-0.0439,-0.0172,0.0370,missed
2024-03-20,000062.SZ,深圳华强,元器件,2.1543,0.9615,1.5130,17.9429,0.1343,-0.1000,-0.1032,0.1389,0.1389,0.1389,-0.0849,0.0094,0.0011,0.0009,0.5989,0.4744,1.6398,-0.1605,-0.1437,0.0213,missed
2024-04-22,000062.SZ,深圳华强,元器件,2.7824,1.0000,1.4801,17.5537,0.0938,-0.1351,-0.1643,0.0198,0.9921,0.0198,-0.1025,-0.0052,0.0009,-0.0000,0.3827,0.4728,1.2202,-0.0114,-0.1616,0.0276,missed
2024-05-09,000062.SZ,深圳华强,元器件,1.8650,0.9118,1.2814,17.6376,0.2155,0.0483,-0.1607,0.1687,0.9901,0.1329,0.0410,0.0037,0.0046,-0.0002,0.5250,0.5223,0.9257,-0.0417,-0.2348,0.0428,missed
2024-06-04,000062.SZ,深圳华强,元器件,0.5288,0.5641,1.4605,17.8288,0.3515,-0.0471,-0.2085,0.0595,0.9048,0.1151,-0.0511,-0.0006,0.0007,-0.0000,0.4707,0.4739,1.0329,-0.0413,-0.0797,0.0705,missed
2024-07-31,000062.SZ,深圳华强,元器件,0.7761,0.5395,1.8640,18.2914,0.5435,-0.0823,-0.0988,0.1468,0.8492,0.1706,-0.0686,0.0019,0.0003,0.0019,0.4609,0.4638,1.3052,-0.0058,-0.1041,0.1011,missed
2024-08-14,000062.SZ,深圳华强,元器件,0.8192,0.6970,2.1920,18.6582,0.5221,-0.1220,-0.0899,0.0992,0.7659,0.1032,-0.1083,-0.0044,-0.0007,0.0011,0.4272,0.4562,1.0679,0.0934,-0.0723,0.0926,missed
2020-12-15,000155.SZ,川能动力,新型电力,-0.0893,0.4444,3.9648,19.2062,0.9082,0.3532,0.4895,0.9236,0.9236,0.9236,0.2676,-0.0014,-0.0001,0.0012,0.4125,0.3958,1.7595,-0.1229,0.3590,0.0498,high_score
2021-02-25,000155.SZ,川能动力,新型电力,1.0617,0.7959,1.2642,20.6442,0.9745,0.5995,1.3883,0.9050,0.9050,0.9050,0.2087,0.0053,0.0048,0.0026,0.5000,0.4914,1.3530,-0.2761,0.4524,0.1532,missed
2021-03-02,000155.SZ,川能动力,新型电力,1.3220,0.7857,1.3874,20.4359,0.9844,0.6839,1.3534,0.8926,0.8926,0.8926,0.2367,0.0047,0.0055,0.0029,0.5167,0.5002,3.2767,-0.4517,0.5072,0.1553,missed
2020-12-01,000301.SZ,东方盛虹,化纤,0.5194,0.6200,1.9338,19.5387,0.9827,0.7066,0.8603,0.9881,0.9881,0.9881,0.5219,0.0097,0.0036,0.0042,0.5786,0.5167,2.3957,0.2237,0.4781,0.1179,missed
2025-07-29,000338.SZ,潍柴动力,汽车配件,-0.1012,0.1569,1.0120,20.7336,0.2484,0.0086,0.0646,0.7560,0.2083,0.8175,0.0149,0.0009,-0.0003,0.0003,0.4976,0.4606,1.0167,-0.0237,0.0265,0.0307,high_score
2025-08-13,000338.SZ,潍柴动力,汽车配件,-0.0162,0.2449,1.2508,20.5655,0.3124,0.0174,0.0278,0.6230,0.1151,0.7381,0.0333,0.0017,-0.0002,-0.0003,0.4929,0.4609,1.2346,-0.0502,0.0282,0.0198,high_score
2021-04-26,000400.SZ,许继电气,电气设备,2.5158,0.9130,1.0588,18.9185,0.4748,-0.0565,-0.0578,0.1607,0.0040,0.0198,-0.0442,0.0016,-0.0015,0.0016,0.4734,0.4734,0.7908,-0.1676,0.0435,0.0888,missed
2020-12-08,000408.SZ,藏格矿业,农药化肥,0.9553,0.7241,2.6119,17.2276,0.2820,-0.0632,0.3202,0.6892,0.7530,0.5936,-0.0601,0.0017,0.0023,0.0036,0.4733,0.4939,1.9525,-0.1007,-0.2284,0.0940,missed
2021-01-04,000408.SZ,藏格矿业,农药化肥,-0.0981,0.4545,2.0769,17.9093,0.6405,0.1078,0.2820,0.7809,0.7809,0.7092,0.0922,0.0000,0.0040,0.0029,0.4800,0.5217,1.1400,-0.0202,-0.1354,0.0941,high_score
2021-02-10,000408.SZ,藏格矿业,农药化肥,-0.3746,0.3415,2.2862,18.3391,0.4730,-0.0383,-0.0428,0.8685,0.9920,0.8805,-0.0311,0.0080,0.0037,0.0026,0.5583,0.5244,1.5725,-0.1142,-0.2656,0.1463,high_score
2021-03-02,000408.SZ,藏格矿业,农药化肥,-0.4030,0.2143,1.8511,18.4614,0.7362,0.1346,0.1794,0.9880,0.9960,0.9920,0.0874,0.0037,0.0037,0.0028,0.5167,0.5300,2.0718,-0.0516,-0.0784,0.1520,high_score
2021-04-30,000408.SZ,藏格矿业,农药化肥,0.4593,0.5037,1.5987,19.2057,0.8922,0.2627,0.5000,1.0000,1.0000,1.0000,0.1540,0.0008,0.0018,0.0030,0.5333,0.5333,0.7607,0.2132,0.1713,0.1245,missed
2021-05-07,000408.SZ,藏格矿业,农药化肥,0.7832,0.5952,1.3403,17.7321,0.9734,0.5348,0.6043,1.0000,1.0000,1.0000,0.3127,0.0027,0.0026,0.0032,0.5583,0.5444,0.8016,0.2110,0.3825,0.1246,missed
2024-12-20,000408.SZ,藏格矿业,农药化肥,0.3888,0.4848,1.0904,18.6450,0.1950,0.1117,0.1008,0.5635,0.6429,0.3889,0.1094,-0.0012,0.0032,0.0005,0.4643,0.5048,0.7550,-0.0126,-0.0762,0.0746,high_score
2025-01-02,000408.SZ,藏格矿业,农药化肥,-0.2648,0.2597,1.0313,19.1389,0.7726,0.0553,0.0787,0.5675,0.6468,0.4008,0.0692,-0.0018,-0.0002,0.0008,0.4429,0.4762,0.6455,0.0039,0.0778,0.0768,high_score
2025-03-19,000408.SZ,藏格矿业,农药化肥,0.3142,0.5000,1.0033,19.4725,0.9422,0.3503,0.5399,0.9798,0.9798,0.9798,0.4846,0.0034,0.0013,0.0022,0.5286,0.4821,1.2182,0.0425,0.2695,0.0349,high_score
2025-04-30,000408.SZ,藏格矿业,农药化肥,0.0340,0.2846,1.6361,19.0121,0.8908,0.1749,0.2330,0.9474,0.9798,0.8421,0.2082,-0.0007,0.0008,0.0003,0.4714,0.4738,1.0212,-0.0061,0.1253,0.0565,high_score
2025-05-19,000408.SZ,藏格矿业,农药化肥,0.4629,0.5472,1.3645,19.5093,0.8507,0.1006,0.2356,0.8826,0.9271,0.7753,0.1228,0.0018,0.0010,0.0003,0.5143,0.4833,0.8785,0.0170,0.0466,0.0657,missed
2025-06-18,000408.SZ,藏格矿业,农药化肥,0.4220,0.4255,1.0057,19.0360,0.9084,0.1169,0.5081,1.0000,1.0000,0.9717,0.1498,0.0035,0.0010,0.0012,0.5286,0.4857,0.9340,0.0728,0.0603,0.0655,high_score
2025-07-10,000408.SZ,藏格矿业,农药化肥,0.4518,0.4118,1.0681,19.1605,0.8833,0.2207,0.4940,0.9514,0.9514,0.9393,0.3189,0.0009,0.0020,0.0016,0.4286,0.4905,1.1122,0.0022,0.0976,0.0629,high_score
2025-08-01,000408.SZ,藏格矿业,农药化肥,-0.2306,0.2264,1.0298,19.8126,0.9222,0.2862,0.4260,0.9717,0.9717,0.9717,0.3799,0.0050,0.0028,0.0018,0.5429,0.5024,1.2244,-0.0289,0.1087,0.0611,high_score
2025-01-27,000426.SZ,兴业银锡,铅锌,-0.3093,0.2759,1.5255,18.9306,0.3053,-0.0863,-0.0343,0.4782,0.2202,0.2639,-0.0800,-0.0004,-0.0011,0.0005,0.4333,0.4056,0.7897,0.0264,-0.0108,0.0492,high_score
2025-02-10,000426.SZ,兴业银锡,铅锌,-0.4532,0.3333,1.1617,19.5486,0.3656,-0.1071,0.1109,0.5754,0.3056,0.3313,-0.1020,0.0035,-0.0019,0.0012,0.5333,0.3944,0.7629,0.0572,0.0058,0.0419,high_score
2025-03-20,000426.SZ,兴业银锡,铅锌,0.8278,0.7586,1.4946,20.1552,0.7148,0.0693,0.4054,0.8611,0.5873,0.5119,0.0650,0.0035,0.0006,0.0025,0.4667,0.4389,1.2694,0.0078,0.0416,0.0062,missed
2025-04-01,000426.SZ,兴业银锡,铅锌,0.2161,0.2209,1.6521,20.2018,0.8392,0.1188,0.1206,0.7341,0.5615,0.4345,0.1140,0.0025,0.0007,0.0008,0.4667,0.4389,1.5756,0.0385,0.0832,0.0006,high_score
2025-05-30,000426.SZ,兴业银锡,铅锌,0.0985,0.4359,3.1864,19.8378,0.7842,0.0576,0.0525,0.5714,0.0238,0.1706,0.0446,0.0007,-0.0001,-0.0002,0.4500,0.4667,0.6729,0.0411,0.0735,0.0128,high_score
2025-06-03,000426.SZ,兴业银锡,铅锌,-0.0396,0.2353,3.4144,20.4229,0.8319,0.0900,0.0571,0.7421,0.0714,0.3175,0.0681,0.0009,0.0001,-0.0002,0.4833,0.4722,0.6800,0.0156,0.0946,0.0135,high_score
2025-07-31,000426.SZ,兴业银锡,铅锌,0.2090,0.3333,1.4261,20.7366,0.9260,0.3151,0.3589,0.9444,0.2540,0.9325,0.2586,0.0011,0.0021,0.0009,0.4500,0.5000,1.3372,0.0221,0.1825,0.0782,high_score
2025-08-21,000426.SZ,兴业银锡,铅锌,0.8145,0.7429,1.2117,20.3786,0.9109,0.4449,0.5785,0.9762,0.5952,0.9762,0.3703,0.0003,0.0036,0.0019,0.5000,0.5556,1.3804,0.0121,0.2077,0.1094,missed
2020-12-18,000519.SZ,中兵红箭,专用机械,1.4932,0.9091,1.0496,18.8787,0.1676,-0.1047,-0.0066,0.4663,0.4782,0.4087,-0.1151,0.0011,0.0013,0.0023,0.4850,0.4871,1.2424,-0.1215,-0.1995,0.0994,missed
2021-01-28,000519.SZ,中兵红箭,专用机械,0.6490,0.6418,1.9790,19.7522,0.4233,-0.0205,-0.1769,0.5040,0.5079,0.4683,-0.0184,0.0020,0.0021,0.0014,0.4750,0.4944,1.5252,-0.0516,-0.1806,0.1253,missed
2021-02-09,000519.SZ,中兵红箭,专用机械,0.9818,0.5000,2.4509,19.1604,0.4730,-0.0453,-0.1959,0.3492,0.3571,0.2937,-0.0386,-0.0025,0.0008,0.0012,0.4583,0.4858,1.5354,-0.1192,-0.1066,0.1240,high_score
2021-03-01,000519.SZ,中兵红箭,专用机械,0.7141,0.6632,2.1974,18.8366,0.2255,-0.1054,-0.1373,0.3671,0.3750,0.2956,-0.0946,-0.0033,0.0010,0.0014,0.4861,0.5000,1.1869,-0.1023,-0.1638,0.1245,missed
2021-04-01,000519.SZ,中兵红箭,专用机械,0.2847,0.5000,2.0784,18.6098,0.2972,-0.0890,-0.1538,0.1706,0.1984,0.1091,-0.0838,0.0002,0.0002,0.0013,0.4944,0.4889,0.7692,-0.0642,-0.0791,0.0983,high_score
2021-07-07,000519.SZ,中兵红箭,专用机械,0.1346,0.3200,1.0857,19.4170,0.7629,0.1676,-0.0198,0.5476,0.3810,0.4643,0.1191,0.0033,0.0016,0.0007,0.5250,0.4944,1.3216,-0.1512,0.0811,0.0701,high_score
2020-12-25,000537.SZ,绿发电力,新型电力,-0.9187,0.0541,1.3315,16.7959,0.2017,-0.1068,-0.1971,0.0159,0.0159,0.0159,-0.1577,0.0049,0.0032,0.0021,0.4688,0.4375,1.5569,-0.1771,-0.3288,0.0503,high_score
2021-01-07,000537.SZ,绿发电力,新型电力,-1.2189,0.0357,1.8635,17.7321,0.1541,-0.1393,-0.2474,0.0040,0.0040,0.0040,-0.2099,0.0098,0.0030,0.0016,0.5375,0.4333,1.7245,-0.3411,-0.3544,0.0670,high_score
2021-02-25,000537.SZ,绿发电力,新型电力,-1.2779,0.0816,2.6433,18.6841,0.2426,-0.0946,-0.1917,0.1270,0.1270,0.1270,-0.1388,0.0053,0.0048,0.0026,0.5000,0.4914,1.3530,-0.1417,-0.2417,0.1532,high_score
2021-03-05,000537.SZ,绿发电力,新型电力,-0.9567,0.0909,2.7281,17.2906,0.1501,-0.1483,-0.2448,0.0873,0.0873,0.0873,-0.2107,0.0046,0.0058,0.0030,0.5444,0.5069,6.9548,-0.0501,-0.3656,0.1602,high_score
2021-04-30,000537.SZ,绿发电力,新型电力,-1.3280,0.0148,3.1966,17.6925,0.4384,-0.0355,-0.1312,0.0198,0.8690,0.0040,-0.0563,-0.0044,0.0026,0.0039,0.3889,0.4963,1.2644,0.0270,-0.2178,0.1560,high_score
2021-05-18,000537.SZ,绿发电力,新型电力,-0.4075,0.1556,2.4283,17.0054,0.5714,0.0221,-0.1895,0.0754,0.9444,0.0437,0.0351,0.0020,0.0030,0.0039,0.4833,0.5130,0.7319,-0.0548,-0.1343,0.1438,high_score
2021-06-30,000537.SZ,绿发电力,新型电力,0.0394,0.4702,2.3376,16.7370,0.2287,-0.0904,-0.1619,0.0060,0.6528,0.0060,-0.2019,0.0031,0.0015,0.0041,0.4323,0.4309,2.7042,-0.0607,-0.0188,0.1066,high_score
2021-07-30,000537.SZ,绿发电力,新型电力,0.6178,0.6220,1.5286,16.9436,0.1403,-0.1967,-0.2112,0.0060,0.3313,0.0060,-0.3754,0.0018,0.0026,0.0028,0.4545,0.4333,2.2051,-0.2003,-0.2158,0.0660,missed
2021-08-24,000537.SZ,绿发电力,新型电力,0.6698,0.5455,1.5962,16.7195,0.1975,-0.1568,-0.1861,0.0655,0.5218,0.0655,-0.2548,0.0052,0.0026,0.0028,0.4864,0.4383,1.3718,-0.0553,-0.2968,0.0677,missed
2021-09-07,000537.SZ,绿发电力,新型电力,-0.3476,0.4000,1.1355,17.1308,0.5818,0.0979,-0.0300,0.5714,1.0000,0.3929,0.1135,0.0089,0.0045,0.0031,0.5364,0.4788,1.3408,0.0851,-0.2030,0.0881,high_score
2025-04-18,000559.SZ,万向钱潮,汽车配件,0.4695,0.4286,2.2009,18.9317,0.4831,-0.0210,0.1348,0.5744,0.5744,0.5744,-0.0162,-0.0085,0.0002,0.0008,0.3825,0.4725,0.9568,-0.0109,-0.0183,0.1126,high_score
2025-05-06,000559.SZ,万向钱潮,汽车配件,0.2350,0.3400,1.8525,19.5974,0.8018,0.1047,-0.0260,0.8724,0.4938,0.7860,0.0722,-0.0016,0.0012,0.0012,0.4875,0.4875,0.8215,-0.0516,0.0381,0.1134,high_score
2025-06-23,000559.SZ,万向钱潮,汽车配件,-0.5423,0.1667,1.1272,19.3744,0.8331,0.0579,0.1404,0.8631,0.5536,0.8988,0.0296,-0.0046,-0.0028,0.0003,0.3756,0.4260,0.9982,-0.0294,0.2241,0.0627,high_score
2025-07-02,000559.SZ,万向钱潮,汽车配件,-0.7727,0.0976,1.0117,20.2121,0.6775,0.0295,0.2098,0.8929,0.7381,0.9345,0.0173,-0.0009,-0.0017,0.0004,0.4357,0.4511,0.8765,-0.0059,0.1439,0.0491,high_score
2020-12-31,000629.SZ,钒钛股份,小金属,0.0763,0.5301,1.3088,18.9927,0.5221,0.0534,-0.0882,0.3869,0.6488,0.3393,0.0568,0.0107,0.0070,0.0027,0.5625,0.5396,2.0025,-0.3389,-0.4957,0.1136,missed
2021-01-25,000629.SZ,钒钛股份,小金属,0.2753,0.5455,1.0394,18.6077,0.4324,0.0201,-0.0814,0.1389,0.3373,0.1091,0.0194,0.0103,0.0101,0.0044,0.5781,0.5865,1.6716,-0.3095,-0.8519,0.2135,missed
2025-04-11,000630.SZ,铜陵有色,铜,1.0946,0.6429,1.0504,20.2994,0.2578,-0.0652,-0.1301,0.0476,0.0476,0.1548,-0.0949,-0.0051,-0.0008,-0.0006,0.4250,0.4750,1.4828,-0.0230,-0.0092,0.0180,missed
2025-05-16,000630.SZ,铜陵有色,铜,0.3921,0.4364,1.3571,19.6102,0.4693,-0.0393,-0.0536,0.2401,0.1190,0.1885,-0.0553,0.0025,-0.0001,-0.0001,0.5000,0.4833,0.9064,-0.0139,-0.0270,0.0159,high_score
2025-06-03,000630.SZ,铜陵有色,铜,0.3850,0.5882,1.7604,19.3790,0.5546,-0.0185,-0.0364,0.2659,0.1448,0.2143,-0.0259,0.0018,0.0006,0.0002,0.5089,0.5009,0.6481,-0.0271,-0.0414,0.0196,missed
2020-12-16,000657.SZ,中钨高新,小金属,0.0131,0.1667,1.0328,17.3590,0.3357,-0.0539,0.0881,0.5476,0.6587,0.3373,-0.0623,0.0035,0.0033,0.0025,0.4875,0.4844,3.1212,-0.1310,-0.2722,0.0749,high_score
2021-01-28,000657.SZ,中钨高新,小金属,0.1814,0.4328,1.0382,18.5667,0.5781,0.0365,-0.1156,0.5933,0.6389,0.4762,0.0282,0.0089,0.0083,0.0038,0.5531,0.5646,1.7717,-0.2603,-0.6294,0.2323,high_score
2021-02-05,000657.SZ,中钨高新,小金属,0.5398,0.5946,1.1693,18.3139,0.4801,-0.0572,-0.0954,0.3234,0.4504,0.1766,-0.0422,-0.0019,0.0062,0.0033,0.4531,0.5344,1.8675,-0.1105,-0.4932,0.2591,missed
2021-03-01,000657.SZ,中钨高新,小金属,-0.0936,0.3368,1.2056,19.2758,0.7121,0.1122,0.1186,0.9921,0.9921,0.9722,0.0719,0.0012,0.0069,0.0050,0.4625,0.5302,1.5807,0.0656,-0.3486,0.2926,high_score
2025-01-03,000657.SZ,中钨高新,小金属,1.4973,0.8537,1.1205,18.9463,0.4497,-0.0690,-0.0223,0.3595,0.3926,0.3058,-0.0521,-0.0054,-0.0008,0.0011,0.3750,0.4562,0.5534,-0.0405,-0.0047,0.0977,missed
2025-02-17,000657.SZ,中钨高新,小金属,2.5163,1.0000,1.4017,18.8321,0.1080,-0.1445,0.1504,0.4921,0.9603,0.0595,-0.1394,0.0022,-0.0017,0.0019,0.5031,0.4490,0.8694,-0.0083,-0.0379,0.0612,missed
2025-03-20,000657.SZ,中钨高新,小金属,2.7137,0.9655,1.4620,18.8551,0.6796,0.0545,0.3908,0.6885,0.9643,0.2401,0.0584,0.0025,0.0005,0.0027,0.4719,0.4729,1.5218,0.0240,0.0288,0.0193,missed
2025-04-09,000657.SZ,中钨高新,小金属,1.9234,0.8000,2.0997,19.2018,0.6662,0.0203,0.0078,0.3016,0.8135,0.0119,0.0209,-0.0067,-0.0002,-0.0000,0.3625,0.4688,1.4640,-0.0506,0.0391,0.0152,missed
2025-05-06,000657.SZ,中钨高新,小金属,1.0263,0.8400,4.0490,19.3613,0.6311,0.0269,-0.0010,0.6508,0.1905,0.7063,0.0299,-0.0012,0.0002,-0.0005,0.5062,0.4688,0.8445,0.0134,0.0247,0.0181,missed
2025-06-27,000657.SZ,中钨高新,小金属,-0.2634,0.4222,3.0753,19.7571,0.9322,0.1712,0.2130,0.9345,0.5139,0.9663,0.1832,0.0032,0.0007,0.0006,0.5250,0.5052,1.1925,-0.0442,0.1391,0.0304,high_score
2025-07-03,000657.SZ,中钨高新,小金属,-0.4109,0.1667,3.0725,19.7400,0.9398,0.2060,0.3029,0.9683,0.6389,0.9921,0.2170,0.0034,0.0015,0.0011,0.5437,0.5208,1.2095,-0.0621,0.1241,0.0313,high_score
2025-08-27,000657.SZ,中钨高新,小金属,-0.4307,0.1912,2.2202,21.8208,0.9486,0.6296,1.0588,1.0000,0.9960,0.9762,0.4711,0.0048,0.0058,0.0031,0.5594,0.5469,2.0795,0.0512,0.2132,0.1055,high_score
2020-12-22,000683.SZ,博源化工,化工原料,0.6694,0.6667,4.7283,18.2728,0.2332,-0.1053,0.2011,0.6151,0.6706,0.4722,-0.0968,-0.0015,0.0012,0.0031,0.4329,0.4749,1.4608,-0.0600,-0.1961,0.1201,missed
2021-01-11,000683.SZ,博源化工,化工原料,0.8706,0.5263,3.0000,18.4489,0.2265,-0.1022,0.0802,0.3571,0.5278,0.2381,-0.1100,0.0035,0.0018,0.0024,0.5318,0.4895,1.0320,-0.1141,-0.2184,0.1157,missed
2021-02-18,000683.SZ,博源化工,化工原料,0.4412,0.5692,1.9643,18.8001,0.4332,-0.0345,-0.1418,0.7480,0.6786,0.6230,-0.0400,0.0069,0.0031,0.0020,0.5250,0.4991,1.3463,-0.0533,-0.2008,0.1258,missed
2021-03-02,000683.SZ,博源化工,化工原料,0.0237,0.3714,1.7500,20.1143,0.7092,0.1150,0.0000,0.8710,0.8175,0.8254,0.0884,0.0030,0.0030,0.0020,0.4864,0.4994,1.4156,0.1905,-0.0215,0.1250,high_score
2021-04-28,000683.SZ,博源化工,化工原料,0.0594,0.2817,2.2635,18.2128,0.9552,0.3645,0.2944,0.9345,0.9960,0.7897,0.2322,0.0005,0.0004,0.0018,0.5068,0.4894,0.7087,0.0553,0.3638,0.0966,high_score
2021-05-11,000683.SZ,博源化工,化工原料,-0.5979,0.1667,1.7417,19.8633,0.9720,0.6165,0.5136,0.9960,0.9960,0.9960,0.3616,-0.0002,0.0000,0.0012,0.5045,0.4917,0.7773,0.2345,0.6366,0.0918,high_score
2021-06-07,000683.SZ,博源化工,化工原料,0.1017,0.2083,1.0980,18.3291,0.9832,0.7791,1.1250,1.0000,1.0000,1.0000,0.5099,0.0067,0.0032,0.0025,0.5477,0.5258,1.4386,0.2244,0.5966,0.0849,high_score
2025-06-30,000703.SZ,恒逸石化,化纤,-0.0808,0.3200,1.1139,18.5524,0.4379,-0.0249,-0.0376,0.0774,0.8353,0.1071,-0.0660,-0.0004,-0.0007,-0.0005,0.4313,0.4729,0.9713,-0.0118,0.0242,0.0061,high_score
2025-07-17,000703.SZ,恒逸石化,化纤,-0.0078,0.4000,1.7440,17.7281,0.2459,-0.0169,-0.0506,0.0516,0.7817,0.1270,-0.0561,0.0020,0.0009,-0.0001,0.4813,0.4750,1.0451,-0.0746,-0.0694,0.0089,high_score
2025-08-14,000703.SZ,恒逸石化,化纤,-0.0042,0.4706,1.5000,18.1875,0.2183,-0.0216,-0.0248,0.1448,0.7143,0.2183,-0.0587,0.0034,0.0009,0.0001,0.5375,0.4604,1.4557,-0.0536,-0.0726,0.0134,high_score
2021-03-31,000723.SZ,美锦能源,焦炭加工,2.5224,0.9429,1.5704,19.5610,0.7451,0.1203,0.1256,0.8294,0.8651,0.2183,0.0722,-0.0022,0.0026,0.0015,0.6000,0.5167,0.9232,0.0000,0.0000,0.0863,missed
2021-04-01,000723.SZ,美锦能源,焦炭加工,2.7883,1.0000,1.7911,20.2395,0.5451,0.0131,0.1051,0.7063,0.8254,0.1429,0.0081,-0.0033,0.0009,0.0014,0.6000,0.5000,0.8566,0.0000,0.0000,0.0850,missed
2020-12-04,000733.SZ,振华科技,元器件,0.6350,0.5517,1.3884,19.3888,0.6317,0.0428,1.1031,0.9008,0.9008,0.8611,0.0285,0.0017,0.0009,0.0020,0.5086,0.4937,1.2653,0.0427,-0.0019,0.0716,missed
2021-03-31,000733.SZ,振华科技,元器件,0.1236,0.4429,1.1700,19.3497,0.4451,-0.0234,0.2601,0.8214,0.8214,0.8214,-0.0120,-0.0031,0.0001,0.0004,0.4465,0.4872,0.7397,0.0099,-0.0009,0.0689,high_score
2021-04-26,000733.SZ,振华科技,元器件,0.2678,0.2826,1.5064,19.4912,0.1961,-0.1857,0.1399,0.7024,0.7024,0.6032,-0.1044,0.0019,-0.0010,0.0004,0.4863,0.4688,0.8725,-0.1156,-0.1260,0.0656,high_score
2021-05-13,000733.SZ,振华科技,元器件,1.1789,0.8065,1.3632,19.0447,0.1541,-0.1738,0.1654,0.5754,0.1746,0.3492,-0.1238,-0.0022,-0.0006,-0.0006,0.4280,0.4642,1.0230,-0.0394,-0.1415,0.0596,missed
2021-06-03,000733.SZ,振华科技,元器件,1.5187,0.8750,1.1884,19.2780,0.4979,-0.0035,0.1825,0.7778,0.2143,0.6984,-0.0028,0.0011,-0.0007,-0.0004,0.4975,0.4673,1.0840,0.0995,0.0464,0.0556,missed
2025-05-30,000792.SZ,盐湖股份,农药化肥,0.6030,0.6154,1.4116,19.5479,0.4103,-0.0594,-0.1031,0.1905,0.8492,0.0040,-0.1141,0.0007,0.0008,0.0006,0.4929,0.4857,0.8166,-0.0288,-0.0995,0.0685,missed
2025-06-11,000792.SZ,盐湖股份,农药化肥,0.8723,0.8163,1.3337,20.6055,0.6412,0.0018,-0.0619,0.4841,0.9702,0.1706,0.0033,0.0024,0.0008,0.0009,0.5000,0.4786,0.8405,-0.0239,-0.0357,0.0678,missed
2025-07-11,000792.SZ,盐湖股份,农药化肥,0.2998,0.7917,1.1377,20.6337,0.5194,0.0473,0.0769,0.8452,0.9921,0.3532,0.1099,0.0007,0.0019,0.0016,0.4429,0.4881,1.1030,0.0384,-0.0696,0.0627,missed
2020-12-24,000807.SZ,云铝股份,铝,0.3643,0.5217,1.6770,19.9420,0.9099,0.3339,0.6704,0.8889,0.8495,0.8889,0.2026,-0.0043,0.0043,0.0034,0.4300,0.4667,3.3107,-0.0571,0.0709,0.0548,missed
2025-04-30,000807.SZ,云铝股份,铝,0.8124,0.5615,1.2029,19.7423,0.2647,-0.0777,0.0291,0.7480,0.3234,0.4147,-0.0740,-0.0061,-0.0019,-0.0006,0.3600,0.4100,0.9741,-0.0156,0.0458,0.0246,missed
2025-05-19,000807.SZ,云铝股份,铝,1.5249,0.8679,1.1367,20.3400,0.3676,-0.0517,0.0312,0.7341,0.3571,0.4484,-0.0478,0.0031,-0.0008,-0.0005,0.4800,0.4400,0.9529,0.0235,0.0100,0.0210,missed
2025-06-04,000807.SZ,云铝股份,铝,1.1619,0.6667,1.2792,20.0461,0.1117,-0.1874,0.0618,0.5317,0.2500,0.2937,-0.1721,0.0001,-0.0020,-0.0001,0.4500,0.4233,0.8520,-0.0364,-0.0634,0.0134,missed
2025-07-22,000807.SZ,云铝股份,铝,0.4888,0.5556,1.0591,20.6632,0.6838,0.1325,0.0150,0.9048,0.7619,0.8730,0.1487,0.0059,0.0030,0.0005,0.5300,0.5033,1.1655,-0.0376,-0.0549,0.0042,missed
2020-12-02,000825.SZ,太钢不锈,特种钢,-0.4806,0.2830,1.4759,18.4572,0.5986,0.0271,0.1381,0.7530,0.9382,0.7131,0.0398,0.0059,0.0018,0.0027,0.5625,0.4792,1.7801,-0.0484,-0.0698,0.0515,high_score
2021-01-04,000825.SZ,太钢不锈,特种钢,-0.8263,0.1970,1.7745,18.2719,0.3638,-0.0215,-0.0293,0.5339,0.6653,0.4641,-0.0367,0.0032,0.0033,0.0019,0.5125,0.4958,1.3514,-0.0856,-0.2238,0.0526,high_score
2021-02-04,000825.SZ,太钢不锈,特种钢,-1.0379,0.0857,1.0847,18.0795,0.5213,-0.0328,-0.0432,0.3685,0.4482,0.3167,-0.0424,0.0059,0.0050,0.0029,0.5000,0.5000,1.5799,-0.2101,-0.3700,0.0952,high_score
2020-12-14,000831.SZ,中国稀土,小金属,1.0036,0.5789,2.6147,19.1600,0.4448,-0.0121,0.1421,0.6865,0.7024,0.6508,-0.0105,0.0023,0.0035,0.0025,0.4813,0.4927,3.1424,-0.1072,-0.2462,0.0717,missed
2021-01-05,000831.SZ,中国稀土,小金属,1.1629,0.7273,1.8281,20.0926,0.6006,0.0608,0.0028,0.8175,0.8175,0.8016,0.0459,0.0120,0.0071,0.0032,0.5781,0.5375,1.7984,-0.3227,-0.5195,0.1255,missed
2021-02-08,000831.SZ,中国稀土,小金属,0.1326,0.3421,1.4071,20.7551,0.7969,0.2420,0.0492,0.9524,0.9524,0.9405,0.1247,0.0008,0.0061,0.0035,0.4813,0.5333,1.8560,0.1172,-0.1843,0.2622,high_score
2021-03-29,000831.SZ,中国稀土,小金属,0.7837,0.5455,1.6328,20.4021,0.9056,0.2489,0.3504,0.8492,0.8492,0.8452,0.1001,-0.0061,0.0018,0.0043,0.4344,0.4917,1.1642,-0.0264,0.1839,0.2925,missed
2025-05-27,000878.SZ,云南铜业,铜,-0.3691,0.2432,1.0438,19.9166,0.4153,-0.0844,-0.0676,0.2428,0.9218,0.1049,-0.1206,0.0017,0.0003,0.0002,0.4902,0.4946,0.6725,-0.0225,-0.0894,0.0180,high_score
2021-03-01,000887.SZ,中鼎股份,汽车配件,2.3316,0.9684,1.0094,19.1335,0.0426,-0.2175,-0.0709,0.4841,0.5079,0.4683,-0.1566,-0.0018,0.0011,0.0018,0.4425,0.4692,1.2557,-0.0041,-0.2836,0.0892,missed
2021-04-29,000887.SZ,中鼎股份,汽车配件,1.6467,0.8404,1.2557,18.4690,0.5686,-0.0019,-0.0782,0.4960,0.4960,0.4524,-0.0018,0.0035,-0.0007,0.0009,0.4875,0.4550,0.8687,-0.0131,0.0521,0.0846,missed
2021-05-06,000887.SZ,中鼎股份,汽车配件,1.4769,0.7358,1.0537,19.5840,0.7857,0.1227,-0.0769,0.6944,0.9881,0.5913,0.1142,0.0021,-0.0003,0.0003,0.4775,0.4625,0.9371,0.0900,0.1568,0.0828,missed
2020-12-02,000893.SZ,亚钾国际,农药化肥,1.3130,0.7358,1.1430,18.0286,0.3137,-0.0723,0.5816,0.8889,0.4643,0.8889,-0.0562,0.0061,0.0019,0.0034,0.5567,0.4861,1.8389,0.0131,-0.1688,0.1023,missed
2021-01-28,000893.SZ,亚钾国际,农药化肥,0.8653,0.7015,1.3133,17.4109,0.5213,0.0149,-0.1814,0.6371,0.3669,0.6351,0.0118,0.0064,0.0041,0.0023,0.5833,0.5406,1.1609,-0.1411,-0.2442,0.1381,missed
2021-03-10,000893.SZ,亚钾国际,农药化肥,0.5700,0.6364,1.0705,18.4677,0.6596,0.0274,-0.0390,0.8306,0.6573,0.8266,0.0151,-0.0027,0.0022,0.0023,0.4500,0.5139,2.1781,0.0629,-0.0774,0.1538,missed
2021-04-23,000893.SZ,亚钾国际,农药化肥,0.3606,0.3889,1.2668,17.8409,0.9104,0.2237,0.3501,0.8427,0.7944,0.8306,0.1225,0.0047,0.0021,0.0032,0.5750,0.5222,0.6816,-0.1413,0.1094,0.1320,high_score
2021-06-30,000893.SZ,亚钾国际,农药化肥,2.6494,0.9643,1.2695,18.6447,0.8968,0.4359,0.9487,0.9516,0.8911,0.9516,0.2354,0.0039,0.0060,0.0048,0.4917,0.5517,1.8551,-0.0405,-0.0269,0.2317,missed
2021-07-08,000893.SZ,亚钾国际,农药化肥,2.5220,0.9545,1.2381,19.0006,0.9219,0.4889,1.0664,0.9798,0.9798,0.9798,0.2561,0.0028,0.0058,0.0045,0.4833,0.5517,1.3648,0.0953,0.0908,0.2487,missed
2021-09-07,000893.SZ,亚钾国际,农药化肥,2.4224,1.0000,1.0840,19.1018,0.6644,0.1620,0.7397,0.8560,0.8560,0.7778,0.0834,0.0073,0.0141,0.0100,0.5571,0.5344,1.1508,-0.3199,-0.7256,0.4381,missed
2025-01-21,000893.SZ,亚钾国际,农药化肥,1.8446,0.9412,1.1450,19.2852,0.7299,0.0335,0.3326,0.4901,0.7341,0.4206,0.0282,-0.0001,-0.0006,0.0014,0.4750,0.4560,0.8101,-0.0750,0.0794,0.0658,missed
2022-09-09,000921.SZ,海信家电,家用电器,0.3585,0.2000,1.0770,19.0399,0.6979,0.0406,0.1242,0.4385,0.7619,0.2540,0.0263,-0.0015,-0.0012,0.0004,0.4625,0.4500,0.8844,-0.1272,0.1048,0.0850,high_score
2022-10-17,000921.SZ,海信家电,家用电器,0.5373,0.5862,1.1046,18.2697,0.3596,-0.0883,-0.0742,0.1310,0.5694,0.0536,-0.0662,-0.0044,-0.0021,-0.0006,0.3792,0.4292,0.9438,0.0092,0.0388,0.0551,missed
2021-12-14,000933.SZ,神火股份,铝,-0.5489,0.2353,1.2152,20.6318,0.0041,-0.4367,-0.1574,0.3016,0.4127,0.1151,-0.2478,0.0058,-0.0064,0.0009,0.5500,0.4033,0.7939,-0.0227,-0.1005,0.0304,high_score
2025-06-03,000933.SZ,神火股份,铝,0.5016,0.6324,1.0747,19.7770,0.2547,-0.1191,0.0118,0.1925,0.7659,0.1905,-0.1188,0.0001,-0.0016,-0.0001,0.4400,0.4267,0.8670,-0.0409,-0.0161,0.0145,missed
2025-07-09,000933.SZ,神火股份,铝,0.0122,0.3226,1.0023,20.0071,0.3890,0.0185,-0.0268,0.4563,0.9087,0.4087,0.0233,0.0009,0.0015,0.0002,0.4800,0.4733,1.0053,-0.0225,-0.0686,-0.0029,high_score
2020-12-30,000937.SZ,冀中能源,煤炭开采,-0.7164,0.1148,1.1452,19.0852,0.5977,0.0685,0.2203,0.9861,0.9861,0.9901,0.0531,-0.0007,0.0022,0.0011,0.5250,0.5083,1.7597,0.0505,-0.0508,0.0469,high_score
2021-01-22,000937.SZ,冀中能源,煤炭开采,-0.3789,0.1250,1.0860,18.7585,0.3613,-0.0138,0.0028,0.5198,0.5119,0.5675,-0.0113,-0.0030,0.0012,0.0005,0.4821,0.5190,1.1080,-0.0672,-0.0711,0.0487,high_score
2021-02-04,000937.SZ,冀中能源,煤炭开采,-0.4501,0.3714,1.0375,17.9207,0.2031,-0.1578,-0.1000,0.3095,0.2302,0.3294,-0.1276,-0.0087,-0.0018,-0.0003,0.3607,0.4595,0.9312,-0.0363,-0.0406,0.0463,high_score
2021-07-06,000937.SZ,冀中能源,煤炭开采,1.6386,0.7222,1.0836,17.9174,0.6709,0.0623,-0.0297,0.6607,0.8611,0.8056,0.0566,0.0007,0.0044,0.0023,0.4500,0.5238,0.9566,-0.0263,-0.2223,0.1361,missed
2021-08-02,000937.SZ,冀中能源,煤炭开采,1.1952,0.6852,1.0644,18.6510,0.4549,-0.0296,0.2055,0.6429,0.8353,0.7837,-0.0350,0.0005,0.0008,0.0035,0.4893,0.4833,1.0131,0.0024,-0.0612,0.1451,missed
2022-09-19,000938.SZ,紫光股份,IT设备,0.6710,0.4545,1.2693,19.1522,0.2947,-0.1411,-0.1798,0.0198,0.0198,0.0198,-0.1776,-0.0051,-0.0021,-0.0018,0.3625,0.4229,1.1080,-0.0195,-0.0135,0.0252,high_score
2024-02-05,000958.SZ,电投产融,新型电力,-0.3329,0.2388,1.5001,19.2110,0.5551,-0.1481,-0.2319,0.0040,0.1786,0.0040,-0.1832,-0.0051,-0.0020,-0.0019,0.3773,0.4045,1.2431,0.0019,-0.0403,0.0125,high_score
2024-08-30,000958.SZ,电投产融,新型电力,0.9679,0.6632,1.0288,17.7379,0.3997,-0.1237,-0.0987,0.0198,0.0198,0.0198,-0.1978,-0.0017,-0.0015,-0.0004,0.4045,0.4091,0.8720,-0.0323,-0.0368,0.0419,missed
2024-09-11,000958.SZ,电投产融,新型电力,1.0460,0.6500,1.2074,17.1374,0.4106,-0.1500,-0.1589,0.0040,0.0040,0.0040,-0.2396,-0.0049,-0.0025,-0.0010,0.3409,0.3803,0.8326,-0.0505,-0.0071,0.0349,missed
2020-12-21,000959.SZ,首钢股份,普钢,-0.1925,0.4783,1.3214,17.8970,0.2747,-0.0716,-0.0629,0.6736,0.6736,0.6612,-0.0841,-0.0019,0.0003,0.0005,0.4167,0.4028,1.7694,-0.0206,-0.0936,0.0408,high_score
2025-04-09,000960.SZ,锡业股份,小金属,2.4149,0.9000,1.1121,20.4554,0.3526,-0.0577,-0.1423,0.0556,0.0278,0.0278,-0.0599,-0.0067,-0.0002,-0.0000,0.3625,0.4688,1.4640,-0.0091,-0.0389,0.0152,missed
2025-05-30,000960.SZ,锡业股份,小金属,0.9789,0.6667,2.2433,19.3395,0.5232,-0.0277,-0.0499,0.1210,0.0714,0.0714,-0.0305,0.0019,-0.0004,-0.0004,0.5031,0.4740,0.9194,-0.0471,0.0029,0.0292,missed
2025-06-03,000960.SZ,锡业股份,小金属,0.7631,0.6912,2.5421,19.0914,0.5458,-0.0213,-0.0580,0.1409,0.1012,0.1071,-0.0233,0.0023,-0.0002,-0.0004,0.5188,0.4760,0.9435,-0.0441,-0.0015,0.0295,missed
2025-08-21,000960.SZ,锡业股份,小金属,0.3521,0.6000,1.1452,20.5301,0.9046,0.4211,0.3890,1.0000,1.0000,1.0000,0.5226,0.0029,0.0059,0.0028,0.5219,0.5500,2.2619,-0.0154,0.0035,0.0935,missed
2022-09-28,000977.SZ,浪潮信息,IT设备,0.1907,0.5714,1.4328,19.4746,0.1643,-0.2267,-0.2667,0.0040,0.0040,0.0040,-0.2963,-0.0048,-0.0027,-0.0020,0.3750,0.4229,0.8810,-0.0404,-0.0694,0.0229,missed
2022-10-10,000977.SZ,浪潮信息,IT设备,0.2585,0.5000,1.4686,19.6802,0.1378,-0.2600,-0.2577,0.0040,0.0040,0.0040,-0.3232,-0.0085,-0.0034,-0.0018,0.3312,0.4167,0.7927,-0.0273,-0.0655,0.0214,high_score
2024-07-26,000997.SZ,新大陆,IT设备,2.1009,0.8400,1.2314,18.2083,0.0580,-0.3172,-0.2664,0.0159,0.0615,0.0159,-0.3092,-0.0014,-0.0025,0.0006,0.4500,0.4500,0.9956,-0.0713,-0.1738,0.0378,missed
2024-08-22,000997.SZ,新大陆,IT设备,2.1177,0.8824,1.4996,18.2028,0.3405,-0.1795,-0.3179,0.0079,0.0238,0.0198,-0.1799,-0.0055,-0.0028,-0.0016,0.3556,0.4259,0.9770,0.1015,-0.0150,0.0106,missed
2024-09-04,000997.SZ,新大陆,IT设备,0.5561,0.4000,1.4455,18.4198,0.2393,-0.1945,-0.3559,0.0198,0.0538,0.0119,-0.1832,-0.0030,-0.0031,-0.0025,0.4444,0.4241,0.8438,0.0154,-0.0163,0.0058,high_score
2025-05-21,001389.SZ,广合科技,元器件,1.1530,0.7632,1.0945,17.9734,0.1455,-0.1592,0.1329,0.6746,0.0873,0.2778,-0.1137,0.0031,-0.0019,0.0007,0.4946,0.4616,0.8677,-0.0213,-0.0329,0.0832,missed
2025-06-03,001389.SZ,广合科技,元器件,0.3296,0.5588,1.5055,18.2030,0.1380,-0.1739,0.1103,0.5595,0.0476,0.3968,-0.1408,-0.0002,-0.0019,0.0005,0.4359,0.4525,0.9104,-0.0137,-0.0517,0.0671,missed
2025-07-11,001389.SZ,广合科技,元器件,-0.1732,0.5833,1.0332,20.3314,0.9486,0.3327,0.1134,0.9802,0.3968,0.9127,0.2763,0.0051,0.0025,0.0013,0.5391,0.4866,1.2573,-0.0143,0.1682,0.0498,missed
2025-08-14,001389.SZ,广合科技,元器件,-0.6704,0.1176,1.6760,20.4471,0.9109,0.3444,0.1304,0.9524,0.4802,0.9405,0.2268,0.0036,0.0040,0.0011,0.4772,0.4989,1.3806,-0.0782,0.0657,0.0970,high_score
2024-01-02,001696.SZ,宗申动力,摩托车,1.8821,0.9725,1.2044,18.7461,0.6717,-0.0044,-0.0448,0.6429,0.8016,0.4980,-0.0055,-0.0018,-0.0023,-0.0015,0.4500,0.4333,1.2057,0.0359,0.1294,0.0080,missed
2024-02-26,001696.SZ,宗申动力,摩托车,2.3696,0.8000,3.7358,18.6387,0.2725,-0.1366,-0.1145,0.0694,0.1964,0.0694,-0.1115,0.0041,-0.0010,-0.0004,0.5000,0.4500,1.1875,-0.0901,-0.0604,-0.0001,missed
2024-03-05,001696.SZ,宗申动力,摩托车,2.4613,0.9355,3.8647,18.6637,0.2015,-0.1252,-0.1200,0.0913,0.1984,0.0913,-0.0960,0.0092,0.0006,-0.0002,0.5800,0.4833,1.4605,-0.1787,-0.1492,0.0007,missed
2024-05-14,001696.SZ,宗申动力,摩托车,-0.3284,0.1471,1.3343,20.7733,0.9962,1.5088,0.7847,0.9563,0.9563,0.9524,0.5874,0.0156,0.0119,0.0040,0.6400,0.6133,2.3149,-0.0299,0.5193,0.0900,high_score
2024-06-27,001696.SZ,宗申动力,摩托车,-0.7353,0.2000,1.1092,20.9235,0.9975,0.5693,0.6101,0.8254,0.8254,0.8254,0.2012,-0.0051,0.0037,0.0029,0.4000,0.5033,0.9851,-0.0544,0.3488,0.1793,high_score
2024-07-19,001696.SZ,宗申动力,摩托车,0.4119,0.4516,1.0387,19.9062,0.2535,-0.1396,0.5256,0.7579,0.7579,0.7619,-0.0665,-0.0065,-0.0001,0.0030,0.4100,0.4667,0.7436,-0.0828,-0.1154,0.1755,high_score
2024-08-28,001696.SZ,宗申动力,摩托车,-0.9964,0.0526,1.0036,20.3583,0.5032,-0.1357,0.8653,0.7341,0.7341,0.7817,-0.0675,0.0005,-0.0008,0.0028,0.4700,0.4467,1.2229,-0.1485,-0.0681,0.0806,high_score
2025-05-14,002008.SZ,大族激光,专用机械,-0.1554,0.1967,1.0831,19.8333,0.1870,-0.1056,-0.1150,0.5833,0.0476,0.5437,-0.1069,0.0029,0.0002,0.0001,0.5211,0.4921,0.8032,-0.0338,-0.1002,0.0541,high_score
2025-06-18,002008.SZ,大族激光,专用机械,0.0641,0.2979,1.6970,19.9777,0.0928,-0.2131,-0.0830,0.4722,0.1032,0.4802,-0.2588,-0.0014,-0.0016,0.0000,0.4763,0.4763,0.8966,0.0095,-0.1076,0.0372,high_score
2025-07-15,002008.SZ,大族激光,专用机械,-0.1275,0.2188,2.4145,19.9951,0.4642,0.0390,-0.0008,0.5079,0.1270,0.5516,0.0595,0.0044,0.0017,0.0010,0.4947,0.4912,1.3964,-0.0403,-0.0566,0.0427,high_score
2025-08-05,002008.SZ,大族激光,专用机械,-0.6367,0.0877,3.5664,20.2712,0.6248,0.0778,-0.0140,0.7579,0.2698,0.7778,0.1020,0.0068,0.0025,0.0014,0.5395,0.4886,1.7419,-0.0647,-0.0857,0.0634,high_score
2021-02-22,002028.SZ,思源电气,电气设备,0.8953,0.8333,1.0326,20.7236,0.6719,0.1058,-0.0832,0.7897,0.5992,0.7063,0.0796,0.0007,0.0033,0.0027,0.5041,0.5103,1.3209,0.1990,-0.1074,0.1434,missed
2021-03-09,002028.SZ,思源电气,电气设备,1.1903,0.9231,1.1580,20.2749,0.7525,0.0739,-0.0471,0.7500,0.6032,0.6667,0.0482,-0.0071,0.0010,0.0015,0.4323,0.4930,0.9677,0.3196,0.0354,0.1457,missed
2025-03-17,002028.SZ,思源电气,电气设备,-0.4562,0.3000,1.1368,19.3125,0.6294,0.0035,0.1160,0.7460,0.6230,0.2897,0.0041,0.0019,0.0001,0.0028,0.5074,0.4677,1.5255,-0.0812,-0.0112,0.0816,high_score
2025-04-18,002028.SZ,思源电气,电气设备,-0.0206,0.2500,1.3281,19.5081,0.5194,-0.0102,-0.0824,0.3948,0.3571,0.0357,-0.0109,-0.0068,-0.0011,-0.0008,0.4277,0.4762,0.9212,0.1127,0.0712,0.0584,high_score
2025-05-16,002028.SZ,思源电气,电气设备,-0.8890,0.0545,1.6192,19.0628,0.4429,-0.0456,-0.0651,0.7063,0.0556,0.1111,-0.0519,0.0019,-0.0010,-0.0010,0.5085,0.4837,0.7664,-0.0108,0.0299,0.0499,high_score
2025-06-27,002028.SZ,思源电气,电气设备,-0.7013,0.2667,1.9186,19.7484,0.3877,-0.0519,-0.0063,0.4921,0.0635,0.0794,-0.0640,0.0015,-0.0010,-0.0006,0.5319,0.4908,1.0032,-0.0296,0.0172,0.0174,high_score
2025-07-09,002028.SZ,思源电气,电气设备,-0.6214,0.0323,1.9016,20.0115,0.2547,-0.0257,0.0200,0.3274,0.0119,0.1468,-0.0363,0.0022,0.0013,0.0002,0.5032,0.4929,1.1610,-0.0783,-0.1038,0.0202,high_score
2025-08-22,002028.SZ,思源电气,电气设备,-0.3342,0.2800,1.3480,19.8149,0.6136,0.1635,0.1541,0.9762,0.3333,0.7222,0.1736,0.0040,0.0031,0.0007,0.5362,0.5216,1.4839,-0.0279,-0.0310,0.0488,high_score
2020-12-07,002049.SZ,紫光国微,半导体,0.9527,0.5417,1.0211,20.9548,0.2129,-0.1095,0.6806,0.7131,0.7131,0.7092,-0.0722,-0.0014,0.0024,0.0022,0.4609,0.4900,2.0254,-0.0194,-0.1538,0.0533,missed
2021-03-12,002049.SZ,紫光国微,半导体,0.8255,0.4500,1.1665,20.3846,0.2825,-0.1051,-0.0876,0.3745,0.3745,0.3705,-0.0684,-0.0024,-0.0021,0.0011,0.4697,0.4709,0.7627,-0.0369,0.0307,0.1517,high_score
2025-01-03,002050.SZ,三花智控,家用电器,-1.5972,0.0244,1.1410,21.0075,0.4573,-0.0675,0.1443,0.4484,0.3611,0.3651,-0.0426,0.0003,-0.0009,0.0005,0.4792,0.4514,0.8005,-0.1156,-0.0018,0.0680,high_score
2025-04-30,002050.SZ,三花智控,家用电器,0.7641,0.5462,1.0398,21.8736,0.1405,-0.1233,0.2448,0.7857,0.7619,0.6429,-0.0782,-0.0039,-0.0005,0.0001,0.4625,0.4917,0.9438,0.0197,-0.0822,0.0452,missed
2021-09-28,002056.SZ,横店东磁,电气设备,0.0362,0.3061,1.0098,19.1601,0.4938,0.0190,-0.0964,0.2341,0.1349,0.0794,0.0142,-0.0000,0.0053,0.0043,0.4756,0.5159,1.1995,-0.1415,-0.3109,0.2416,high_score
2025-05-09,002064.SZ,华峰化学,化纤,1.1348,0.8250,1.0791,18.5521,0.1167,-0.1592,-0.1644,0.0645,0.3387,0.0202,-0.2581,0.0035,-0.0006,-0.0008,0.5375,0.4583,0.8012,-0.0629,-0.1119,0.0176,missed
2024-06-04,002065.SZ,东华软件,软件服务,1.6350,0.8974,1.4100,18.2495,0.1100,-0.1569,-0.2568,0.0159,0.0079,0.0159,-0.1817,-0.0039,-0.0020,-0.0016,0.4407,0.4327,0.8059,-0.0303,-0.0259,0.0377,missed
2024-07-19,002065.SZ,东华软件,软件服务,1.9867,0.8710,1.1383,18.0712,0.2232,-0.1519,-0.1953,0.0238,0.0198,0.0278,-0.1666,-0.0040,-0.0023,-0.0012,0.4107,0.4494,0.9235,0.0035,-0.0050,0.0154,missed
2024-08-07,002065.SZ,东华软件,软件服务,1.7646,0.8571,1.3200,17.8992,0.4376,-0.1346,0.0369,0.0714,0.0675,0.0833,-0.1429,0.0010,-0.0032,0.0003,0.4696,0.4373,0.8976,-0.0002,0.0584,-0.0019,missed
2024-09-02,002065.SZ,东华软件,软件服务,1.0119,0.7377,1.0872,18.3373,0.6999,-0.0589,-0.2213,0.1151,0.1111,0.0516,-0.0589,-0.0019,-0.0028,-0.0025,0.4482,0.4386,0.8999,0.0446,0.1139,-0.0128,missed
2024-12-13,002074.SZ,国轩高科,电气设备,-0.2781,0.3617,1.1442,19.9478,0.2994,0.1727,0.0968,0.8214,0.4683,0.7857,0.1226,-0.0007,0.0047,0.0016,0.4755,0.5018,0.9623,-0.0308,-0.1094,0.1143,high_score
2025-01-02,002074.SZ,国轩高科,电气设备,-0.1185,0.3506,1.1643,19.8472,0.2374,-0.1165,0.1416,0.5873,0.3929,0.5159,-0.1098,-0.0032,-0.0002,0.0021,0.4160,0.4624,0.6914,-0.0303,-0.0941,0.1301,high_score
2025-02-05,002074.SZ,国轩高科,电气设备,-0.6430,0.1163,1.1979,19.2911,0.2946,-0.1053,0.0712,0.6786,0.4663,0.6012,-0.1213,-0.0033,-0.0014,0.0016,0.4213,0.4507,0.9415,0.0209,-0.0179,0.1154,high_score
2024-10-14,002080.SZ,中材科技,玻璃,1.1271,0.7083,1.0046,19.2446,0.3451,0.0616,-0.2058,0.2381,0.6706,0.2381,0.0496,0.0103,0.0025,0.0002,0.5375,0.4542,1.2284,0.0401,-0.0717,0.0159,missed
2024-11-14,002080.SZ,中材科技,玻璃,1.2275,0.8250,1.0171,19.5958,0.5441,0.2348,-0.1613,0.3770,0.7460,0.3611,0.1668,0.0079,0.0047,0.0005,0.6625,0.5333,2.5497,0.0038,-0.0417,0.0497,missed
2024-12-31,002080.SZ,中材科技,玻璃,1.2251,0.8600,1.7224,19.8825,0.5678,-0.0617,0.0447,0.3968,0.6389,0.3849,-0.0470,-0.0048,-0.0015,0.0014,0.3250,0.4625,0.7655,0.1021,0.0474,0.1098,missed
2025-01-16,002080.SZ,中材科技,玻璃,1.1948,0.7586,1.4339,19.8368,0.5905,-0.0221,0.1045,0.2698,0.4722,0.2698,-0.0179,-0.0030,-0.0005,0.0015,0.3750,0.4542,0.8766,-0.0138,0.0256,0.0911,missed
2025-02-10,002080.SZ,中材科技,玻璃,1.3679,0.7879,1.5229,19.2846,0.4108,-0.0958,0.1105,0.3294,0.4881,0.3175,-0.0871,0.0032,-0.0012,0.0015,0.4875,0.4208,0.9109,-0.0637,-0.0072,0.0688,missed
2025-03-03,002080.SZ,中材科技,玻璃,0.9810,0.7551,1.2327,20.1556,0.8141,0.1331,0.5315,0.7242,0.8036,0.6885,0.1142,0.0057,0.0003,0.0032,0.5375,0.4333,1.0869,0.0963,0.1296,0.0428,missed
2025-04-22,002080.SZ,中材科技,玻璃,-0.1114,0.2500,1.8421,19.4480,0.8457,0.1262,0.1162,0.6647,0.9504,0.6329,0.1203,-0.0037,0.0005,0.0001,0.4250,0.4667,0.8888,-0.0276,0.0971,0.0307,high_score
2025-05-16,002080.SZ,中材科技,玻璃,-0.4804,0.1273,1.4870,20.2533,0.9711,0.2449,0.1614,0.9405,1.0000,0.9286,0.2154,0.0018,0.0012,-0.0001,0.5500,0.4875,0.7801,0.1123,0.1645,0.0491,high_score
2025-06-10,002080.SZ,中材科技,玻璃,-0.7360,0.1071,1.6884,20.3387,0.8996,0.1293,0.2289,0.9563,0.9563,0.9683,0.1193,-0.0012,-0.0014,-0.0004,0.4750,0.4667,0.9235,0.1623,0.2094,0.0537,high_score
2025-08-15,002080.SZ,中材科技,玻璃,-0.5818,0.1212,1.0378,20.5542,0.9849,0.9548,1.4006,1.0000,1.0000,1.0000,0.5996,0.0103,0.0075,0.0041,0.4750,0.5083,2.3297,0.0129,0.3588,0.1366,high_score
2023-06-26,002085.SZ,万丰奥威,汽车配件,0.9525,0.7778,1.2352,18.9174,0.8404,0.0698,0.1039,0.7381,0.1270,0.2817,0.0674,0.0063,0.0016,0.0010,0.5225,0.4675,1.0392,-0.0446,-0.0201,0.0152,missed
2023-07-07,002085.SZ,万丰奥威,汽车配件,0.8869,0.7812,1.1016,18.9299,0.8713,0.1041,0.1149,0.8373,0.1647,0.4345,0.0931,0.0088,0.0025,0.0011,0.5925,0.4817,1.5362,-0.1221,-0.0404,0.0205,missed
2023-08-31,002085.SZ,万丰奥威,汽车配件,2.4393,0.9780,1.7522,18.2617,0.2100,-0.1244,-0.1176,0.0437,0.0079,0.0079,-0.1176,-0.0005,0.0027,0.0010,0.3825,0.4758,0.8241,-0.1116,-0.2879,0.0699,missed
2023-09-07,002085.SZ,万丰奥威,汽车配件,2.5062,0.9167,1.8032,18.3240,0.1253,-0.1944,-0.0959,0.0238,0.0040,0.0040,-0.1901,-0.0019,0.0012,0.0012,0.3875,0.4575,0.7819,-0.0915,-0.2594,0.0739,missed
2023-10-24,002085.SZ,万丰奥威,汽车配件,2.0903,0.8750,1.3931,18.4457,0.1261,-0.2175,-0.2187,0.0079,0.0079,0.0079,-0.2013,-0.0031,-0.0009,0.0010,0.3975,0.4267,1.0415,-0.0493,-0.1539,0.0555,missed
2023-11-21,002085.SZ,万丰奥威,汽车配件,2.1267,0.8929,1.2760,18.4328,0.2081,-0.0898,-0.1153,0.1131,0.1131,0.0913,-0.0900,0.0043,0.0008,0.0016,0.5225,0.4617,1.2806,0.0021,-0.1282,0.0357,missed
2023-12-28,002085.SZ,万丰奥威,汽车配件,2.2867,0.9464,1.7207,18.4568,0.3714,-0.0800,-0.2907,0.0278,0.0278,0.0278,-0.0886,-0.0029,-0.0003,-0.0004,0.3900,0.4433,0.8644,-0.0344,-0.0493,0.0249,missed
2024-01-26,002085.SZ,万丰奥威,汽车配件,1.8078,0.7600,2.7319,19.4247,0.8948,0.1024,-0.1528,0.3512,0.3512,0.3333,0.0840,-0.0045,-0.0017,-0.0013,0.4150,0.4275,0.9475,0.2426,0.2072,0.0225,missed
2024-02-05,002085.SZ,万丰奥威,汽车配件,1.6026,0.9104,3.7947,19.6789,0.7085,-0.0656,-0.2540,0.0218,0.0159,0.0159,-0.0478,-0.0071,-0.0034,-0.0022,0.3975,0.4133,1.1358,0.1451,0.1126,0.0216,missed
2024-03-04,002085.SZ,万丰奥威,汽车配件,0.2814,0.5000,1.7436,20.4524,0.9810,0.3778,0.2837,1.0000,0.8214,0.8135,0.2074,0.0058,-0.0005,-0.0002,0.5425,0.4492,1.4958,0.2001,0.4155,0.0195,high_score
2024-11-29,002126.SZ,银轮股份,汽车配件,0.4360,0.5556,1.1241,19.3109,0.4025,0.1880,-0.0160,0.5258,0.3492,0.2302,0.1546,0.0011,0.0058,0.0014,0.4725,0.5350,1.3995,-0.0514,-0.2123,0.1005,missed
2024-12-20,002126.SZ,银轮股份,汽车配件,0.9081,0.7576,1.3165,18.9475,0.0818,0.0421,-0.0319,0.3591,0.2817,0.2103,0.0383,0.0016,0.0045,0.0019,0.4925,0.5100,0.8831,-0.0932,-0.2638,0.1444,missed
2025-01-03,002126.SZ,银轮股份,汽车配件,0.3737,0.5366,1.4043,19.5930,0.1910,-0.1391,-0.0122,0.5417,0.3631,0.2599,-0.1354,-0.0025,-0.0003,0.0014,0.4475,0.4608,0.8293,0.0594,-0.1106,0.1511,missed
2023-08-14,002130.SZ,沃尔核材,电气设备,3.1346,1.0000,1.1561,18.3265,0.4705,-0.0423,-0.0849,0.2877,0.0437,0.0794,-0.0470,-0.0029,-0.0012,-0.0012,0.4074,0.4292,0.9653,-0.0491,0.0363,0.0319,missed
2023-09-14,002130.SZ,沃尔核材,电气设备,3.1255,0.9310,1.0149,18.1111,0.1637,-0.1815,-0.1004,0.3611,0.1210,0.0536,-0.2498,-0.0032,-0.0025,-0.0017,0.3798,0.4028,0.8481,0.0411,-0.0432,0.0300,missed
2023-10-16,002130.SZ,沃尔核材,电气设备,3.1172,0.9375,1.2561,18.6368,0.5230,-0.0601,-0.0539,0.6310,0.4246,0.2698,-0.0905,-0.0015,-0.0028,-0.0017,0.4064,0.3929,0.9076,0.0598,0.0963,0.0203,missed
2024-01-18,002130.SZ,沃尔核材,电气设备,3.1712,0.9773,1.9653,18.8233,0.7757,0.0331,-0.0628,0.1310,0.1032,0.0119,0.0397,0.0028,-0.0002,-0.0015,0.4979,0.4457,1.0990,-0.0856,0.0470,0.0184,missed
2024-02-26,002130.SZ,沃尔核材,电气设备,3.2821,0.9250,1.8689,18.6680,0.2763,-0.1360,-0.0554,0.0754,0.0754,0.0714,-0.1122,-0.0002,-0.0011,-0.0008,0.4745,0.4305,1.3156,-0.0203,-0.0634,0.0250,missed
2024-03-04,002130.SZ,沃尔核材,电气设备,3.1195,0.9868,1.4989,19.2258,0.3929,-0.0476,-0.0071,0.3472,0.3472,0.1111,-0.0351,0.0041,0.0003,-0.0007,0.5330,0.4578,1.3103,-0.0081,-0.0563,0.0265,missed
2024-04-23,002130.SZ,沃尔核材,电气设备,0.4064,0.4348,1.1726,21.0475,0.9975,0.7114,0.7681,0.9802,0.9444,0.9802,0.3204,-0.0014,0.0005,0.0002,0.4383,0.4649,1.2852,0.2026,0.6870,0.0501,high_score
2024-09-24,002130.SZ,沃尔核材,电气设备,0.3702,0.3793,1.0019,20.9031,0.1184,-0.1785,0.0413,0.6071,0.5714,0.6071,-0.1000,0.0031,-0.0004,-0.0006,0.4936,0.4397,0.9127,-0.2286,-0.1451,0.0264,high_score
2024-05-31,002131.SZ,利欧股份,互联网,1.1121,0.8148,1.3027,18.4696,0.0265,-0.2542,-0.2348,0.0119,,0.0119,-0.2992,-0.0048,-0.0031,-0.0009,0.4000,0.4352,0.7435,-0.0250,-0.0696,0.0255,missed
2024-06-04,002131.SZ,利欧股份,互联网,0.9774,0.7436,1.4207,18.9683,0.0164,-0.2833,-0.3013,0.0040,,0.0040,-0.3218,-0.0055,-0.0028,-0.0014,0.3833,0.4407,0.7544,-0.0492,-0.1097,0.0229,missed
2024-07-17,002131.SZ,利欧股份,互联网,1.5081,0.8235,1.1701,18.0846,0.0492,-0.3033,-0.3348,0.0734,,0.0734,-0.2498,-0.0034,-0.0029,-0.0012,0.4222,0.4352,0.8384,0.0926,-0.1316,-0.0009,missed
2024-08-13,002131.SZ,利欧股份,互联网,1.9369,0.6364,1.6154,17.7533,0.1501,-0.2513,-0.3559,0.0337,0.1164,0.0337,-0.2244,0.0006,-0.0030,-0.0017,0.3944,0.3926,0.8810,-0.0495,-0.0760,-0.0200,missed
2024-09-23,002131.SZ,利欧股份,互联网,1.4504,0.8158,1.3958,17.7460,0.7639,0.0000,-0.3425,0.1349,0.3450,0.2460,0.0000,0.0035,-0.0001,-0.0014,0.5333,0.4481,1.0573,-0.0329,0.0148,-0.0084,missed
2024-10-18,002131.SZ,利欧股份,互联网,1.4168,0.8333,1.2503,19.2782,0.5630,0.1497,-0.1991,0.3373,0.7500,0.3552,0.1360,0.0130,0.0049,0.0010,0.5667,0.4907,1.6004,-0.0495,-0.1482,0.0164,missed
2024-11-04,002131.SZ,利欧股份,互联网,1.1609,0.7288,1.0067,19.2009,0.6877,0.2400,-0.0792,0.4187,0.8560,0.4524,0.1943,0.0018,0.0051,0.0010,0.4833,0.5000,2.8641,-0.0115,-0.0692,0.0439,missed
2025-04-11,002131.SZ,利欧股份,互联网,1.9315,0.8571,1.0771,20.6496,0.2798,-0.0612,0.9167,0.6845,0.6558,0.6845,-0.0302,-0.0061,0.0010,0.0018,0.4056,0.4852,0.6158,-0.0885,-0.0964,0.0882,missed
2025-05-27,002131.SZ,利欧股份,互联网,1.5184,0.8649,1.5698,20.1712,0.1844,-0.1789,0.2013,0.6587,,0.6548,-0.1206,0.0023,-0.0013,0.0004,0.5111,0.4648,1.0088,0.0103,-0.0904,0.0389,missed
2025-06-17,002131.SZ,利欧股份,互联网,2.8086,1.0000,1.2999,19.9365,0.1782,-0.1755,-0.1655,0.5774,,0.5655,-0.1352,0.0046,0.0001,0.0004,0.5389,0.4944,1.1533,-0.1909,-0.1753,0.0386,missed
2025-07-08,002131.SZ,利欧股份,互联网,2.7063,0.8889,1.1202,19.8886,0.5872,0.0929,0.2007,0.5496,,0.5774,0.0822,0.0059,0.0042,0.0028,0.5111,0.5278,1.3991,-0.1766,-0.2029,0.0585,missed
2025-05-14,002155.SZ,湖南黄金,黄金,0.2952,0.3279,1.1238,20.3322,0.9699,0.2572,0.4251,0.8730,0.0159,0.8294,0.1680,-0.0002,0.0029,0.0023,0.4200,0.4933,1.7029,0.0038,0.0948,0.0730,high_score
2025-08-07,002156.SZ,通富微电,半导体,1.0035,0.8214,1.1590,21.0237,0.5772,0.0621,-0.0708,0.6389,0.3016,0.6071,0.0815,0.0035,0.0005,0.0002,0.5691,0.5044,1.2177,0.0338,0.0381,0.0181,missed
2024-02-06,002185.SZ,华天科技,半导体,1.0776,0.5600,1.2194,19.5142,0.1267,-0.2992,-0.2969,0.0119,0.1667,0.0119,-0.3075,-0.0074,-0.0051,-0.0023,0.3837,0.3955,0.9380,-0.0271,-0.0294,0.0350,missed
2024-06-06,002195.SZ,岩山科技,软件服务,0.1979,0.3721,1.4514,19.4178,0.2832,-0.0789,-0.1969,0.0337,0.0040,0.0278,-0.0781,-0.0043,-0.0018,-0.0016,0.4204,0.4370,0.8090,-0.0332,0.0428,0.0370,high_score
2024-07-31,002195.SZ,岩山科技,软件服务,0.0775,0.2763,1.1020,19.1197,0.2598,-0.1723,-0.0684,0.0853,0.0694,0.0813,-0.1805,0.0012,-0.0031,-0.0006,0.5054,0.4455,0.9290,-0.0436,0.0151,0.0057,high_score
2024-08-27,002195.SZ,岩山科技,软件服务,0.1143,0.3548,1.6037,18.8926,0.2774,-0.1993,-0.2517,0.0079,0.0040,0.0040,-0.2024,-0.0024,-0.0035,-0.0029,0.3857,0.4210,0.8953,-0.0301,0.0080,-0.0124,high_score
2025-01-07,002195.SZ,岩山科技,软件服务,0.1345,0.3226,1.1604,21.2437,0.9548,0.3502,0.5391,0.9067,0.6210,0.9067,0.1590,-0.0066,0.0006,0.0040,0.4310,0.4885,0.8629,-0.1925,0.3403,0.2824,high_score
2025-04-30,002202.SZ,金风科技,电气设备,0.1474,0.3154,2.4275,19.7797,0.2296,-0.0895,-0.1958,0.5020,0.0635,0.5000,-0.1139,-0.0044,-0.0009,-0.0009,0.4862,0.4794,0.8077,0.0782,-0.0201,0.0542,high_score
2025-05-26,002202.SZ,金风科技,电气设备,0.7242,0.4103,1.7896,18.9988,0.6060,-0.0033,-0.0941,0.5218,0.0992,0.4881,-0.0046,0.0003,-0.0015,-0.0007,0.4628,0.4706,0.8086,0.0936,0.1002,0.0425,high_score
2025-06-30,002202.SZ,金风科技,电气设备,0.8532,0.6400,1.7153,19.5619,0.8984,0.1543,-0.0321,0.7877,0.3492,0.7857,0.1992,0.0030,-0.0005,-0.0005,0.5691,0.5021,1.0149,0.0472,0.1934,0.0174,missed
2025-07-30,002202.SZ,金风科技,电气设备,1.1974,0.7750,1.6458,20.3471,0.6713,0.1154,0.0871,0.6091,0.2361,0.5893,0.1716,0.0028,0.0014,0.0005,0.4777,0.4858,1.6317,-0.0936,0.0316,0.0319,missed
2025-08-08,002202.SZ,金风科技,电气设备,1.7102,0.8235,1.7770,20.8655,0.6876,0.1045,0.1117,0.7500,0.3214,0.7262,0.1508,0.0021,0.0013,0.0002,0.4957,0.4858,1.6629,-0.0205,0.0296,0.0363,missed
2021-08-10,002244.SZ,滨江集团,区域地产,1.0994,0.6250,1.0884,17.8274,0.2233,-0.1239,-0.1180,0.0437,0.0437,0.0437,-0.2154,-0.0043,-0.0030,-0.0012,0.3250,0.3833,0.9769,0.0213,0.0504,-0.0249,missed
2021-10-26,002244.SZ,滨江集团,区域地产,-0.5829,0.1375,1.1547,17.9907,0.6443,0.0463,-0.0424,0.2044,0.2044,0.1032,0.0510,0.0029,0.0013,-0.0006,0.4750,0.4583,1.2567,-0.1196,-0.0100,-0.0049,high_score
2021-11-26,002244.SZ,滨江集团,区域地产,0.4421,0.5068,1.2626,17.6743,0.6119,0.0202,-0.1477,0.1310,0.1310,0.0437,0.0182,-0.0010,0.0002,-0.0020,0.4000,0.4500,1.0045,0.0190,0.0370,0.0264,missed
2021-12-07,002244.SZ,滨江集团,区域地产,0.6318,0.8158,1.3915,18.4411,0.1465,-0.1313,-0.0347,0.2123,0.2123,0.1468,-0.1358,0.0042,-0.0014,-0.0011,0.5000,0.4333,0.9212,-0.0104,-0.0268,0.0228,missed
2022-01-10,002244.SZ,滨江集团,区域地产,0.7968,0.7273,1.2273,19.2992,0.8408,0.1648,0.2257,1.0000,0.6786,0.8929,0.1673,0.0068,0.0010,0.0007,0.5250,0.4667,1.2583,0.0717,0.1201,0.0023,missed
2022-07-13,002261.SZ,拓维信息,软件服务,0.0195,0.2917,1.2248,17.5642,0.4271,-0.0289,-0.2586,0.0913,0.0714,0.0913,-0.0228,-0.0027,0.0001,-0.0018,0.4427,0.4943,1.3857,0.0078,-0.0084,0.0195,high_score
2022-08-29,002261.SZ,拓维信息,软件服务,2.2524,0.8776,1.2329,18.7057,0.5720,0.0126,-0.1526,0.2619,0.2103,0.2183,0.0112,-0.0025,-0.0011,-0.0013,0.4130,0.4554,1.0606,0.0001,0.0927,0.0551,missed
2022-09-29,002261.SZ,拓维信息,软件服务,2.2312,0.9024,2.3843,17.9918,0.6689,-0.0574,-0.1405,0.0536,0.0437,0.0476,-0.0465,-0.0029,-0.0017,-0.0009,0.4167,0.4383,0.8322,-0.0497,0.0513,0.0429,missed
2022-10-17,002261.SZ,拓维信息,软件服务,1.9908,0.8276,2.1910,19.2792,0.9147,0.1687,0.1320,0.4643,0.3929,0.4206,0.1249,0.0005,0.0006,0.0002,0.4611,0.4704,0.8539,0.0126,0.1388,0.0420,missed
2022-11-25,002261.SZ,拓维信息,软件服务,2.3957,1.0000,1.3797,18.6750,0.7666,0.0470,0.1129,0.5099,0.4286,0.4405,0.0365,0.0018,0.0020,0.0010,0.4611,0.4741,2.1938,-0.0401,-0.0692,0.0516,missed
2022-12-08,002261.SZ,拓维信息,软件服务,2.3668,1.0000,1.7299,18.8540,0.5535,0.0000,0.0804,0.4762,0.4087,0.4246,0.0000,-0.0003,0.0021,0.0006,0.4148,0.4660,1.7297,-0.0475,-0.1142,0.0621,missed
2023-01-03,002261.SZ,拓维信息,软件服务,1.4733,0.8966,1.5349,19.5204,0.8726,0.2540,0.1216,0.6329,0.5417,0.5754,0.2040,0.0005,0.0046,0.0012,0.4593,0.5062,0.7754,-0.0387,-0.0419,0.0804,missed
2023-02-01,002261.SZ,拓维信息,软件服务,0.3320,0.3590,1.2639,19.8350,0.1365,-0.0264,0.0852,0.8611,0.7024,0.8333,-0.0244,0.0095,0.0028,0.0022,0.6074,0.4914,1.0958,-0.0864,-0.1970,0.0887,high_score
2024-02-08,002261.SZ,拓维信息,软件服务,0.3209,0.4918,1.0688,20.3236,0.0431,-0.3382,-0.2728,0.1746,,0.2659,-0.2283,-0.0053,-0.0043,-0.0024,0.4093,0.3969,0.9962,-0.0693,-0.0954,0.0314,high_score
2024-06-11,002261.SZ,拓维信息,软件服务,0.2328,0.4889,1.9260,19.3400,0.0215,-0.3153,-0.2970,0.0317,,0.0357,-0.2595,-0.0022,-0.0023,-0.0016,0.4667,0.4302,0.8100,0.0115,-0.1708,0.0359,high_score
2024-07-19,002261.SZ,拓维信息,软件服务,0.9707,0.6452,1.8455,19.3856,0.1337,-0.2029,-0.2495,0.0198,,0.0198,-0.1808,-0.0040,-0.0023,-0.0012,0.4107,0.4494,0.9235,-0.0546,-0.0560,0.0154,missed
2024-08-07,002261.SZ,拓维信息,软件服务,1.0833,0.7429,2.2843,18.9762,0.3291,-0.1650,0.0209,0.0278,0.0857,0.0238,-0.1464,0.0010,-0.0032,0.0003,0.4696,0.4373,0.8976,-0.0403,0.0280,-0.0019,missed
2025-01-03,002261.SZ,拓维信息,软件服务,0.1835,0.3415,1.1488,20.7016,0.2236,-0.1263,0.5705,0.7183,0.6331,0.7103,-0.0689,-0.0073,0.0008,0.0041,0.4259,0.4891,0.8651,-0.0572,-0.1378,0.2877,high_score
2022-04-25,002262.SZ,恩华药业,化学制药,0.7530,0.6531,1.1757,18.4964,0.4513,-0.2530,-0.2296,0.0040,0.0040,0.0040,-0.2550,-0.0091,-0.0038,-0.0016,0.3389,0.4324,1.7432,0.0291,-0.0578,0.0226,missed
2021-03-17,002265.SZ,建设工业,专用机械,0.5731,0.3889,1.0015,16.4175,0.1229,-0.1799,-0.1957,0.1131,0.1338,0.1131,-0.1590,-0.0030,-0.0004,0.0006,0.4750,0.4843,0.7742,0.1664,-0.1403,0.1160,high_score
2021-04-19,002265.SZ,建设工业,专用机械,0.4550,0.4583,2.4116,16.9471,0.6053,0.0192,-0.1288,0.2103,,0.2440,0.0192,0.0040,0.0001,0.0013,0.5333,0.4935,0.8286,-0.0355,0.0359,0.0774,high_score
2021-05-31,002265.SZ,建设工业,专用机械,2.1026,0.9479,1.8838,16.7285,0.3944,-0.0203,-0.2488,0.0556,,0.1190,-0.0265,0.0016,0.0013,0.0012,0.4889,0.4917,1.2568,-0.0879,-0.0887,0.0538,missed
2021-06-30,002265.SZ,建设工业,专用机械,3.1255,0.9851,1.3378,16.7370,0.4686,0.0060,-0.0601,0.2857,,0.3135,0.0068,0.0008,0.0017,0.0011,0.4889,0.4907,1.2724,0.0526,-0.0761,0.0651,missed
2021-07-01,002265.SZ,建设工业,专用机械,3.1320,0.9727,1.6462,16.8273,0.3278,-0.0658,-0.0931,0.1786,,0.2341,-0.0767,0.0011,0.0015,0.0009,0.4972,0.4898,1.2721,0.0238,-0.1369,0.0659,missed
2024-04-10,002265.SZ,建设工业,专用机械,3.4428,0.8333,1.6117,17.4138,0.2294,-0.0936,-0.1918,0.0813,0.0813,0.1607,-0.0659,-0.0031,0.0010,0.0000,0.4158,0.4728,1.3626,0.0468,-0.1354,0.0467,missed
2024-05-17,002265.SZ,建设工业,专用机械,3.5034,0.9519,1.4828,17.5101,0.4443,0.0648,-0.1729,0.1607,0.0437,0.0992,0.0564,0.0030,0.0024,0.0004,0.5211,0.5096,1.0402,0.0372,-0.0994,0.0850,missed
2024-06-18,002265.SZ,建设工业,专用机械,3.3364,0.9677,1.6011,17.2875,0.2465,-0.1278,-0.2466,0.0456,0.0179,0.0337,-0.1151,-0.0026,-0.0013,0.0003,0.4474,0.4588,0.9934,-0.0378,-0.0387,0.0810,missed
2024-07-05,002265.SZ,建设工业,专用机械,3.2981,0.8000,1.3836,17.0339,0.2636,-0.1457,-0.2379,0.0337,0.0238,0.0278,-0.1277,-0.0053,-0.0020,-0.0007,0.4316,0.4561,0.8744,0.0488,-0.0216,0.0682,missed
2024-08-12,002265.SZ,建设工业,专用机械,3.1239,1.0000,1.5791,16.8806,0.3909,-0.1560,-0.1014,0.0655,0.0615,0.0655,-0.1519,-0.0021,-0.0034,-0.0005,0.4079,0.4140,0.8952,0.0626,0.0381,0.0219,missed
2024-09-30,002265.SZ,建设工业,专用机械,1.9016,0.8475,1.5516,18.9506,0.6864,0.2363,0.0222,0.6448,0.4425,0.4921,0.2091,0.0132,0.0032,0.0004,0.5632,0.4807,1.0140,-0.0017,0.0480,0.0005,missed
2024-10-09,002265.SZ,建设工业,专用机械,1.7026,0.8039,1.6709,19.0092,0.6385,0.2371,0.0078,0.5813,0.4206,0.4444,0.1968,0.0161,0.0043,0.0009,0.5684,0.4842,1.1391,-0.0526,-0.0267,0.0041,missed
2024-11-01,002265.SZ,建设工业,专用机械,1.1063,0.6250,2.9944,18.3856,0.6373,0.1844,0.0208,0.7302,0.5000,0.5278,0.1407,0.0093,0.0040,0.0005,0.4816,0.4746,3.1874,-0.0612,-0.0422,0.0374,missed
2024-12-03,002265.SZ,建设工业,专用机械,0.5260,0.5333,1.8157,18.5779,0.9132,0.6622,0.4995,1.0000,0.8452,0.9921,0.3919,0.0005,0.0065,0.0018,0.4447,0.4991,1.5089,0.1418,0.2378,0.1127,missed
2024-01-26,002273.SZ,水晶光电,元器件,3.1788,0.9600,1.0915,19.1849,0.2104,-0.1604,-0.0123,0.1766,0.1766,0.1389,-0.1670,-0.0071,-0.0022,-0.0013,0.3489,0.4257,0.9779,0.0095,-0.0295,0.0508,missed
2024-02-22,002273.SZ,水晶光电,元器件,3.1950,0.9531,1.1131,19.4546,0.2231,-0.1717,0.0622,0.1548,0.1548,0.0873,-0.1380,0.0002,-0.0025,-0.0003,0.4733,0.4185,1.1161,-0.0865,-0.0159,0.0314,missed
2022-09-16,002281.SZ,光迅科技,通信设备,1.2311,0.7059,1.2535,18.2049,0.6192,-0.0344,-0.1668,0.1111,0.1111,0.0913,-0.0384,-0.0072,-0.0002,-0.0007,0.3700,0.4550,1.0400,-0.0445,-0.0038,0.0750,missed
2022-10-10,002281.SZ,光迅科技,通信设备,1.0243,0.7800,1.4914,17.8653,0.5079,-0.1303,-0.0990,0.0198,0.0198,0.0119,-0.1447,-0.0076,-0.0018,-0.0001,0.3425,0.4325,0.8178,-0.0479,-0.0181,0.0724,missed
2024-02-02,002281.SZ,光迅科技,通信设备,0.7963,0.7115,1.1101,20.3574,0.2471,-0.2725,-0.2781,0.0516,0.1111,0.0159,-0.1735,-0.0055,-0.0030,-0.0019,0.3857,0.4111,0.8589,-0.0740,-0.1043,0.0348,missed
2025-07-28,002281.SZ,光迅科技,通信设备,1.4814,0.7241,1.5584,22.4668,0.8519,0.2606,0.0127,0.9246,0.8254,0.8254,0.2220,0.0028,0.0035,0.0007,0.4932,0.5303,1.2671,0.0078,0.0169,0.0695,missed
2025-08-05,002281.SZ,光迅科技,通信设备,1.6244,0.9474,2.5366,21.6244,0.7478,0.1221,0.0271,0.8452,0.7659,0.7659,0.1089,0.0044,0.0026,0.0010,0.5205,0.5121,1.2394,-0.0105,-0.0571,0.0854,missed
2025-02-14,002294.SZ,信立泰,化学制药,0.3635,0.5122,1.0804,19.3510,0.4573,-0.0830,0.0048,0.4444,0.4722,0.0833,-0.0986,0.0021,-0.0009,0.0010,0.4800,0.4433,0.7927,-0.0359,-0.0238,0.0516,missed
2020-12-02,002312.SZ,川发龙蟒,化工原料,0.4869,0.6038,1.2817,17.9353,0.1928,-0.1228,0.2739,0.7520,0.6180,0.5161,-0.1225,0.0026,0.0008,0.0035,0.4952,0.4849,1.5118,-0.1098,-0.1777,0.1382,missed
2021-01-04,002312.SZ,川发龙蟒,化工原料,-0.5772,0.3182,1.2622,18.1535,0.1626,-0.1132,0.0233,0.6129,0.4809,0.3730,-0.1334,0.0021,0.0018,0.0018,0.5032,0.4899,1.1131,-0.0844,-0.2355,0.1176,high_score
2024-02-08,002312.SZ,川发龙蟒,化工原料,1.5899,0.9180,1.5402,18.7337,0.4487,-0.1003,-0.1823,0.1190,0.1190,0.1111,-0.0843,0.0003,-0.0013,-0.0010,0.4391,0.4152,1.1136,-0.0196,-0.0202,0.0184,missed
2024-03-12,002312.SZ,川发龙蟒,化工原料,1.6463,0.8478,1.6073,18.6892,0.5513,0.0248,-0.0786,0.2619,0.2619,0.2540,0.0185,0.0103,0.0005,-0.0005,0.5674,0.4551,1.4932,0.1721,0.0085,0.0237,missed
2021-02-01,002335.SZ,科华数据,电气设备,2.6091,0.9661,1.1509,18.8336,0.3622,-0.0589,-0.2300,0.0575,0.4087,0.6349,-0.0429,-0.0008,0.0033,0.0025,0.4604,0.5058,1.6716,-0.1817,-0.2789,0.1311,missed
2021-03-03,002335.SZ,科华数据,电气设备,2.0603,0.8372,1.2516,17.8709,0.2057,-0.1170,-0.4055,0.0635,0.4484,0.6032,-0.0926,-0.0030,0.0028,0.0024,0.4716,0.5044,1.0798,-0.0036,-0.2846,0.1458,missed
2021-05-28,002335.SZ,科华数据,电气设备,2.7839,0.9737,1.0552,18.1790,0.1063,-0.1729,-0.2048,0.0635,0.0635,0.2540,-0.1988,0.0040,0.0009,0.0018,0.5090,0.4887,1.1496,-0.1890,-0.2346,0.0589,missed
2022-04-20,002335.SZ,科华数据,电气设备,3.2035,0.8542,1.5088,18.9106,0.0881,-0.3621,-0.4319,0.2262,0.1667,0.2183,-0.2315,-0.0087,-0.0046,-0.0021,0.3489,0.4194,0.9353,-0.0955,-0.0989,0.0055,missed
2022-05-10,002335.SZ,科华数据,电气设备,2.7710,1.0000,1.2891,18.9152,0.1173,-0.3072,-0.5162,0.2183,0.1548,0.1786,-0.1761,-0.0030,-0.0032,-0.0027,0.4591,0.4390,0.7584,-0.0700,-0.1141,-0.0032,missed
2024-06-11,002335.SZ,科华数据,电气设备,2.9234,0.9556,1.1450,18.1428,0.1163,-0.1862,-0.1309,0.0754,0.0079,0.0595,-0.1508,-0.0023,-0.0004,0.0006,0.3840,0.4326,1.2131,-0.0311,-0.1571,0.0831,missed
2024-07-29,002335.SZ,科华数据,电气设备,2.1640,0.9167,1.1643,18.5666,0.0895,-0.2859,-0.2194,0.0159,0.0119,0.0159,-0.3075,-0.0011,-0.0017,0.0000,0.4553,0.4301,0.8476,-0.0887,-0.1867,0.0696,missed
2024-08-30,002335.SZ,科华数据,电气设备,2.4678,0.9895,1.2345,19.4215,0.1967,-0.1972,-0.2955,0.1071,0.1032,0.0635,-0.1800,-0.0010,-0.0020,-0.0005,0.4319,0.4245,0.9078,0.0257,-0.0783,0.0351,missed
2024-09-18,002335.SZ,科华数据,电气设备,2.3233,1.0000,1.0722,18.1499,0.4118,-0.1280,-0.3958,0.0833,0.0794,0.0516,-0.1178,0.0001,-0.0012,-0.0010,0.4479,0.4309,0.8724,0.0779,-0.0548,0.0277,missed
2024-11-26,002335.SZ,科华数据,电气设备,2.3867,0.8286,1.1944,18.7740,0.7472,0.3662,-0.0543,0.3492,0.2976,0.3135,0.2030,-0.0013,0.0053,0.0011,0.4755,0.5074,1.9739,-0.1151,0.0402,0.0867,missed
2024-12-09,002335.SZ,科华数据,电气设备,2.6388,0.9818,1.3066,18.8320,0.3459,0.1621,-0.0233,0.3532,0.3016,0.3175,0.0935,-0.0030,0.0049,0.0017,0.4415,0.5000,1.1951,-0.0940,-0.1332,0.1059,missed
2025-01-02,002335.SZ,科华数据,电气设备,-0.0004,0.4286,1.7575,20.6145,0.8555,0.1086,0.3851,0.7857,0.5913,0.6865,0.0622,-0.0032,-0.0002,0.0021,0.4160,0.4624,0.6914,0.2241,0.1311,0.1301,high_score
2025-03-13,002353.SZ,杰瑞股份,化工机械,1.3579,0.7667,1.0555,19.1880,0.6457,0.0048,0.3097,0.7421,0.7421,0.7024,0.0043,-0.0021,-0.0010,0.0022,0.4250,0.4417,1.2199,-0.0151,0.0734,0.0564,missed
2025-04-09,002353.SZ,杰瑞股份,化工机械,2.6383,0.9500,1.5208,19.9792,0.0552,-0.1955,-0.1637,0.0913,0.0913,0.0556,-0.1501,-0.0080,-0.0021,-0.0009,0.4500,0.4833,1.1930,-0.0502,-0.0584,0.0238,missed
2025-05-07,002353.SZ,杰瑞股份,化工机械,1.7213,0.9265,1.7525,19.5068,0.0665,-0.1746,-0.1208,0.3075,0.1905,0.1429,-0.1350,-0.0014,-0.0012,-0.0013,0.5250,0.4917,0.9280,-0.0426,-0.0861,-0.0045,missed
2025-06-11,002353.SZ,杰瑞股份,化工机械,0.9818,0.8776,2.4656,19.1203,0.5383,-0.0261,-0.0176,0.5337,0.3770,0.3690,-0.0227,-0.0005,-0.0003,-0.0005,0.5250,0.5083,0.7099,0.0294,0.0115,-0.0060,missed
2025-07-10,002353.SZ,杰瑞股份,化工机械,0.6288,0.4706,2.2152,20.2476,0.7553,0.1316,-0.0537,0.6389,0.4524,0.4563,0.1587,0.0012,0.0017,0.0001,0.5250,0.5167,0.9131,-0.0285,0.0306,-0.0080,high_score
2025-08-05,002353.SZ,杰瑞股份,化工机械,0.0152,0.3860,2.6475,19.2104,0.8331,0.1786,0.0688,0.9921,0.9246,0.9524,0.2371,0.0070,0.0022,0.0008,0.6500,0.5583,1.7962,0.0335,0.0447,0.0337,high_score
2020-12-04,002371.SZ,北方华创,半导体,2.1832,0.8621,1.1232,20.5707,0.2345,-0.1060,0.0512,0.6389,0.4722,0.4960,-0.0717,0.0025,0.0026,0.0021,0.4781,0.4957,2.1511,-0.1759,-0.1656,0.0536,missed
2021-02-24,002371.SZ,北方华创,半导体,0.8016,0.7660,1.0333,21.0228,0.7078,0.1001,-0.0005,0.7937,0.7698,0.7460,0.0656,-0.0045,0.0005,0.0010,0.4606,0.5055,1.1479,-0.0518,0.0786,0.1578,missed
2021-03-16,002371.SZ,北方华创,半导体,0.7858,0.6207,1.6826,20.9266,0.1780,-0.1573,-0.1123,0.1468,0.0079,0.0913,-0.0838,-0.0070,-0.0033,0.0005,0.4061,0.4572,0.7107,-0.1700,0.0365,0.1389,missed
2021-04-06,002371.SZ,北方华创,半导体,0.4775,0.5882,1.0576,20.7218,0.1941,-0.1684,-0.0087,0.3452,0.2857,0.1984,-0.0934,0.0006,-0.0012,0.0006,0.4909,0.4753,0.6666,-0.0355,-0.0750,0.0702,missed
2024-02-19,002384.SZ,东山精密,元器件,1.5093,0.8372,1.2232,20.1843,0.0938,-0.2591,-0.2892,0.0397,0.0397,0.0397,-0.2059,-0.0026,-0.0030,-0.0006,0.4178,0.4097,1.0670,-0.0483,-0.0848,0.0357,missed
2024-03-29,002384.SZ,东山精密,元器件,1.5508,0.8837,1.1118,19.6603,0.1369,-0.1357,-0.1418,0.0952,0.0952,0.0952,-0.0819,0.0007,0.0001,0.0004,0.4589,0.4589,1.7143,-0.0509,-0.1181,0.0206,missed
2024-04-09,002384.SZ,东山精密,元器件,1.9255,0.9000,1.0913,19.2916,0.1635,-0.1277,-0.2066,0.0853,0.0853,0.0853,-0.0796,-0.0021,-0.0002,-0.0003,0.4300,0.4559,1.5967,0.0179,-0.0943,0.0217,missed
2024-05-15,002384.SZ,东山精密,元器件,1.2919,0.7568,1.2434,19.7436,0.6946,0.2223,-0.1883,0.2500,0.5556,0.1667,0.1584,0.0029,0.0041,-0.0004,0.5109,0.5133,0.9064,0.0778,-0.0319,0.0524,missed
2024-11-29,002384.SZ,东山精密,元器件,0.4167,0.5185,1.2208,21.6914,0.4692,0.2175,0.6279,0.8889,0.8849,0.8492,0.1022,0.0018,0.0060,0.0026,0.4913,0.5109,1.7585,-0.2184,-0.1597,0.1352,missed
2024-12-04,002384.SZ,东山精密,元器件,0.4985,0.6429,1.5367,21.3898,0.3057,0.1418,0.7267,0.9008,0.8968,0.8532,0.0699,-0.0006,0.0056,0.0028,0.4533,0.5018,1.5822,-0.2250,-0.2095,0.1393,missed
2025-01-24,002384.SZ,东山精密,元器件,-0.5149,0.2000,1.1288,21.5858,0.8442,0.1055,0.4374,0.9960,0.9960,0.9960,0.0576,0.0014,0.0020,0.0037,0.4576,0.4873,1.0512,0.0766,-0.0138,0.1601,high_score
2025-02-06,002384.SZ,东山精密,元器件,-0.0777,0.3415,1.1234,22.1061,0.4497,-0.0810,0.3588,0.9722,0.9722,0.9722,-0.0424,0.0043,0.0017,0.0038,0.4946,0.4815,1.0800,0.0259,-0.1725,0.1566,high_score
2025-03-24,002384.SZ,东山精密,元器件,0.6467,0.4643,1.3360,21.2338,0.8543,0.1404,0.7556,0.9405,0.9405,0.9405,0.0781,-0.0023,0.0019,0.0046,0.4424,0.4913,1.3416,0.0236,0.0325,0.1189,high_score
2025-04-16,002384.SZ,东山精密,元器件,3.0211,1.0000,2.5413,21.3144,0.0301,-0.2167,-0.0592,0.4246,0.4246,0.3532,-0.1122,-0.0105,-0.0000,0.0007,0.3815,0.4884,0.8950,-0.1799,-0.1941,0.1036,missed
2025-05-07,002384.SZ,东山精密,元器件,0.8029,0.5735,1.8727,21.5013,0.0703,-0.1741,-0.2410,0.6071,0.9960,0.5238,-0.1003,-0.0003,-0.0005,0.0006,0.5174,0.4837,0.8054,-0.0778,-0.1218,0.0946,missed
2025-06-05,002384.SZ,东山精密,元器件,1.3768,0.9000,2.0547,21.5620,0.7340,0.0332,0.1631,0.8095,1.0000,0.7738,0.0201,0.0009,-0.0014,0.0008,0.4630,0.4572,0.9018,0.1482,0.1305,0.0638,missed
2025-07-07,002384.SZ,东山精密,元器件,0.6946,0.5122,1.7323,21.9458,0.9862,0.6844,0.4302,0.9881,0.9881,0.9881,0.4360,0.0033,0.0038,0.0016,0.5022,0.5054,1.1105,0.2055,0.4233,0.0448,missed
2025-08-22,002384.SZ,东山精密,元器件,1.3727,0.8800,3.1940,22.0418,0.9762,0.8557,0.6613,0.9325,0.9325,0.9325,0.4351,0.0075,0.0056,0.0021,0.5402,0.5214,1.3607,-0.1534,0.4590,0.1147,missed
2024-09-04,002402.SZ,和而泰,元器件,1.2148,0.6667,1.0066,18.0406,0.3904,-0.1461,-0.2722,0.0437,0.1429,0.0437,-0.1366,0.0013,-0.0002,0.0000,0.4902,0.4587,0.9114,-0.0987,-0.1515,0.0911,missed
2024-12-02,002402.SZ,和而泰,元器件,-0.3305,0.3696,1.1295,21.6417,0.9585,0.9676,0.6609,0.9643,0.9643,0.9643,0.4186,0.0020,0.0060,0.0028,0.4924,0.5120,1.6799,0.4188,0.5826,0.1370,high_score
2025-01-17,002402.SZ,和而泰,元器件,0.0913,0.4483,1.9181,20.7981,0.9887,0.5695,0.7863,0.8651,0.8651,0.8651,0.2258,0.0005,0.0020,0.0031,0.4522,0.4851,0.9701,-0.1806,0.4604,0.1659,high_score
2025-02-25,002402.SZ,和而泰,元器件,0.6122,0.6970,1.4484,21.1561,0.3907,-0.0381,1.2583,0.9563,0.9563,0.9563,-0.0193,0.0066,0.0040,0.0046,0.5565,0.5138,1.2040,0.0432,-0.2948,0.1374,missed
2025-04-11,002402.SZ,和而泰,元器件,2.5070,1.0000,1.3164,20.7136,0.7177,0.0518,0.6560,0.6746,0.6746,0.6746,0.0298,-0.0072,0.0003,0.0014,0.4348,0.4913,0.9664,-0.0829,0.0567,0.1056,missed
2025-01-23,002414.SZ,高德红外,电器仪表,-0.3442,0.2353,1.0396,20.0671,0.0440,-0.2113,0.0445,0.4603,0.5794,0.4603,-0.1710,-0.0032,-0.0006,0.0019,0.4500,0.4458,0.7351,-0.0777,-0.1591,0.0762,high_score
2025-04-08,002414.SZ,高德红外,电器仪表,-0.3102,0.1481,1.1100,19.6103,0.7064,0.0145,-0.0667,0.4940,0.5337,0.5020,0.0121,-0.0074,0.0010,-0.0004,0.4125,0.5083,1.3444,-0.0254,-0.0193,0.0364,high_score
2024-01-04,002423.SZ,中粮资本,多元金融,-0.1733,0.3056,1.1815,17.7753,0.3067,-0.0969,-0.1581,0.0476,0.3730,0.0476,-0.1698,-0.0012,-0.0007,-0.0007,0.4100,0.4100,0.8734,0.0205,-0.0513,0.0094,high_score
2025-04-28,002429.SZ,兆驰股份,家用电器,2.7297,0.9767,1.2010,19.0834,0.0590,-0.2052,-0.2066,0.0099,0.0040,0.0040,-0.2393,-0.0046,-0.0005,-0.0003,0.4375,0.4944,0.9373,-0.0904,-0.1635,0.0462,missed
2025-05-15,002429.SZ,兆驰股份,家用电器,2.6600,0.9762,1.2064,18.9543,0.0853,-0.1855,-0.1810,0.1071,0.0933,0.0397,-0.2204,0.0028,-0.0004,0.0001,0.5333,0.4931,0.8844,-0.0727,-0.1465,0.0421,missed
2025-06-30,002429.SZ,兆驰股份,家用电器,2.8702,0.8933,1.2169,18.7295,0.0765,-0.1577,-0.2924,0.1071,0.1071,0.1647,-0.1985,-0.0035,-0.0022,-0.0005,0.4375,0.4681,0.8474,0.0831,-0.0210,0.0179,missed
2025-07-03,002429.SZ,兆驰股份,家用电器,3.0428,1.0000,1.2182,18.8121,0.0891,-0.1440,-0.2388,0.1369,0.1329,0.1905,-0.1823,-0.0029,-0.0015,-0.0003,0.4458,0.4736,0.8692,0.0553,-0.0455,0.0152,missed
2025-08-04,002429.SZ,兆驰股份,家用电器,1.7027,0.8824,1.6785,18.6924,0.3350,0.0089,-0.1903,0.2579,0.2460,0.2500,0.0159,0.0023,-0.0005,-0.0004,0.5125,0.4667,1.2297,-0.0166,0.0395,0.0221,missed
2021-03-18,002432.SZ,九安医疗,医疗保健,0.2043,0.7273,1.4706,17.9831,0.3893,-0.0397,-0.2157,0.1171,0.1151,0.1151,-0.0373,-0.0112,-0.0007,0.0006,0.4306,0.4980,1.0414,0.2874,0.0301,0.1197,missed
2021-04-30,002432.SZ,九安医疗,医疗保健,0.4200,0.4741,5.9810,18.2047,0.3165,-0.0831,-0.1714,0.0833,0.0060,0.1369,-0.0791,0.0070,0.0009,0.0012,0.5694,0.5278,0.8913,-0.1563,-0.1059,0.0699,high_score
2021-05-27,002432.SZ,九安医疗,医疗保健,1.4585,0.8293,7.8110,17.5195,0.5217,0.0203,-0.1372,0.0833,0.0298,0.1210,0.0236,0.0019,0.0013,0.0020,0.5361,0.5361,1.4603,-0.1626,-0.0495,0.0515,missed
2021-06-01,002432.SZ,九安医疗,医疗保健,1.6316,0.7547,6.9354,17.8041,0.4671,-0.0121,-0.1526,0.1389,0.0635,0.1944,-0.0143,0.0013,0.0013,0.0018,0.5250,0.5343,1.4447,-0.0297,-0.0917,0.0517,missed
2021-07-21,002432.SZ,九安医疗,医疗保健,1.9412,0.9130,9.1592,17.0432,0.1349,-0.1610,-0.1824,0.0456,0.0456,0.0536,-0.2189,-0.0004,0.0004,0.0001,0.4778,0.4963,1.0197,-0.0300,-0.2053,0.1196,missed
2021-08-30,002432.SZ,九安医疗,医疗保健,1.7479,0.8846,7.0439,17.1192,0.2845,-0.1196,-0.1271,0.0198,0.0198,0.1389,-0.2160,-0.0066,-0.0037,-0.0007,0.4056,0.4380,1.0892,0.0763,0.0848,0.1120,missed
2021-09-08,002432.SZ,九安医疗,医疗保健,1.7182,0.8718,7.4290,17.3323,0.2737,-0.0532,-0.1259,0.0813,0.0813,0.2262,-0.1017,-0.0063,-0.0026,-0.0002,0.4167,0.4546,1.0024,0.0939,0.1060,0.0980,missed
2021-10-27,002432.SZ,九安医疗,医疗保健,1.2773,0.6981,7.8318,16.8361,0.0930,-0.1916,-0.3776,0.0040,0.0040,0.0040,-0.3057,-0.0025,-0.0018,-0.0020,0.4444,0.4537,0.8995,-0.0979,-0.0720,0.0318,missed
2021-11-24,002432.SZ,九安医疗,医疗保健,2.7609,0.9744,2.4227,17.5414,0.9932,1.0027,0.8342,1.0000,0.5556,1.0000,0.6776,0.0030,0.0005,-0.0015,0.5167,0.4741,1.0320,1.3699,0.9741,0.0197,missed
2021-12-09,002432.SZ,九安医疗,医疗保健,0.8584,0.7895,1.6785,21.0739,0.9986,1.6722,1.5293,0.9841,0.5833,0.9841,0.8032,0.0045,0.0011,-0.0010,0.5000,0.4824,1.7862,1.7465,1.5904,0.0342,missed
2025-07-02,002432.SZ,九安医疗,医疗保健,1.4574,0.9268,1.0187,18.6096,0.1179,-0.1379,-0.1282,0.0595,0.0516,0.0516,-0.2242,-0.0033,-0.0010,-0.0001,0.4150,0.4625,1.2715,0.0287,-0.0685,0.0432,missed
2025-08-04,002432.SZ,九安医疗,医疗保健,1.0233,0.7059,1.0020,19.8008,0.4768,0.0407,-0.0955,0.3075,0.2302,0.2302,0.0824,0.0036,0.0008,0.0003,0.5225,0.4633,1.1892,-0.0010,-0.0168,0.0375,missed
2025-01-06,002436.SZ,兴森科技,元器件,0.2540,0.5000,1.2401,19.8143,0.5980,0.0010,-0.0120,0.2520,0.5635,0.4524,0.0006,-0.0027,0.0023,0.0020,0.4348,0.4877,0.8592,-0.1002,-0.1191,0.1706,high_score
2025-04-11,002436.SZ,兴森科技,元器件,0.9033,0.4286,1.0190,20.1860,0.7227,0.0524,0.0872,0.4325,0.4921,0.4960,0.0335,-0.0072,0.0003,0.0014,0.4348,0.4913,0.9664,-0.0826,0.0573,0.1056,high_score
2025-05-30,002436.SZ,兴森科技,元器件,-1.1492,0.1026,1.2583,19.8144,0.4065,-0.0605,-0.0171,0.5754,,0.6905,-0.0464,0.0006,-0.0016,0.0007,0.4543,0.4591,0.9105,0.0008,0.0475,0.0688,high_score
2025-08-27,002436.SZ,兴森科技,元器件,0.6024,0.6471,1.1121,22.4652,0.9410,0.5899,0.3387,0.9921,,0.9841,0.4092,0.0075,0.0060,0.0021,0.5424,0.5225,1.4167,-0.1763,0.1543,0.1248,missed
2020-12-04,002459.SZ,晶澳科技,电气设备,1.7173,0.7931,1.3650,19.1587,0.8964,0.2658,1.1433,0.8651,0.5595,0.7123,0.1235,0.0002,0.0016,0.0031,0.4800,0.4830,1.1913,-0.1234,0.1782,0.1129,missed
2021-01-29,002459.SZ,晶澳科技,电气设备,1.2221,0.7978,1.8047,20.3939,0.2344,-0.1189,0.6210,0.7897,0.6667,0.7381,-0.0593,0.0019,0.0029,0.0024,0.4820,0.5006,1.6856,-0.1595,-0.3152,0.1302,missed
2021-02-26,002459.SZ,晶澳科技,电气设备,1.5819,0.8788,1.8346,19.4651,0.4993,-0.0139,0.4737,0.6905,0.6190,0.5952,-0.0073,-0.0053,0.0022,0.0023,0.4311,0.4912,1.1844,-0.0875,-0.1462,0.1441,missed
2021-03-23,002459.SZ,晶澳科技,电气设备,1.7933,0.8889,2.6718,19.0794,0.0127,-0.3791,-0.0941,0.5079,0.4881,0.2897,-0.2090,-0.0044,-0.0002,0.0015,0.4705,0.4934,0.8323,-0.1998,-0.3516,0.1363,missed
2021-04-01,002459.SZ,晶澳科技,电气设备,0.8811,0.8214,2.0780,20.0650,0.0634,-0.2395,-0.1338,0.5913,0.4881,0.3849,-0.1453,-0.0004,-0.0001,0.0020,0.4970,0.4906,0.7995,-0.0350,-0.2241,0.1224,missed
2021-05-13,002459.SZ,晶澳科技,电气设备,0.5969,0.5806,2.2145,19.4975,0.0266,-0.3263,-0.1498,0.3889,0.3849,0.1667,-0.2081,0.0024,-0.0005,0.0013,0.4836,0.4772,0.8976,-0.0830,-0.2932,0.0705,missed
2021-06-10,002459.SZ,晶澳科技,电气设备,0.1218,0.5600,1.5099,20.3482,0.8534,0.2680,0.0601,0.7421,0.6071,0.6667,0.1813,0.0072,0.0027,0.0020,0.5385,0.4920,1.2431,0.2202,0.0950,0.0654,missed
2020-12-04,002460.SZ,赣锋锂业,小金属,-0.0778,0.2759,1.7733,21.4518,0.9727,0.5147,0.4992,0.9722,0.9762,0.9643,0.3080,0.0072,0.0032,0.0027,0.5781,0.4865,2.7195,-0.1087,0.3179,0.0630,high_score
2025-01-27,002460.SZ,赣锋锂业,小金属,0.4078,0.6034,1.0860,20.3793,0.5339,-0.0305,0.1760,0.3690,0.5595,0.5119,-0.0211,-0.0011,-0.0013,0.0014,0.4844,0.4573,0.6529,-0.0563,0.0559,0.0837,missed
2025-02-05,002460.SZ,赣锋锂业,小金属,0.3605,0.5116,1.2028,20.2321,0.5465,-0.0465,0.2000,0.3571,0.5437,0.5040,-0.0325,-0.0008,-0.0012,0.0016,0.4875,0.4573,0.6741,-0.0738,0.0332,0.0819,missed
2025-04-30,002460.SZ,赣锋锂业,小金属,0.7486,0.5308,1.4774,19.9258,0.2146,-0.0946,-0.1222,0.2817,,0.4127,-0.1048,-0.0029,-0.0003,-0.0008,0.4750,0.4635,0.8694,-0.0562,-0.0700,0.0174,missed
2025-05-21,002460.SZ,赣锋锂业,小金属,0.9003,0.6316,1.0716,20.4741,0.2371,-0.1086,-0.2422,0.4048,,0.5635,-0.1309,0.0035,0.0003,-0.0005,0.5625,0.4813,0.7770,-0.0429,-0.1154,0.0261,missed
2025-06-19,002460.SZ,赣锋锂业,小金属,1.1400,0.6522,1.1512,20.4027,0.2823,-0.1305,-0.1585,0.4167,,0.4960,-0.1773,0.0003,-0.0004,0.0000,0.4469,0.4729,1.1812,-0.0180,-0.0965,0.0310,missed
2025-07-23,002460.SZ,赣锋锂业,小金属,1.1614,0.7812,1.2538,21.4945,0.8005,0.1871,0.0534,0.8254,,0.9167,0.2284,0.0080,0.0042,0.0019,0.5625,0.5365,1.3902,-0.0689,-0.1041,0.0459,missed
2025-08-04,002460.SZ,赣锋锂业,小金属,1.3211,0.8235,1.4506,20.6739,0.8256,0.1709,0.0008,0.7242,,0.8611,0.1874,0.0083,0.0040,0.0019,0.5625,0.5208,1.7928,-0.1291,-0.0949,0.0649,missed
2022-09-28,002463.SZ,沪电股份,元器件,0.7274,0.7619,1.0900,19.4176,0.1485,-0.2387,-0.2113,0.0079,0.1468,0.0040,-0.2016,-0.0070,-0.0013,-0.0003,0.3667,0.4422,0.8821,-0.0321,-0.1597,0.0878,missed
2022-10-28,002463.SZ,沪电股份,元器件,0.9984,0.7579,1.3118,19.3310,0.2949,-0.1665,-0.1838,0.0853,0.1548,0.0278,-0.1485,0.0008,-0.0015,0.0008,0.4881,0.4409,0.6702,-0.0049,-0.0633,0.0694,missed
2022-11-01,002463.SZ,沪电股份,元器件,-0.1923,0.2553,1.0367,19.3397,0.2893,-0.1459,-0.1602,0.1429,0.2143,0.0635,-0.1398,0.0023,-0.0011,0.0012,0.5048,0.4496,0.7108,0.0167,-0.0646,0.0657,high_score
2024-01-05,002463.SZ,沪电股份,元器件,-0.9962,0.1316,1.0653,20.0779,0.4487,-0.0818,-0.0297,0.4663,0.4405,0.3254,-0.0790,-0.0017,-0.0008,-0.0005,0.4144,0.4323,0.7883,0.0179,-0.0247,0.0602,high_score
2025-03-03,002463.SZ,沪电股份,元器件,-0.5975,0.1224,1.0680,22.1417,0.1357,-0.1060,0.0249,0.3730,0.3373,0.0437,-0.0691,0.0019,0.0030,0.0043,0.5076,0.5062,1.2755,-0.2958,-0.2856,0.1363,high_score
2025-04-30,002463.SZ,沪电股份,元器件,0.4465,0.3846,1.6262,20.8861,0.0063,-0.3292,-0.2922,0.0516,0.0516,0.0159,-0.1959,-0.0040,-0.0004,0.0009,0.4924,0.4884,0.7927,-0.0563,-0.2837,0.0960,high_score
2025-05-07,002463.SZ,沪电股份,元器件,0.5919,0.4853,1.4300,21.1955,0.0376,-0.2125,-0.2787,0.0833,0.0754,0.0754,-0.1292,-0.0003,-0.0005,0.0006,0.5174,0.4837,0.8054,-0.0060,-0.1602,0.0946,high_score
2025-06-11,002463.SZ,沪电股份,元器件,0.2989,0.3878,1.0869,21.5093,0.7378,0.0382,-0.0327,0.5476,0.1984,0.2937,0.0251,-0.0003,-0.0015,0.0007,0.4435,0.4591,0.8819,0.1808,0.1412,0.0578,high_score
2020-12-08,002466.SZ,天齐锂业,小金属,-0.6185,0.2069,3.1505,21.9190,0.9583,0.4415,0.2532,0.8089,,0.9959,0.1981,0.0066,0.0036,0.0027,0.5625,0.4969,2.9214,0.0087,0.2094,0.0654,high_score
2021-02-24,002466.SZ,天齐锂业,小金属,-0.6947,0.1277,1.3246,22.2779,0.9915,0.7144,0.9131,0.8849,,0.8849,0.2562,0.0067,0.0064,0.0047,0.5281,0.5250,1.6653,-0.3807,0.2827,0.2876,high_score
2021-03-31,002466.SZ,天齐锂业,小金属,-0.2614,0.2429,1.4150,21.3360,0.4746,-0.0146,0.8975,0.7579,,0.7579,-0.0059,-0.0067,0.0028,0.0044,0.4250,0.5031,1.1161,-0.0145,-0.1599,0.2871,high_score
2025-08-04,002466.SZ,天齐锂业,小金属,1.1849,0.7647,1.0756,20.8652,0.9222,0.3067,0.1691,0.9167,,0.9365,0.3028,0.0083,0.0040,0.0019,0.5625,0.5208,1.7928,0.0051,0.0409,0.0649,missed
2020-12-22,002472.SZ,双环传动,汽车配件,0.3208,0.5714,2.1886,18.0092,0.4893,-0.0279,0.3960,0.8472,0.8472,0.7044,-0.0312,-0.0038,0.0009,0.0029,0.4151,0.4674,1.2018,-0.0020,-0.0627,0.1113,missed
2021-01-19,002472.SZ,双环传动,汽车配件,0.1522,0.6000,1.8931,18.4547,0.8575,0.3729,0.7021,0.9960,0.9960,0.9286,0.3351,0.0043,0.0030,0.0031,0.4925,0.4907,0.9328,0.1407,0.1713,0.1028,missed
2021-02-23,002472.SZ,双环传动,汽车配件,-0.5200,0.3061,2.3452,17.7508,0.7827,0.2244,0.4456,0.9841,0.9841,0.9841,0.1930,0.0004,0.0008,0.0021,0.4650,0.4638,1.3725,0.0589,0.1677,0.0919,high_score
2021-03-31,002472.SZ,双环传动,汽车配件,-0.1565,0.3357,2.2779,18.0253,0.8197,0.1812,0.2979,0.8492,1.0000,0.8492,0.1411,-0.0041,0.0005,0.0012,0.4225,0.4633,0.7772,-0.0513,0.1582,0.1019,high_score
2021-04-29,002472.SZ,双环传动,汽车配件,1.1621,0.7447,1.1111,18.7675,0.9762,0.4537,0.9155,1.0000,1.0000,1.0000,0.3267,0.0035,-0.0007,0.0009,0.4875,0.4550,0.8687,0.3649,0.5077,0.0846,missed
2025-08-07,002475.SZ,立讯精密,元器件,0.7210,0.7143,1.0916,22.6581,0.7240,0.1044,-0.1472,0.3889,0.2579,0.2937,0.1238,0.0044,0.0029,0.0011,0.4870,0.4851,1.4430,-0.0537,-0.0920,0.0851,missed
2022-07-26,002517.SZ,恺英网络,互联网,0.4840,0.4583,1.3447,19.1281,0.8942,0.4819,0.1368,0.9861,0.2282,0.9306,0.4372,-0.0009,0.0025,-0.0013,0.4389,0.5463,1.1220,0.0907,0.3315,0.0237,high_score
2022-08-01,002517.SZ,恺英网络,互联网,-0.1375,0.2414,1.5099,19.0447,0.6878,0.1890,0.1705,0.9702,0.2282,0.8750,0.2079,-0.0009,0.0016,-0.0007,0.4611,0.5426,1.0034,0.0569,0.0958,0.0273,high_score
2022-09-22,002517.SZ,恺英网络,互联网,-0.0391,0.2400,1.0939,19.1995,0.9566,0.2952,0.4031,0.8929,0.2897,0.8690,0.2176,-0.0038,-0.0012,-0.0006,0.4167,0.4481,1.3305,-0.0221,0.3622,0.0498,high_score
2022-10-28,002517.SZ,恺英网络,互联网,-0.0406,0.3474,1.5053,20.0709,0.6658,-0.0516,0.2611,0.6607,0.1905,0.0238,-0.0374,-0.0021,-0.0021,-0.0003,0.4333,0.4370,0.7175,-0.1054,0.0781,0.0386,high_score
2022-11-24,002517.SZ,恺英网络,互联网,0.1030,0.2549,1.0103,19.5432,0.1408,-0.1559,0.2560,0.8611,0.4167,0.4881,-0.1056,0.0035,-0.0005,0.0003,0.5611,0.4704,1.3294,0.0287,-0.1124,0.0254,high_score
2024-12-23,002517.SZ,恺英网络,互联网,-0.9635,0.0435,1.0799,20.1778,0.8189,0.4782,0.4375,0.9107,0.5456,0.7044,0.2904,0.0003,0.0076,0.0038,0.4944,0.5426,1.9777,0.0537,-0.0432,0.1847,high_score
2025-04-09,002532.SZ,天山铝业,铝,1.0146,0.6500,1.4495,20.8759,0.1305,-0.1326,-0.1380,0.1865,0.2004,0.0952,-0.1207,-0.0112,-0.0016,-0.0011,0.3200,0.4533,0.9762,-0.0610,-0.0266,0.0319,missed
2025-05-30,002532.SZ,天山铝业,铝,1.8566,0.8974,1.3385,19.2048,0.1844,-0.1433,-0.0338,0.2976,0.0675,0.2738,-0.1299,0.0002,-0.0015,0.0001,0.4400,0.4300,0.8782,0.0309,-0.0414,0.0154,missed
2025-06-04,002532.SZ,天山铝业,铝,1.8416,0.8889,1.4280,19.4892,0.1092,-0.1881,-0.0509,0.2877,0.0655,0.2639,-0.1792,0.0001,-0.0020,-0.0001,0.4500,0.4233,0.8520,0.0091,-0.0641,0.0134,missed
2025-07-16,002532.SZ,天山铝业,铝,1.6193,0.9512,1.2384,19.4738,0.8294,0.1762,-0.0300,0.6369,0.1944,0.4405,0.2028,0.0005,0.0018,-0.0001,0.4600,0.4867,1.0806,-0.0045,0.0661,0.0005,missed
2022-09-14,002558.SZ,巨人网络,互联网,0.4903,0.5833,1.4483,17.9107,0.3536,-0.0693,-0.1611,0.0813,0.0813,0.0119,-0.0817,-0.0012,-0.0002,-0.0002,0.4611,0.4667,1.3189,0.0177,-0.0560,0.0478,missed
2022-10-18,002558.SZ,巨人网络,互联网,0.7496,0.6452,1.0412,17.6119,0.5131,-0.0616,-0.1600,0.0476,0.0556,0.0476,-0.0784,-0.0041,-0.0011,-0.0002,0.3944,0.4556,0.9166,0.0012,0.0072,0.0477,missed
2024-12-26,002558.SZ,巨人网络,互联网,0.3241,0.4839,2.4984,19.4017,0.7299,0.2634,0.3589,0.8591,0.5794,0.8611,0.1635,-0.0011,0.0060,0.0036,0.4889,0.5185,1.8636,0.0396,-0.1044,0.1927,high_score
2025-01-21,002558.SZ,巨人网络,互联网,1.3716,0.7647,2.3351,19.2567,0.4636,-0.0649,0.4032,0.7619,0.5317,0.7738,-0.0523,-0.0023,0.0014,0.0039,0.4556,0.4870,0.7134,0.0039,-0.1375,0.1968,missed
2025-02-07,002558.SZ,巨人网络,互联网,0.1233,0.5238,1.5857,20.6039,0.8367,0.0945,0.5563,0.9960,0.8571,0.9960,0.0748,0.0093,0.0030,0.0048,0.5611,0.5037,0.5749,-0.0051,-0.0790,0.1988,missed
2025-03-27,002558.SZ,巨人网络,互联网,-0.4592,0.2045,2.1560,19.3676,0.8329,0.1070,0.5005,0.8730,0.7897,0.8730,0.0922,-0.0034,0.0006,0.0038,0.3778,0.4630,1.2078,0.0117,0.0932,0.1027,high_score
2025-04-17,002558.SZ,巨人网络,互联网,0.4247,0.4667,2.8700,19.1552,0.8193,0.0957,0.0929,0.6944,0.6190,0.6984,0.0777,-0.0061,0.0006,0.0010,0.4333,0.4796,0.5532,-0.0504,0.0849,0.0820,high_score
2025-05-22,002558.SZ,巨人网络,互联网,0.6591,0.6471,1.9429,19.6103,0.2171,-0.1416,0.1049,0.8294,0.3968,0.6389,-0.1181,0.0023,-0.0017,0.0007,0.5056,0.4556,0.9183,0.0346,-0.0277,0.0430,missed
2025-06-11,002558.SZ,巨人网络,互联网,0.2406,0.3673,1.1157,20.9582,0.8306,0.0813,0.2513,1.0000,0.6825,0.9325,0.0676,0.0021,-0.0000,-0.0001,0.5167,0.4907,1.1145,0.1488,0.0940,0.0374,high_score
2024-02-19,002583.SZ,海能达,通信设备,3.1328,0.9767,3.7978,19.0119,0.0646,-0.2937,-0.2314,0.0278,0.0330,0.0278,-0.2093,0.0051,-0.0001,0.0000,0.4929,0.4310,0.9764,-0.2914,-0.2854,0.0365,missed
2024-03-19,002583.SZ,海能达,通信设备,3.1156,1.0000,2.2115,18.8576,0.0520,-0.1746,-0.1746,0.1111,0.1202,0.1111,-0.1156,0.0093,0.0032,0.0015,0.5713,0.4825,1.8418,-0.0810,-0.3664,0.0619,missed
2024-04-16,002583.SZ,海能达,通信设备,2.7149,0.9032,3.0059,19.6436,0.0051,-0.3939,-0.4878,0.0040,0.0040,0.0040,-0.2079,-0.0034,0.0029,0.0007,0.4205,0.4816,1.5020,-0.2478,-0.5821,0.0940,missed
2024-05-10,002583.SZ,海能达,通信设备,1.3242,0.7317,2.2119,18.9733,0.0444,-0.0498,-0.3237,0.0734,,0.0992,-0.0253,0.0028,0.0052,0.0014,0.4727,0.4998,1.0075,0.0049,-0.4011,0.1230,missed
2024-06-13,002583.SZ,海能达,通信设备,1.0691,0.7059,2.3138,18.2820,0.0872,-0.2097,-0.3894,0.0575,,0.0893,-0.1342,-0.0024,-0.0008,0.0005,0.4568,0.4470,0.9081,-0.0378,-0.1564,0.1236,missed
2024-07-31,002583.SZ,海能达,通信设备,1.4430,0.7895,1.6643,18.8977,0.6620,-0.0458,-0.2446,0.2480,,0.2778,-0.0442,0.0011,-0.0013,0.0018,0.4659,0.4470,0.8972,0.0037,0.0389,0.0787,missed
2024-08-28,002583.SZ,海能达,通信设备,2.6983,0.9474,1.9894,18.2205,0.7654,-0.0504,-0.2337,0.0357,,0.0714,-0.0460,-0.0057,-0.0025,-0.0011,0.3886,0.4341,0.9119,0.0158,0.1031,0.0384,missed
2024-09-12,002583.SZ,海能达,通信设备,2.5554,1.0000,2.4228,18.0468,0.6121,-0.0798,-0.2807,0.0159,,0.0437,-0.0735,-0.0013,-0.0022,-0.0015,0.4545,0.4348,0.8562,-0.0440,0.0550,0.0263,missed
2024-06-06,002600.SZ,领益智造,元器件,0.3462,0.4419,1.0912,19.8745,0.1707,-0.1266,-0.2523,0.0476,0.0317,0.0516,-0.1311,-0.0006,0.0009,0.0003,0.4641,0.4788,1.0393,-0.0423,-0.1754,0.0719,high_score
2025-01-10,002600.SZ,领益智造,元器件,-0.7012,0.1622,1.0786,20.8284,0.2940,-0.0731,-0.0209,0.7143,0.6746,0.6587,-0.0462,-0.0013,0.0026,0.0022,0.4326,0.4928,0.8794,-0.1671,-0.2276,0.1703,high_score
2025-04-09,002600.SZ,领益智造,元器件,0.6595,0.4000,1.3143,21.7069,0.2396,-0.0880,-0.0678,0.3591,0.5476,0.2817,-0.0566,-0.0114,-0.0002,0.0011,0.3826,0.4841,1.0151,-0.1127,-0.0588,0.1064,high_score
2024-07-11,002607.SZ,中公教育,文教休闲,-0.1639,0.2105,1.0408,19.6186,0.0063,-0.4596,-0.6172,0.0119,,0.0119,-0.2526,-0.0087,-0.0060,-0.0041,0.3000,0.3583,0.9660,-0.0579,-0.1560,0.0035,high_score
2024-01-19,002625.SZ,光启技术,航空,0.9062,0.5789,2.0498,18.7381,0.5057,-0.0706,-0.1472,0.0040,0.0040,0.0040,-0.0944,-0.0051,-0.0029,-0.0022,0.3875,0.4260,1.1681,0.0201,0.0919,0.0039,missed
2024-02-06,002625.SZ,光启技术,航空,1.1216,0.6000,3.3537,19.3561,0.2852,-0.2152,-0.2054,0.0119,0.0119,0.0119,-0.1944,-0.0055,-0.0042,-0.0022,0.3625,0.3906,1.1844,-0.0556,0.0187,-0.0026,missed
2024-03-07,002625.SZ,光启技术,航空,0.4369,0.4524,1.8268,19.6609,0.6629,0.0612,-0.0251,0.3611,0.3611,0.3016,0.0409,0.0066,-0.0012,-0.0013,0.5625,0.4469,1.2513,0.0780,0.1502,-0.0092,high_score
2024-04-23,002625.SZ,光启技术,航空,-0.0793,0.2174,1.3453,20.5900,0.9658,0.3913,0.3393,0.9325,0.8770,0.8968,0.1845,0.0002,0.0018,-0.0003,0.4750,0.5062,1.2368,0.0377,0.3010,0.0039,high_score
2024-05-31,002625.SZ,光启技术,航空,-0.5580,0.1296,1.2628,19.8439,0.8774,0.1938,0.2938,0.8651,0.0317,0.8492,0.1117,-0.0003,0.0010,-0.0001,0.4469,0.4823,1.2394,-0.0619,0.1500,0.0461,high_score
2024-06-12,002625.SZ,光启技术,航空,-0.2195,0.2286,1.2910,19.7631,0.9254,0.2260,0.3534,0.8591,0.0536,0.8433,0.1292,-0.0010,0.0008,0.0002,0.4875,0.4844,1.0525,-0.0121,0.1926,0.0510,high_score
2024-07-24,002625.SZ,光启技术,航空,-0.6448,0.1818,1.4814,19.9006,0.4943,-0.0907,0.4076,0.6865,0.0198,0.6825,-0.0852,0.0006,-0.0002,0.0014,0.4781,0.4740,0.9040,-0.0511,-0.0723,0.0551,high_score
2024-08-27,002625.SZ,光启技术,航空,-0.2243,0.1935,1.8538,18.9259,0.5069,-0.1290,0.0343,0.5675,0.0040,0.5516,-0.1416,-0.0058,-0.0014,-0.0002,0.3375,0.4375,1.7297,0.0087,-0.0406,0.0314,high_score
2024-09-09,002625.SZ,光启技术,航空,-0.7020,0.1739,1.2088,20.1845,0.7783,-0.0360,0.1985,0.7698,0.2262,0.7063,-0.0364,-0.0030,-0.0012,-0.0003,0.4469,0.4396,1.2883,0.1233,0.0437,0.0259,high_score
2020-12-01,002648.SZ,卫星化学,化工原料,-0.7712,0.2800,1.2302,19.5805,0.9381,0.3605,0.8352,0.9802,0.9921,0.9444,0.2873,0.0031,0.0012,0.0035,0.5071,0.4910,1.4698,0.1405,0.2830,0.1402,high_score
2020-12-04,002709.SZ,天赐材料,化工原料,0.9922,0.6552,2.0508,20.7412,0.9914,0.7507,1.5335,0.9683,0.9683,0.9683,0.3728,0.0013,0.0009,0.0033,0.4738,0.4833,1.5796,0.0266,0.6910,0.1333,missed
2021-01-19,002709.SZ,天赐材料,化工原料,0.6871,0.8000,1.2435,21.2254,0.9729,0.8114,1.7232,0.9524,0.9524,0.9524,0.3834,0.0023,0.0027,0.0022,0.5136,0.5068,1.0614,-0.0653,0.6309,0.1186,missed
2021-02-24,002709.SZ,天赐材料,化工原料,1.3939,0.8936,1.5545,20.8714,0.5574,0.0177,1.0561,0.8056,0.8056,0.8056,0.0086,0.0054,0.0027,0.0023,0.5091,0.4935,1.3858,-0.3084,-0.1051,0.1256,missed
2021-03-01,002709.SZ,天赐材料,化工原料,1.2083,0.8000,1.4960,21.0128,0.7319,0.1224,1.2203,0.8214,0.8214,0.8214,0.0573,0.0030,0.0032,0.0023,0.4841,0.5021,1.4131,-0.2770,-0.0354,0.1252,missed
2025-02-24,002709.SZ,天赐材料,化工原料,1.0239,0.7879,1.1247,20.9677,0.0565,-0.1693,0.4551,0.6508,0.6944,0.6548,-0.1438,0.0020,-0.0004,0.0026,0.4696,0.4507,0.9980,0.0448,-0.1402,0.0914,missed
2025-04-08,002709.SZ,天赐材料,化工原料,2.5641,0.9630,1.8208,20.1311,0.1957,-0.1106,-0.0890,0.2183,0.2262,0.1944,-0.0990,-0.0057,-0.0003,-0.0002,0.4109,0.4667,1.1071,-0.0945,-0.0789,0.0402,missed
2025-05-16,002709.SZ,天赐材料,化工原料,1.4525,0.8727,1.2143,18.9649,0.3651,-0.0673,-0.1981,0.4028,0.9821,0.3790,-0.0680,0.0013,-0.0003,-0.0005,0.5065,0.4797,0.9212,0.0150,-0.0405,0.0371,missed
2025-06-27,002709.SZ,天赐材料,化工原料,2.5527,0.9778,1.4621,20.2576,0.4040,-0.0479,-0.1141,0.5258,0.9782,0.5595,-0.0560,0.0010,-0.0004,-0.0000,0.4913,0.4761,0.9956,0.0345,-0.0169,0.0274,missed
2025-07-31,002709.SZ,天赐材料,化工原料,3.1036,0.9216,2.2247,20.4068,0.6136,0.0696,-0.0068,0.6389,0.9563,0.6508,0.0861,0.0018,0.0007,0.0005,0.4913,0.4717,1.5706,-0.0379,0.0353,0.0290,missed
2025-08-06,002709.SZ,天赐材料,化工原料,3.1294,0.9839,2.0811,20.3137,0.5671,0.0681,-0.0076,0.7083,0.9782,0.7282,0.0887,0.0028,0.0010,0.0004,0.5413,0.4891,1.5733,0.0058,0.0106,0.0287,missed
2020-12-01,002738.SZ,中矿资源,小金属,0.6448,0.6800,1.8169,19.2490,0.9554,0.4048,0.4572,0.9881,0.9405,0.9881,0.2962,0.0083,0.0029,0.0026,0.6062,0.4823,2.3464,-0.0513,0.2264,0.0613,missed
2021-02-26,002738.SZ,中矿资源,小金属,2.1780,0.9242,1.3556,19.5518,0.7801,0.1661,0.6408,0.8333,0.8651,0.8254,0.0741,-0.0006,0.0058,0.0046,0.4500,0.5188,1.6138,-0.2232,-0.1991,0.2906,missed
2021-03-31,002738.SZ,中矿资源,小金属,2.9309,0.9714,1.5043,18.6743,0.2507,-0.1003,0.3578,0.7500,0.7659,0.6944,-0.0468,-0.0067,0.0028,0.0044,0.4250,0.5031,1.1161,-0.0102,-0.2456,0.2871,missed
2021-04-07,002738.SZ,中矿资源,小金属,3.0325,0.9600,1.9058,18.7529,0.1013,-0.2429,0.1514,0.7321,0.7500,0.6548,-0.1222,0.0010,0.0010,0.0041,0.4906,0.4885,0.9929,-0.0691,-0.2767,0.2716,missed
2021-05-13,002738.SZ,中矿资源,小金属,0.8752,0.7419,1.0247,19.8915,0.8095,0.1702,0.5460,0.9405,0.7897,0.9206,0.0954,0.0069,0.0026,0.0044,0.5469,0.5115,0.8517,0.3252,0.0395,0.1494,missed
2021-06-22,002738.SZ,中矿资源,小金属,1.9638,0.9412,1.3654,19.6985,0.9749,0.8753,0.5624,0.9762,0.9762,0.9762,0.4997,0.0026,0.0037,0.0030,0.5188,0.5323,1.1091,0.0620,0.6475,0.0924,missed
2021-07-01,002738.SZ,中矿资源,小金属,0.6135,0.4727,1.1423,19.9473,0.9805,0.9018,0.6245,0.9881,0.9881,0.9881,0.4859,0.0015,0.0038,0.0030,0.4844,0.5260,0.9826,0.0744,0.6620,0.0965,high_score
2021-09-27,002738.SZ,中矿资源,小金属,2.0058,0.8750,1.1325,21.0505,0.8395,0.3062,1.4841,0.8532,0.8532,0.8413,0.1128,-0.0050,0.0066,0.0052,0.4781,0.5542,1.2356,0.0308,-0.1251,0.2876,missed
2021-12-30,002738.SZ,中矿资源,小金属,3.1905,0.8421,1.0800,20.4916,0.8216,0.1775,0.2856,0.9365,0.9365,0.8690,0.0998,-0.0042,0.0011,0.0029,0.4062,0.4813,1.0803,0.0901,0.1251,0.0649,missed
2022-01-28,002738.SZ,中矿资源,小金属,3.2143,0.9200,1.2520,20.4585,0.7679,0.0336,0.1224,0.6468,0.6548,0.5833,0.0161,-0.0056,-0.0007,0.0001,0.4250,0.4490,0.7791,-0.0095,0.0971,0.0501,missed
2025-04-08,002738.SZ,中矿资源,小金属,1.1659,0.5926,1.8471,19.9226,0.0916,-0.1706,-0.1662,0.1905,0.2698,0.2302,-0.2105,-0.0065,-0.0002,-0.0005,0.3625,0.4708,1.4956,-0.0892,-0.1520,0.0149,missed
2025-05-15,002738.SZ,中矿资源,小金属,0.5466,0.6429,1.8283,19.6351,0.1217,-0.1617,-0.2641,0.3889,0.9921,0.2778,-0.2186,0.0023,0.0002,-0.0010,0.5188,0.4792,0.7433,-0.0293,-0.1645,0.0231,missed
2025-06-20,002738.SZ,中矿资源,小金属,0.7543,0.7000,1.3772,19.8847,0.2710,-0.1287,-0.1980,0.3373,0.8770,0.2024,-0.1681,0.0007,-0.0002,0.0000,0.4531,0.4771,1.1840,-0.0529,-0.1090,0.0310,missed
2025-07-14,002738.SZ,中矿资源,小金属,0.6881,0.6333,1.4878,20.5779,0.7591,0.1391,-0.0558,0.5635,0.9921,0.5397,0.1661,0.0041,0.0028,0.0015,0.5312,0.5167,1.2211,0.0300,-0.0339,0.0354,missed
2025-08-04,002738.SZ,中矿资源,小金属,0.1952,0.4559,1.4602,20.2632,0.8645,0.2130,-0.0146,0.7143,0.9683,0.6151,0.1947,0.0083,0.0040,0.0019,0.5625,0.5208,1.7928,-0.0823,-0.0528,0.0649,high_score
2020-12-14,002756.SZ,永兴材料,小金属,1.7994,0.8947,2.2906,19.3459,0.9885,0.8389,0.8347,0.9921,0.9921,0.9921,0.5973,0.0023,0.0035,0.0025,0.4813,0.4927,3.1424,0.3191,0.6048,0.0717,missed
2021-01-29,002756.SZ,永兴材料,小金属,0.7608,0.6854,1.0708,20.7662,0.9972,1.4152,1.4372,0.9048,0.9167,0.9048,0.5060,0.0065,0.0076,0.0034,0.5375,0.5542,1.8014,-0.2532,0.8296,0.2373,missed
2021-02-25,002756.SZ,永兴材料,小金属,0.9493,0.7551,2.2620,20.1391,0.9418,0.4593,1.2927,0.8333,0.8333,0.8294,0.1533,0.0026,0.0063,0.0046,0.4813,0.5229,1.6437,-0.4132,0.0430,0.2894,missed
2021-03-02,002756.SZ,永兴材料,小金属,1.6742,0.8571,2.2549,19.6744,0.9305,0.3972,1.2475,0.8214,0.8254,0.8214,0.1275,0.0001,0.0064,0.0046,0.4562,0.5271,1.5452,-0.2833,-0.0141,0.2944,missed
2021-04-13,002756.SZ,永兴材料,小金属,1.4325,0.9286,2.2250,19.5003,0.1096,-0.2463,1.3873,0.7897,0.8095,0.7778,-0.0937,-0.0036,-0.0000,0.0038,0.4594,0.4792,0.8432,0.1481,-0.2172,0.2508,missed
2021-06-30,002756.SZ,永兴材料,小金属,-1.0707,0.1190,1.0113,19.8157,0.8312,0.2789,0.3254,0.8730,0.9087,0.8929,0.1337,0.0017,0.0041,0.0034,0.4906,0.5333,0.9982,-0.0255,0.0188,0.0961,high_score
2025-06-16,002756.SZ,永兴材料,小金属,3.0835,0.9062,1.3219,18.6820,0.2284,-0.1486,-0.3223,0.0556,0.8373,0.0675,-0.2130,0.0014,-0.0003,-0.0002,0.4813,0.4740,1.1512,-0.0496,-0.1238,0.0311,missed
2025-07-01,002756.SZ,永兴材料,小金属,2.5011,1.0000,1.5738,19.3095,0.3199,-0.0633,-0.2023,0.1984,0.9087,0.2103,-0.0900,0.0037,0.0010,0.0007,0.5344,0.5094,1.1984,-0.0422,-0.1155,0.0308,missed
2024-11-08,002773.SZ,康弘药业,化学制药,2.0256,0.9091,1.1603,19.2994,0.0327,-0.0410,-0.1624,0.6310,0.2778,0.4464,-0.0366,0.0019,0.0027,0.0006,0.5025,0.4808,2.2311,-0.0469,-0.1908,0.0409,missed
2021-02-23,002837.SZ,英维克,专用机械,1.4063,0.8776,1.2662,17.4617,0.4773,-0.0193,-0.2501,0.1190,0.1190,0.1190,-0.0147,-0.0029,0.0007,0.0013,0.4611,0.4852,1.3727,-0.0601,-0.0726,0.1245,missed
2021-03-16,002837.SZ,英维克,专用机械,1.7030,0.9655,1.5077,17.1140,0.4025,-0.0448,-0.1991,0.0595,0.0595,0.0595,-0.0330,-0.0029,-0.0005,0.0007,0.4722,0.4852,0.7886,0.0161,-0.0010,0.1176,missed
2021-04-26,002837.SZ,英维克,专用机械,1.9720,0.8261,1.0511,17.6827,0.4510,-0.0625,-0.0342,0.2262,0.2262,0.1627,-0.0639,0.0034,-0.0005,0.0014,0.5083,0.4852,0.8645,0.0317,-0.0129,0.0679,missed
2024-01-31,002837.SZ,英维克,专用机械,1.7270,0.9016,1.3090,19.4354,0.1407,-0.2952,-0.3657,0.0040,0.0040,0.0040,-0.2804,-0.0087,-0.0030,-0.0024,0.3500,0.4105,1.1065,-0.1303,-0.1238,0.0163,missed
2024-02-05,002837.SZ,英维克,专用机械,2.1361,0.9851,1.5836,19.4217,0.1660,-0.3297,-0.4069,0.0040,0.0040,0.0040,-0.2880,-0.0086,-0.0038,-0.0027,0.3737,0.4079,1.1005,-0.1253,-0.1242,0.0163,missed
2024-06-21,002837.SZ,英维克,专用机械,0.4567,0.5500,1.0127,19.1692,0.0405,-0.3106,-0.1138,0.0357,0.0556,0.3571,-0.2284,-0.0040,-0.0017,0.0001,0.4342,0.4561,0.9314,-0.2169,-0.2020,0.0777,missed
2024-11-22,002837.SZ,英维克,专用机械,-0.8220,0.1250,1.3759,21.1739,0.9434,0.7856,0.5353,0.9960,0.9960,0.9960,0.4456,0.0016,0.0063,0.0016,0.4711,0.5061,2.3257,0.1483,0.3722,0.0878,high_score
2024-12-02,002837.SZ,英维克,专用机械,-0.8701,0.1957,1.5706,20.5893,0.9145,0.7368,0.5361,0.9762,0.9762,0.9762,0.3792,0.0025,0.0067,0.0017,0.4737,0.5061,1.5617,0.0938,0.2913,0.1094,high_score
2025-01-02,002837.SZ,英维克,专用机械,-2.1210,0.0130,1.7375,21.3000,0.9736,0.4509,0.8914,0.9841,0.9841,0.9841,0.2594,-0.0010,0.0013,0.0028,0.4421,0.4623,1.1272,0.0678,0.3652,0.1876,high_score
2025-03-27,002837.SZ,英维克,专用机械,-1.3571,0.0455,1.9958,20.5647,0.7827,0.0766,0.8144,0.8214,0.8214,0.8214,0.0396,-0.0005,0.0012,0.0039,0.4526,0.4789,1.4214,-0.1386,0.0212,0.1066,high_score
2025-04-16,002837.SZ,英维克,专用机械,0.9031,0.4348,3.1281,20.2176,0.0853,-0.1388,0.1066,0.5357,0.5714,0.5516,-0.0709,-0.0065,0.0004,0.0007,0.4342,0.4895,1.1390,-0.2033,-0.1364,0.0789,high_score
2025-05-30,002837.SZ,英维克,专用机械,1.9850,0.9231,3.4724,19.7528,0.0013,-0.4426,-0.3390,0.3294,0.3532,0.4881,-0.2628,0.0002,-0.0011,0.0003,0.4684,0.4746,0.8706,-0.2162,-0.3726,0.0431,missed
2025-06-10,002837.SZ,英维克,专用机械,2.7920,0.9643,2.6262,20.3113,0.0038,-0.4420,-0.2530,0.3929,0.4921,0.6389,-0.2614,-0.0036,-0.0021,-0.0003,0.4211,0.4632,0.8987,-0.1523,-0.3135,0.0392,missed
2025-07-16,002837.SZ,英维克,专用机械,0.2456,0.5610,2.2185,21.2417,0.3413,0.0068,-0.1808,0.5238,0.5556,0.8770,0.0040,0.0036,0.0017,0.0006,0.4842,0.4939,1.4480,0.0226,-0.0917,0.0435,missed
2021-01-28,002850.SZ,科达利,电气设备,2.7796,1.0000,1.4005,18.9901,0.3722,-0.0388,0.0380,0.6190,0.6230,0.1151,-0.0262,0.0036,0.0038,0.0027,0.5060,0.5119,1.6868,-0.3230,-0.3002,0.1295,missed
2021-02-26,002850.SZ,科达利,电气设备,2.7791,0.9545,1.4293,18.5636,0.5787,0.0230,0.0165,0.4881,0.5675,0.0992,0.0147,-0.0053,0.0022,0.0023,0.4311,0.4912,1.1844,-0.0007,-0.1093,0.1441,missed
2021-03-01,002850.SZ,科达利,电气设备,2.6291,0.9789,1.3953,18.4766,0.5745,0.0332,-0.0140,0.5159,0.5913,0.1111,0.0211,-0.0037,0.0027,0.0024,0.4581,0.5003,1.1481,0.0264,-0.1380,0.1447,missed
2021-04-30,002850.SZ,科达利,电气设备,1.6033,0.8296,1.1028,18.3930,0.6345,0.0325,-0.0076,0.6627,0.9762,0.1825,0.0243,0.0017,-0.0007,0.0015,0.4851,0.4837,0.8111,0.1010,0.0759,0.0799,missed
2025-01-06,002850.SZ,科达利,电气设备,1.8263,0.9118,1.1906,19.4433,0.5540,-0.0106,0.2084,0.6111,0.3968,0.4960,-0.0079,-0.0044,0.0003,0.0019,0.3926,0.4670,0.6995,-0.0561,-0.0236,0.1287,missed
2024-01-26,002851.SZ,麦格米特,电气设备,3.1104,0.8800,1.2269,18.1070,0.1863,-0.1706,-0.3696,0.0060,0.0060,0.0060,-0.1768,-0.0036,-0.0010,-0.0019,0.4096,0.4372,1.2087,-0.0680,-0.1097,0.0220,missed
2024-02-06,002851.SZ,麦格米特,电气设备,3.1141,1.0000,1.2522,18.6981,0.2560,-0.2307,-0.3356,0.0357,0.0357,0.0357,-0.2124,-0.0043,-0.0028,-0.0022,0.4043,0.4046,1.2725,-0.0222,-0.0727,0.0231,missed
2024-04-26,002851.SZ,麦格米特,电气设备,3.1306,1.0000,2.4056,18.6203,0.1939,-0.0122,-0.2687,0.0635,0.0635,0.0635,-0.0098,0.0015,0.0017,0.0001,0.4851,0.4798,1.2526,-0.1473,-0.1105,0.0534,missed
2024-05-06,002851.SZ,麦格米特,电气设备,2.7356,1.0000,2.0627,19.0151,0.4461,0.0747,-0.1086,0.1190,0.0079,0.0397,0.0610,0.0010,0.0024,0.0007,0.4511,0.4890,1.2412,-0.1093,-0.0681,0.0568,missed
2024-06-26,002851.SZ,麦格米特,电气设备,0.8765,0.7241,1.2256,19.1236,0.6536,0.0301,0.1333,0.4167,0.0437,0.2579,0.0181,-0.0043,-0.0009,0.0003,0.4074,0.4365,1.0723,-0.0815,0.0887,0.0811,missed
2024-07-15,002851.SZ,麦格米特,电气设备,1.4269,0.7917,1.1128,18.8370,0.8777,0.1551,0.0238,0.2837,0.0357,0.1548,0.0890,-0.0054,-0.0011,-0.0003,0.3723,0.4277,0.9004,-0.0505,0.2241,0.0779,missed
2024-09-13,002851.SZ,麦格米特,电气设备,1.6248,0.8800,1.1197,18.1464,0.4383,-0.1370,-0.1221,0.2063,0.0556,0.1270,-0.1001,-0.0002,-0.0015,-0.0012,0.4394,0.4255,0.8678,-0.0294,-0.0428,0.0281,missed
2025-05-26,002851.SZ,麦格米特,电气设备,3.1070,0.8590,1.6656,20.0343,0.0703,-0.2407,0.0730,0.5516,0.8730,0.4484,-0.1196,0.0003,-0.0015,-0.0007,0.4628,0.4706,0.8086,-0.0786,-0.1372,0.0425,missed
2025-06-16,002851.SZ,麦格米特,电气设备,3.0835,0.9062,1.4290,21.2890,0.0376,-0.2855,0.1662,0.7024,0.9841,0.5437,-0.1613,-0.0011,-0.0020,-0.0009,0.4436,0.4624,0.9590,0.0570,-0.1625,0.0245,missed
2025-07-10,002851.SZ,麦格米特,电气设备,2.8079,0.8824,1.0469,20.7865,0.2685,-0.0228,-0.2840,0.6944,0.9841,0.5536,-0.0159,0.0024,0.0013,0.0002,0.5085,0.4901,1.1941,0.0260,-0.0989,0.0209,missed
2025-08-01,002851.SZ,麦格米特,电气设备,1.5361,0.9245,1.0261,21.5733,0.8971,0.2383,0.0277,0.8333,1.0000,0.7302,0.1808,0.0024,0.0009,-0.0000,0.4755,0.4727,1.6573,0.1447,0.1899,0.0332,missed
2024-02-08,002916.SZ,深南电路,元器件,0.9269,0.7705,1.0855,19.3322,0.1077,-0.2650,-0.2411,0.0357,0.0357,0.0357,-0.2828,-0.0043,-0.0035,-0.0009,0.3889,0.3986,1.0510,-0.0478,-0.0631,0.0370,missed
2024-11-28,002916.SZ,深南电路,元器件,-0.2831,0.2500,1.1671,19.5246,0.0390,-0.0635,0.0438,0.6230,0.6230,0.5119,-0.0389,-0.0010,0.0057,0.0025,0.4511,0.5065,1.8579,-0.0411,-0.4175,0.1334,high_score
2024-12-05,002916.SZ,深南电路,元器件,-0.3026,0.2571,1.6795,19.3757,0.0742,0.0126,0.0302,0.6151,0.6151,0.5040,0.0078,-0.0004,0.0055,0.0028,0.4576,0.4993,1.5427,-0.0685,-0.3378,0.1407,high_score
2025-01-02,002916.SZ,深南电路,元器件,-0.6160,0.1299,1.2421,20.7015,0.7613,0.0445,0.1551,0.9484,0.9484,0.9246,0.0323,0.0002,0.0018,0.0029,0.4880,0.4891,0.8771,0.2394,-0.0436,0.1714,high_score
2025-02-07,002916.SZ,深南电路,元器件,-0.7575,0.1429,1.3489,20.9066,0.9045,0.1683,0.1805,0.9048,0.9048,0.8770,0.1191,0.0066,0.0021,0.0043,0.5304,0.4906,1.0887,-0.1214,0.0527,0.1546,high_score
2025-03-04,002916.SZ,深南电路,元器件,-0.3755,0.2692,1.1640,21.5378,0.9171,0.2625,0.2041,0.8611,0.8611,0.8333,0.1553,0.0041,0.0029,0.0044,0.5435,0.5047,1.2991,-0.1262,0.0859,0.1355,high_score
2025-04-25,002916.SZ,深南电路,元器件,0.4940,0.2800,1.7845,20.8882,0.0540,-0.2179,0.0294,0.5675,0.0357,0.3095,-0.1302,-0.0050,-0.0009,0.0007,0.4674,0.4815,0.7895,-0.0340,-0.1458,0.0987,high_score
2025-05-29,002916.SZ,深南电路,元器件,1.6989,0.8293,2.4122,20.5248,0.0038,-0.3504,-0.1488,0.0040,0.0794,0.4365,-0.2416,0.0013,-0.0014,0.0008,0.4663,0.4638,0.9085,-0.2420,-0.2534,0.0704,missed
2025-06-05,002916.SZ,深南电路,元器件,3.0176,0.9667,1.8987,20.9983,0.0238,-0.3025,-0.0675,0.0833,0.1667,0.6627,-0.2167,0.0009,-0.0014,0.0008,0.4630,0.4572,0.9018,-0.2180,-0.2052,0.0638,missed
2025-08-13,002916.SZ,深南电路,元器件,0.8288,0.5510,1.1844,21.7565,0.9210,0.3827,0.0395,0.9960,0.9841,1.0000,0.2158,0.0064,0.0042,0.0014,0.5120,0.5011,1.3912,0.1117,0.0782,0.0945,missed
2021-09-22,002920.SZ,德赛西威,汽车配件,2.6621,1.0000,1.0107,19.2715,0.1001,-0.2516,-0.0389,0.2857,0.0119,0.1389,-0.1632,-0.0014,0.0006,0.0018,0.4175,0.4550,0.9842,-0.1219,-0.3368,0.1754,missed
2025-05-14,002938.SZ,鹏鼎控股,元器件,1.3085,0.8361,1.1724,20.2015,0.0088,-0.2627,-0.1323,0.1706,0.1071,0.0952,-0.1849,0.0038,-0.0006,0.0004,0.4989,0.4772,0.8341,-0.0734,-0.2004,0.0900,missed
2022-05-25,003021.SZ,兆威机电,元器件,2.7620,0.9200,1.1633,17.3807,0.0093,-0.4646,-0.5921,0.0595,0.1746,0.0595,-0.2964,0.0022,-0.0043,-0.0029,0.5296,0.4103,0.9899,0.0143,-0.2202,-0.0117,missed
2024-04-16,003021.SZ,兆威机电,元器件,3.3976,0.9839,1.3445,18.9043,0.0127,-0.3520,-0.2678,0.0079,0.0040,0.0079,-0.1692,-0.0056,-0.0003,-0.0005,0.3727,0.4542,1.3922,-0.1531,-0.3082,0.0251,missed
2024-05-07,003021.SZ,兆威机电,元器件,2.4542,0.9770,1.0633,19.1762,0.4677,0.0970,-0.1397,0.1786,0.0992,0.1508,0.0463,0.0020,0.0035,0.0002,0.4957,0.5082,0.9549,0.0093,-0.1041,0.0381,missed
2024-06-25,003021.SZ,兆威机电,元器件,1.4538,0.8837,1.9970,19.1231,0.0480,-0.3018,-0.4556,0.0040,0.0873,0.1786,-0.1537,-0.0002,0.0001,0.0001,0.4728,0.4771,1.0855,-0.0527,-0.3123,0.0766,missed
2024-07-29,003021.SZ,兆威机电,元器件,2.6992,0.9722,2.0489,17.9752,0.0391,-0.3461,-0.3823,0.0119,0.0397,0.0794,-0.2107,-0.0012,0.0001,0.0012,0.4120,0.4638,1.3479,-0.0916,-0.3629,0.1016,missed
2024-08-22,003021.SZ,兆威机电,元器件,2.9024,1.0000,1.7175,18.5380,0.4237,-0.1519,-0.3511,0.0040,0.0159,0.0437,-0.1168,-0.0010,-0.0000,0.0008,0.4750,0.4641,0.9342,0.0056,-0.1480,0.0895,missed
2024-09-06,003021.SZ,兆威机电,元器件,3.1387,0.9028,1.8662,18.1336,0.0441,-0.3181,-0.4785,0.0040,0.0040,0.0040,-0.2617,0.0005,-0.0008,-0.0001,0.4685,0.4460,0.9763,-0.1829,-0.3022,0.0918,missed
2024-10-31,003021.SZ,兆威机电,元器件,1.9278,0.9294,1.4841,19.2010,0.3854,0.1386,-0.2840,0.3056,0.4246,0.4444,0.0880,0.0151,0.0053,0.0025,0.5696,0.5069,2.4708,-0.1404,-0.2214,0.0921,missed
2024-11-01,003021.SZ,兆威机电,元器件,1.4428,0.7969,1.5846,19.0988,0.1310,-0.0080,-0.3035,0.2321,0.3155,0.3214,-0.0053,0.0104,0.0041,0.0022,0.5250,0.4924,2.5583,-0.1408,-0.2673,0.0933,missed
2020-12-08,003022.SZ,联泓新科,化工原料,3.0102,1.0000,3.0969,16.7467,,,,,,,,0.0005,0.0014,0.0035,0.4560,0.4908,1.6254,,,0.1296,missed
2021-01-27,003022.SZ,联泓新科,化工原料,0.7695,0.6465,1.6980,20.3082,,,,,,,,0.0067,0.0031,0.0018,0.5318,0.5021,1.1789,0.6117,,0.1243,missed
2021-02-02,003022.SZ,联泓新科,化工原料,0.8404,0.7561,1.3196,20.0068,,,,,,,,0.0043,0.0025,0.0016,0.4977,0.4887,1.2745,0.5106,,0.1261,missed
2021-01-12,003031.SZ,中瓷电子,元器件,3.1437,0.9138,1.2283,16.6384,,,,,,,,0.0041,0.0016,0.0013,0.5263,0.4986,1.2073,,,0.0638,missed
2021-02-18,003031.SZ,中瓷电子,元器件,1.0613,0.8154,1.2120,19.2294,,,,,,,,-0.0029,0.0006,0.0002,0.4667,0.4887,1.9243,0.1859,,0.0722,missed
2021-05-17,003031.SZ,中瓷电子,元器件,0.9292,0.6094,1.3114,18.0164,0.7045,0.0838,,0.7241,0.2644,0.6092,0.0450,-0.0020,-0.0008,-0.0004,0.4380,0.4665,1.0555,0.0213,0.1287,0.0591,missed
2021-11-02,003031.SZ,中瓷电子,元器件,3.1747,0.9298,1.0091,18.4164,0.8112,0.1865,0.1654,0.9000,0.9450,0.9350,0.1195,0.0032,0.0003,0.0009,0.5162,0.4746,0.7563,0.1343,0.1761,0.0728,missed
2025-08-04,003031.SZ,中瓷电子,元器件,0.8305,0.6618,1.4371,19.2168,0.7641,0.1297,0.0868,0.8948,0.7222,0.8333,0.1659,0.0050,0.0031,0.0011,0.4913,0.4844,1.4862,-0.0409,-0.0826,0.0799,missed
2021-01-26,003035.SZ,南网能源,新型电力,0.5808,0.5111,1.5287,16.4802,,,,,,,,0.0054,0.0054,0.0019,0.4965,0.4863,2.8740,,,0.1099,missed
2022-06-29,300002.SZ,神州泰岳,互联网,0.3635,0.6087,1.0584,18.8320,0.1793,-0.0923,-0.2904,0.1587,0.1508,0.1587,-0.0839,0.0032,0.0001,-0.0015,0.5889,0.5333,1.1313,-0.0258,-0.0783,-0.0001,missed
2022-07-27,300002.SZ,神州泰岳,互联网,0.9559,0.6604,1.9717,18.3309,0.6561,0.2045,-0.2727,0.2619,0.2381,0.2540,0.2263,-0.0006,0.0025,-0.0009,0.4389,0.5463,1.0953,0.0406,0.0498,0.0252,missed
2022-08-04,300002.SZ,神州泰岳,互联网,1.1616,0.6154,2.2297,18.4066,0.6468,0.1029,-0.2654,0.2460,0.2302,0.2421,0.1144,-0.0012,0.0008,-0.0013,0.4889,0.5296,0.9256,0.0898,0.0641,0.0289,missed
2022-09-21,300002.SZ,神州泰岳,互联网,1.7233,0.9118,2.5199,18.1761,0.6671,-0.0429,-0.1355,0.1627,0.1548,0.0992,-0.0442,-0.0039,-0.0012,-0.0006,0.4222,0.4500,1.3452,-0.0132,0.0252,0.0495,missed
2022-10-13,300002.SZ,神州泰岳,互联网,1.6921,0.7750,2.1380,18.3472,0.7428,-0.0077,-0.1037,0.1171,0.1131,0.0694,-0.0076,-0.0053,-0.0015,-0.0006,0.3833,0.4500,1.0164,0.0116,0.0814,0.0488,missed
2022-11-04,300002.SZ,神州泰岳,互联网,1.9976,0.9796,1.2948,19.0397,0.8351,0.0981,0.2111,0.5754,0.5317,0.4524,0.1032,0.0031,-0.0003,0.0002,0.5556,0.4667,0.7176,0.1793,0.1286,0.0368,missed
2022-12-30,300002.SZ,神州泰岳,互联网,1.4510,0.8305,1.3000,18.2026,0.8362,0.1730,0.1043,0.5119,0.4821,0.3254,0.1892,-0.0008,0.0024,0.0003,0.3944,0.5093,1.7241,-0.0269,0.0248,0.0297,missed
2023-01-16,300002.SZ,神州泰岳,互联网,1.7654,0.9677,1.0066,18.9919,0.7347,0.1345,0.0791,0.7758,0.7262,0.6825,0.1534,0.0032,0.0032,0.0006,0.5000,0.5241,1.4002,0.0302,-0.0627,0.0464,missed
2025-05-23,300017.SZ,网宿科技,软件服务,1.5815,0.9677,1.1249,20.6142,0.0376,-0.2918,0.1004,0.6964,0.5556,0.7222,-0.2214,-0.0021,-0.0043,0.0002,0.4481,0.4333,0.8513,-0.0105,-0.0455,0.0988,missed
2024-02-01,300024.SZ,机器人,专用机械,0.8329,0.6346,1.3071,18.8861,0.2357,-0.2475,-0.3058,0.0060,0.0076,0.0060,-0.2330,-0.0079,-0.0030,-0.0023,0.3632,0.4132,1.1036,-0.0431,-0.0788,0.0163,missed
2024-05-29,300024.SZ,机器人,专用机械,0.7261,0.6129,1.1471,18.5014,0.1266,-0.1106,-0.1530,0.0595,0.0317,0.0556,-0.0982,-0.0024,0.0008,0.0004,0.4316,0.4816,1.1924,-0.0073,-0.1493,0.0905,missed
2022-07-21,300033.SZ,同花顺,软件服务,-0.8960,0.0909,1.2366,19.1490,0.3320,-0.0192,-0.3250,0.1190,0.1190,0.1865,-0.0151,-0.0004,0.0017,-0.0020,0.4574,0.5251,1.2619,-0.0865,-0.1016,0.0246,high_score
2022-09-28,300033.SZ,同花顺,软件服务,-1.2195,0.0714,1.2925,18.6397,0.3285,-0.1649,-0.1847,0.0198,0.0198,0.0119,-0.2003,-0.0032,-0.0018,-0.0011,0.4185,0.4352,0.8403,-0.0099,-0.0509,0.0435,high_score
2022-10-10,300033.SZ,同花顺,软件服务,-1.6653,0.0200,1.2010,18.5588,0.4134,-0.1586,-0.1534,0.0198,0.0198,0.0079,-0.1908,-0.0055,-0.0022,-0.0007,0.3704,0.4259,0.8198,0.0266,-0.0242,0.0414,high_score
2024-01-31,300033.SZ,同花顺,软件服务,-0.6629,0.1148,1.3728,20.6579,0.2839,-0.2289,-0.4051,0.0040,0.0952,0.0437,-0.1766,-0.0116,-0.0047,-0.0032,0.3074,0.3951,0.9297,-0.0427,0.0276,0.0387,high_score
2024-02-02,300033.SZ,同花顺,软件服务,-0.5276,0.1923,1.9605,20.7679,0.2839,-0.2524,-0.3893,0.0040,0.0873,0.0437,-0.1890,-0.0119,-0.0055,-0.0033,0.3259,0.3852,0.9360,-0.0280,0.0384,0.0367,high_score
2024-03-29,300033.SZ,同花顺,软件服务,-0.7320,0.1512,1.3822,20.2431,0.2028,-0.0931,-0.1208,0.0992,0.4484,0.2659,-0.0561,-0.0030,-0.0007,-0.0008,0.4019,0.4506,1.6477,-0.0095,-0.0257,0.0161,high_score
2024-04-16,300033.SZ,同花顺,软件服务,-0.2302,0.3548,1.2905,20.5817,0.0558,-0.2364,-0.2403,0.0119,0.0992,0.0476,-0.1423,-0.0073,-0.0014,-0.0015,0.3667,0.4494,1.3684,-0.0277,-0.1323,0.0160,high_score
2024-05-06,300033.SZ,同花顺,软件服务,-0.8010,0.0769,1.4395,21.0742,0.1812,-0.0240,-0.0939,0.1032,0.3413,0.2421,-0.0154,-0.0008,0.0014,-0.0003,0.4241,0.4741,0.9232,-0.0630,-0.0812,0.0230,high_score
2024-06-28,300033.SZ,同花顺,软件服务,-0.8694,0.1053,1.8631,20.5249,0.0997,-0.2308,-0.2888,0.0040,0.0437,0.0079,-0.1987,-0.0045,-0.0031,-0.0017,0.4386,0.4283,0.7817,-0.0208,-0.0435,0.0266,high_score
2024-07-25,300033.SZ,同花顺,软件服务,-0.5085,0.2727,1.6750,20.5272,0.2623,-0.1862,-0.2152,0.0536,0.0694,0.0536,-0.1932,-0.0041,-0.0040,-0.0012,0.4304,0.4361,0.9494,-0.0012,0.0375,0.0111,high_score
2024-08-02,300033.SZ,同花顺,软件服务,-0.6422,0.1176,1.6374,20.2593,0.3493,-0.1551,-0.1071,0.0913,0.1310,0.0952,-0.1535,0.0011,-0.0033,-0.0003,0.4696,0.4331,0.9157,0.0595,0.0407,0.0030,high_score
2025-07-30,300037.SZ,新宙邦,化工原料,3.0984,0.9875,1.0716,19.8407,0.5207,0.0668,0.0477,0.5595,0.6746,0.5476,0.0879,0.0029,0.0012,0.0008,0.5043,0.4804,1.5658,-0.0364,0.0003,0.0292,missed
2025-08-14,300054.SZ,鼎龙股份,化工原料,-0.2603,0.2941,1.6833,19.9707,0.3312,0.0113,-0.0553,0.8095,0.2262,0.5437,0.0149,0.0024,0.0012,0.0004,0.5065,0.4833,1.5552,-0.0370,-0.0538,0.0292,high_score
2022-09-28,300058.SZ,蓝色光标,广告包装,0.9499,0.9286,1.0841,18.6161,0.1406,-0.2443,-0.4733,0.0040,0.1667,0.0040,-0.2249,-0.0045,-0.0023,-0.0014,0.3833,0.4167,1.0335,-0.1219,-0.1125,0.0268,missed
2025-04-18,300058.SZ,蓝色光标,广告包装,1.8741,0.6786,2.6241,20.0715,0.0489,-0.2051,0.0427,0.5853,0.5664,0.5893,-0.1277,-0.0058,-0.0017,0.0002,0.4833,0.5278,0.8251,-0.0781,-0.0949,0.0275,missed
2025-05-12,300058.SZ,蓝色光标,广告包装,1.8573,0.9375,2.7439,20.1718,0.1004,-0.1524,0.1065,0.6429,,0.6587,-0.0981,0.0050,-0.0011,0.0003,0.5333,0.5000,0.9599,0.0128,-0.0708,0.0148,missed
2025-06-04,300058.SZ,蓝色光标,广告包装,2.4567,0.9259,1.6350,20.4690,0.0289,-0.2948,-0.4401,0.3571,,0.6468,-0.1695,-0.0031,-0.0010,-0.0010,0.4833,0.5111,0.9260,-0.2305,-0.2082,0.0258,missed
2025-07-01,300058.SZ,蓝色光标,广告包装,2.0243,0.9310,1.2291,20.2994,0.0113,-0.2963,-0.3128,0.3294,,0.6746,-0.2012,-0.0045,-0.0016,-0.0009,0.4500,0.4944,0.8712,-0.1619,-0.1807,0.0265,missed
2025-08-04,300058.SZ,蓝色光标,广告包装,1.2564,0.8088,1.6993,21.4112,0.0364,-0.1667,-0.2990,0.3968,,0.8849,-0.1434,0.0024,0.0002,-0.0005,0.5333,0.5056,0.9957,0.0682,-0.1621,0.0362,missed
2024-02-01,300059.SZ,东方财富,证券,-0.5147,0.1154,1.0903,21.6597,0.3802,-0.1850,-0.2365,0.0198,0.0198,0.0198,-0.2760,-0.0021,-0.0021,-0.0017,0.3670,0.3557,1.0300,-0.0135,-0.0610,0.0075,high_score
2024-03-14,300059.SZ,东方财富,证券,-0.7797,0.1739,1.0609,21.5328,0.3498,-0.0606,-0.1384,0.1349,0.1349,0.1349,-0.0687,0.0016,-0.0007,-0.0005,0.5068,0.4019,1.9471,0.0071,-0.0057,0.0031,high_score
2024-06-28,300059.SZ,东方财富,证券,-1.1018,0.0175,1.1761,21.8854,0.1705,-0.1801,-0.2286,0.0040,0.0040,0.0040,-0.2456,-0.0039,-0.0012,-0.0006,0.3591,0.4198,0.7025,-0.0752,-0.1002,0.0161,high_score
2024-01-29,300100.SZ,双林股份,汽车配件,2.0962,0.9429,1.4144,17.9326,0.1305,-0.2312,-0.0572,0.2976,0.3929,0.2143,-0.1785,-0.0065,-0.0023,-0.0014,0.3725,0.4158,0.9788,-0.1089,-0.0981,0.0223,missed
2024-02-22,300100.SZ,双林股份,汽车配件,3.1950,0.9531,1.8509,18.3943,0.0431,-0.2865,-0.1060,0.1587,0.3214,0.0754,-0.1615,0.0005,-0.0017,-0.0005,0.4575,0.4208,1.3807,-0.2059,-0.1851,0.0208,missed
2024-03-01,300100.SZ,双林股份,汽车配件,3.1138,0.9756,1.3580,18.4731,0.0494,-0.2155,-0.0175,0.4921,0.4762,0.3849,-0.1078,0.0048,-0.0008,-0.0002,0.5300,0.4442,1.4879,-0.0964,-0.1601,0.0194,missed
2024-04-16,300100.SZ,双林股份,汽车配件,3.0297,0.9355,2.7651,18.1510,0.0849,-0.2008,-0.1280,0.2579,0.2579,0.2381,-0.0934,-0.0016,0.0011,0.0001,0.4350,0.4833,1.1944,-0.1067,-0.2799,0.0679,missed
2024-05-06,300100.SZ,双林股份,汽车配件,1.6557,0.8615,2.6160,18.9608,0.7959,0.2427,-0.0009,0.9524,0.8294,0.9405,0.1091,0.0026,0.0040,0.0011,0.4895,0.5198,1.1003,0.0598,-0.0209,0.0928,missed
2024-06-06,300100.SZ,双林股份,汽车配件,1.4070,0.8605,3.6133,19.0367,0.8496,0.1720,-0.0210,0.7183,0.5437,0.7222,0.1063,-0.0051,0.0004,0.0002,0.4025,0.4773,1.1093,0.0252,0.1578,0.1290,missed
2024-07-02,300100.SZ,双林股份,汽车配件,0.9460,0.6522,4.3363,19.3912,0.9205,0.1722,0.1426,0.9960,0.9365,0.9960,0.1017,-0.0033,-0.0018,-0.0001,0.4425,0.4457,0.7377,0.0710,0.2916,0.1028,missed
2024-08-15,300100.SZ,双林股份,汽车配件,1.3471,0.9130,4.4316,19.2002,0.9887,0.2324,0.8076,0.9683,0.9683,0.9246,0.1204,-0.0044,-0.0026,-0.0002,0.3600,0.4183,1.0694,0.1447,0.3840,0.0290,missed
2024-09-24,300100.SZ,双林股份,汽车配件,1.5743,0.8966,4.1243,19.0391,0.9798,0.2098,0.4608,0.9802,0.9802,0.9405,0.1267,0.0060,0.0002,-0.0005,0.5850,0.4550,0.8969,-0.0187,0.2126,0.0104,missed
2024-10-10,300100.SZ,双林股份,汽车配件,0.7586,0.7407,2.1845,20.3372,0.9370,0.5066,1.1459,0.9881,0.9881,0.9881,0.2175,0.0130,0.0031,0.0012,0.6150,0.4850,1.1893,0.4093,0.3287,0.0177,missed
2024-11-14,300100.SZ,双林股份,汽车配件,0.8239,0.6500,1.9572,19.5805,0.9471,0.8034,1.1123,0.9722,0.9722,0.9643,0.3396,0.0064,0.0058,0.0014,0.5425,0.5325,2.1238,-0.0360,0.4158,0.0709,missed
2024-12-12,300100.SZ,双林股份,汽车配件,0.0920,0.2857,1.1678,21.1421,0.9862,1.4566,1.7313,0.9881,0.9881,0.9881,0.4564,0.0003,0.0052,0.0018,0.4800,0.5225,1.0374,0.3630,1.0993,0.1284,high_score
2025-01-08,300100.SZ,双林股份,汽车配件,-0.4181,0.1818,1.1496,20.6916,0.9661,0.4523,1.2039,0.9444,0.9444,0.9444,0.1679,-0.0026,0.0012,0.0016,0.4500,0.4817,0.8581,-0.0946,0.3942,0.1502,high_score
2024-01-29,300115.SZ,长盈精密,元器件,1.1555,0.7143,1.0369,19.2193,0.1331,-0.2299,-0.1360,0.0079,0.0098,0.0040,-0.1940,-0.0102,-0.0032,-0.0015,0.3044,0.4105,0.9915,-0.1176,-0.0486,0.0495,missed
2024-05-10,300115.SZ,长盈精密,元器件,0.9101,0.5366,1.1229,19.3366,0.6946,0.2530,-0.1525,0.4147,0.0913,0.1667,0.1445,0.0026,0.0042,-0.0003,0.5043,0.5155,0.9157,-0.0547,-0.0008,0.0450,missed
2024-06-05,300115.SZ,长盈精密,元器件,-0.5290,0.2222,1.5257,20.1508,0.7522,0.1070,-0.0866,0.6250,0.1944,0.4405,0.0795,0.0001,0.0006,0.0000,0.4804,0.4738,1.0362,0.0450,0.0798,0.0711,high_score
2024-08-07,300115.SZ,长盈精密,元器件,0.4391,0.6000,1.2242,19.5846,0.7730,-0.0348,0.4250,0.3254,0.2421,0.0357,-0.0237,-0.0044,-0.0004,0.0025,0.4185,0.4601,1.1937,-0.0718,-0.0063,0.0971,missed
2025-01-06,300115.SZ,长盈精密,元器件,-0.6489,0.0882,1.6563,20.8085,0.8781,0.1409,0.2943,0.8016,0.6111,0.7857,0.0780,-0.0027,0.0023,0.0020,0.4348,0.4877,0.8592,-0.0984,0.0208,0.1706,high_score
2025-04-21,300136.SZ,信维通信,元器件,2.8865,0.9286,2.6977,20.1778,0.1104,-0.1399,-0.1524,0.4921,0.4921,0.4841,-0.1080,-0.0062,0.0000,0.0008,0.4533,0.4964,0.8300,-0.0671,-0.1196,0.1019,missed
2025-05-26,300136.SZ,信维通信,元器件,2.8265,0.6923,2.3887,19.9328,0.1568,-0.1799,-0.1550,0.5079,0.0595,0.4921,-0.1399,0.0008,-0.0024,0.0008,0.4565,0.4518,0.8959,0.0508,-0.0300,0.0768,missed
2025-06-13,300136.SZ,信维通信,元器件,3.0759,0.9865,2.1141,19.7451,0.2535,-0.1430,-0.2084,0.4683,0.0714,0.4484,-0.1111,0.0005,-0.0018,0.0004,0.4522,0.4496,0.8794,0.0276,-0.0203,0.0549,missed
2025-07-08,300136.SZ,信维通信,元器件,3.0792,0.9815,1.7273,19.7467,0.8206,0.1925,-0.0334,0.5020,0.2242,0.4980,0.1912,0.0054,0.0040,0.0019,0.5446,0.5098,1.1450,-0.1044,-0.0920,0.0465,missed
2025-08-08,300136.SZ,信维通信,元器件,2.9719,1.0000,3.7733,20.0018,0.7666,0.1457,-0.0789,0.5714,0.4008,0.5119,0.1654,0.0043,0.0033,0.0011,0.4728,0.4880,1.4281,-0.0084,-0.0792,0.0872,missed
2021-02-26,300207.SZ,欣旺达,电气设备,0.0775,0.2879,1.0059,20.5367,0.2085,-0.1218,0.0304,0.5079,0.4960,0.3690,-0.0764,-0.0053,0.0022,0.0023,0.4311,0.4912,1.1844,-0.0043,-0.2540,0.1441,high_score
2021-03-26,300207.SZ,欣旺达,电气设备,0.7767,0.7647,1.1323,19.8801,0.0366,-0.2889,-0.2738,0.3135,0.2937,0.2738,-0.1717,-0.0009,-0.0003,0.0018,0.5157,0.4937,0.8057,-0.1691,-0.2581,0.1309,missed
2021-02-19,300223.SZ,北京君正,半导体,1.1209,0.7895,1.0279,19.4227,0.0156,-0.2434,-0.2124,0.0437,0.1746,0.0437,-0.1625,-0.0021,0.0009,0.0012,0.4955,0.5097,1.2281,-0.0624,-0.2905,0.1573,missed
2021-03-01,300223.SZ,北京君正,半导体,0.5802,0.6316,1.1987,19.8973,0.0071,-0.2961,-0.2291,0.0635,0.1944,0.0635,-0.2003,-0.0034,0.0006,0.0012,0.4682,0.5043,1.0587,-0.0144,-0.3212,0.1579,missed
2025-05-29,300223.SZ,北京君正,半导体,1.3933,0.8049,1.1227,20.1203,0.0489,-0.2310,-0.0475,0.4762,0.9206,0.4444,-0.1995,-0.0007,-0.0011,0.0006,0.4592,0.4428,0.8704,0.0166,-0.1510,0.0608,missed
2024-05-29,300251.SZ,光线传媒,影视音像,0.9805,0.6774,1.7788,19.1032,0.4089,0.0034,0.1122,0.6171,,0.4603,0.0026,-0.0030,-0.0000,-0.0002,0.3500,0.4500,0.8589,0.0144,0.0155,0.0596,missed
2024-06-20,300251.SZ,光线传媒,影视音像,0.9450,0.7222,1.5607,19.1418,0.3350,-0.1137,0.0564,0.5714,,0.4405,-0.0997,-0.0055,-0.0030,-0.0012,0.3417,0.4056,0.8926,0.0502,0.0625,0.0474,missed
2024-07-30,300251.SZ,光线传媒,影视音像,1.9063,0.8372,1.5772,18.8275,0.2030,-0.2344,-0.0832,0.0357,0.0588,0.0238,-0.2699,-0.0023,-0.0031,-0.0009,0.4583,0.4111,0.8563,-0.0263,-0.0582,-0.0045,missed
2024-08-13,300251.SZ,光线传媒,影视音像,2.4062,0.6667,1.5381,18.4754,0.2484,-0.2059,-0.0976,0.0159,0.0128,0.0079,-0.2364,-0.0000,-0.0027,-0.0008,0.4417,0.4083,0.9226,-0.0517,-0.0541,-0.0212,missed
2024-09-06,300251.SZ,光线传媒,影视音像,1.6283,0.6944,1.8388,18.3616,0.0882,-0.2773,-0.2865,0.0119,0.0312,0.0119,-0.3041,-0.0033,-0.0025,-0.0018,0.3833,0.4167,0.8830,-0.0054,-0.1348,-0.0278,missed
2024-10-24,300251.SZ,光线传媒,影视音像,0.1368,0.2647,1.3462,19.4413,0.4383,0.1429,-0.0635,0.6190,0.5813,0.4663,0.1118,0.0106,0.0031,0.0001,0.6667,0.5056,2.2620,0.0415,-0.0352,0.0111,high_score
2024-11-19,300251.SZ,光线传媒,影视音像,1.1023,0.5217,1.2587,19.4251,0.4868,0.2028,-0.0549,0.6171,0.5816,0.5397,0.1373,0.0030,0.0039,0.0008,0.5833,0.5528,2.4475,-0.0654,-0.0256,0.0521,missed
2024-12-24,300251.SZ,光线传媒,影视音像,1.0570,0.8077,1.0322,19.3104,0.7296,0.3357,0.1023,0.7698,0.8494,0.7698,0.2045,0.0020,0.0047,0.0019,0.5250,0.5861,1.0142,0.0786,0.0489,0.1184,missed
2020-12-07,300274.SZ,阳光电源,电气设备,0.3067,0.3750,2.2279,21.3331,1.0000,1.2293,3.1321,0.9881,0.9881,0.9881,0.4729,-0.0002,0.0019,0.0031,0.4629,0.4886,1.1673,0.1094,1.1211,0.1117,high_score
2025-01-02,300274.SZ,阳光电源,电气设备,-1.2417,0.0390,1.2274,21.5343,0.0101,-0.2744,0.2366,0.2143,0.2619,0.0198,-0.2050,-0.0032,-0.0002,0.0021,0.4160,0.4624,0.6914,-0.0403,-0.2520,0.1301,high_score
2025-02-25,300274.SZ,阳光电源,电气设备,-0.6348,0.2121,1.6912,21.5893,0.0302,-0.1640,0.0098,0.0833,0.0833,0.0079,-0.1779,0.0013,0.0002,0.0027,0.4713,0.4688,1.0901,-0.1609,-0.1879,0.0960,high_score
2025-03-24,300274.SZ,阳光电源,电气设备,-0.7056,0.1071,1.5110,21.2433,0.1181,-0.1120,-0.1472,0.0794,0.0794,0.0040,-0.1184,-0.0002,0.0001,0.0025,0.4787,0.4709,1.5145,-0.0117,-0.1178,0.0763,high_score
2025-04-08,300274.SZ,阳光电源,电气设备,-0.2473,0.2222,2.2901,21.8240,0.0452,-0.2022,-0.4509,0.0079,0.0079,0.0079,-0.1733,-0.0079,-0.0013,-0.0009,0.4074,0.4695,1.1785,-0.0325,-0.1118,0.0642,high_score
2025-05-07,300274.SZ,阳光电源,电气设备,-1.1106,0.0147,1.6074,21.6522,0.1267,-0.1315,-0.3301,0.1071,0.0119,0.0119,-0.1087,-0.0020,-0.0007,-0.0011,0.5340,0.4858,0.8041,-0.0250,-0.0711,0.0538,high_score
2025-06-27,300274.SZ,阳光电源,电气设备,-0.7990,0.1556,1.5536,21.7611,0.2447,-0.0949,-0.1601,0.2659,0.1587,0.2103,-0.0737,0.0015,-0.0010,-0.0006,0.5319,0.4908,1.0032,0.0407,-0.0258,0.0174,high_score
2025-08-05,300285.SZ,国瓷材料,陶瓷,0.1081,0.4386,1.0622,19.6493,0.6035,0.0708,0.0807,0.7381,0.5556,0.6508,0.1001,0.0013,0.0013,0.0009,0.5000,0.4667,1.6988,0.0000,0.0000,-0.0379,high_score
2022-08-11,300308.SZ,中际旭创,通信设备,0.0795,0.2105,1.1616,21.0387,0.6005,0.1165,-0.0118,0.5675,0.6230,0.4127,0.0980,0.0062,0.0037,0.0001,0.5625,0.5283,1.2623,0.0551,-0.1160,0.0484,high_score
2022-09-27,300308.SZ,中际旭创,通信设备,0.7787,0.5769,4.3808,19.2271,0.5125,-0.0999,-0.1301,0.0357,0.0357,0.0357,-0.0862,-0.0045,-0.0007,-0.0004,0.3993,0.4464,0.8862,0.0069,-0.0536,0.0744,missed
2022-10-11,300308.SZ,中际旭创,通信设备,1.1043,0.6136,4.2756,19.5787,0.5144,-0.1174,-0.1150,0.0159,0.0159,0.0159,-0.0934,-0.0067,-0.0013,-0.0002,0.3585,0.4403,0.8032,0.0330,-0.0310,0.0718,missed
2022-11-25,300308.SZ,中际旭创,通信设备,0.6416,0.4783,3.4171,18.7941,0.4329,-0.0574,-0.1124,0.0992,0.0992,0.0992,-0.0747,0.0013,-0.0004,0.0003,0.4929,0.4617,1.4149,-0.0451,-0.0273,0.0271,high_score
2022-12-21,300308.SZ,中际旭创,通信设备,0.9292,0.6207,2.6510,18.6754,0.5651,0.0059,-0.1551,0.0516,0.0516,0.0298,0.0084,-0.0037,0.0000,-0.0005,0.3690,0.4577,0.9414,0.0024,0.0026,0.0236,missed
2023-01-03,300308.SZ,中际旭创,通信设备,1.2457,0.8621,3.0385,19.5673,0.6528,0.1146,-0.0570,0.1587,0.1587,0.1429,0.1641,-0.0014,0.0020,0.0001,0.3952,0.4857,0.7708,0.0172,-0.0020,0.0275,missed
2023-02-23,300308.SZ,中际旭创,通信设备,-0.0028,0.3699,2.0611,19.3592,0.7685,0.1496,0.0192,0.8135,0.8056,0.7222,0.1714,0.0048,0.0015,0.0004,0.5571,0.4905,2.1467,0.0620,0.0608,0.0485,high_score
2023-03-15,300308.SZ,中际旭创,通信设备,0.2281,0.4500,2.5826,20.2288,0.7893,0.1445,0.1323,0.7421,0.7421,0.6389,0.1448,0.0013,0.0032,0.0013,0.4738,0.5206,3.1415,-0.1034,-0.0514,0.0612,high_score
2023-09-19,300308.SZ,中际旭创,通信设备,0.1864,0.3750,1.0276,21.3573,0.0192,-0.3444,0.7220,0.6944,0.6706,0.6786,-0.1891,-0.0025,-0.0025,0.0003,0.4143,0.4302,0.9434,-0.1819,-0.1948,0.0966,high_score
2023-10-18,300308.SZ,中际旭创,通信设备,0.7815,0.5667,1.1420,21.9136,0.0077,-0.3559,0.3084,0.6468,0.6230,0.6310,-0.2018,-0.0013,-0.0020,0.0002,0.4095,0.4246,1.3162,-0.0826,-0.2354,0.0583,missed
2024-01-03,300308.SZ,中际旭创,通信设备,-0.9208,0.0161,1.4700,21.5806,0.5057,-0.0407,-0.2689,0.5913,0.5794,0.5794,-0.0249,-0.0006,-0.0013,-0.0012,0.4286,0.4492,0.8890,0.0579,0.0473,0.0276,high_score
2024-12-11,300308.SZ,中际旭创,通信设备,-1.1155,0.0690,2.2657,22.1262,0.3912,0.2268,-0.1220,0.3929,0.2897,0.2976,0.1029,-0.0032,0.0078,0.0026,0.4386,0.5258,1.1162,-0.1348,-0.3744,0.2462,high_score
2025-01-27,300308.SZ,中际旭创,通信设备,-1.0991,0.0862,3.5580,22.3298,0.0565,-0.1841,-0.1134,0.1746,0.1270,0.1071,-0.0995,-0.0017,0.0004,0.0028,0.4318,0.4758,1.0755,-0.1237,-0.1996,0.2673,high_score
2025-02-27,300308.SZ,中际旭创,通信设备,-0.0591,0.1724,3.3109,22.4868,0.0276,-0.1485,-0.0979,0.0635,0.0635,0.0238,-0.0795,0.0015,0.0016,0.0040,0.5227,0.4939,1.0981,-0.2052,-0.2286,0.1793,high_score
2025-03-03,300308.SZ,中际旭创,通信设备,0.0144,0.3469,3.6909,22.1965,0.0251,-0.1765,-0.0925,0.0317,0.0317,0.0040,-0.0923,-0.0018,0.0005,0.0038,0.4932,0.4833,1.1315,-0.1587,-0.1820,0.1693,high_score
2025-04-30,300308.SZ,中际旭创,通信设备,0.8503,0.6154,6.0422,21.3513,0.0201,-0.2729,-0.4067,0.0635,0.0238,0.0357,-0.1695,-0.0034,-0.0013,-0.0005,0.4909,0.4864,0.7116,-0.0749,-0.1780,0.0445,missed
2025-05-07,300308.SZ,中际旭创,通信设备,1.1767,0.7941,6.1403,21.7310,0.1066,-0.1421,-0.4157,0.0774,0.0377,0.0694,-0.0963,-0.0007,-0.0008,-0.0007,0.5114,0.4841,0.7283,-0.0481,-0.0708,0.0436,missed
2025-06-11,300308.SZ,中际旭创,通信设备,0.4499,0.5102,4.0913,22.0391,0.7729,0.0549,-0.1369,0.3175,0.1310,0.1905,0.0349,0.0004,-0.0008,0.0001,0.4955,0.4803,1.1525,0.1157,0.1249,0.0266,missed
2025-07-24,300308.SZ,中际旭创,通信设备,0.1629,0.5000,3.8484,22.6057,0.9987,1.1719,0.4030,0.9881,0.2738,0.9206,0.7003,0.0045,0.0030,0.0007,0.5182,0.5189,1.2782,0.3346,0.9687,0.0643,high_score
2025-08-11,300308.SZ,中际旭创,通信设备,0.3107,0.4364,4.0309,22.6402,0.9950,1.1951,0.8583,0.9960,0.3413,0.9881,0.7473,0.0060,0.0035,0.0010,0.5409,0.5265,1.2401,0.3057,0.9543,0.0950,high_score
2020-12-01,300316.SZ,晶盛机电,专用机械,2.5460,0.9000,1.2164,19.7958,0.7482,0.1128,0.3116,0.8413,0.8254,0.7897,0.0632,0.0024,0.0013,0.0025,0.5100,0.4798,1.1659,-0.0735,0.0460,0.0992,missed
2021-02-25,300316.SZ,晶盛机电,专用机械,2.1036,0.9592,1.0615,20.2640,0.8596,0.3034,0.4503,0.9048,0.9048,0.9048,0.1716,-0.0040,0.0007,0.0012,0.4611,0.4907,1.2858,-0.0506,0.2704,0.1241,missed
2021-03-10,300316.SZ,晶盛机电,专用机械,2.0235,1.0000,1.1304,19.7982,0.7924,0.1031,0.1867,0.7798,0.7837,0.7639,0.0568,-0.0033,-0.0005,0.0005,0.4861,0.4815,0.8816,-0.1576,0.1514,0.1240,missed
2025-06-03,300316.SZ,晶盛机电,专用机械,-0.9870,0.0294,1.0832,18.4151,0.1154,-0.1862,-0.2271,0.1230,0.8929,0.1111,-0.2002,-0.0005,-0.0014,0.0000,0.4553,0.4684,0.8828,-0.0053,-0.0982,0.0422,high_score
2020-12-29,300339.SZ,润和软件,软件服务,0.9450,0.8689,2.1051,18.9418,0.0143,-0.2734,-0.1481,0.0774,,0.2103,-0.2225,-0.0024,-0.0013,-0.0015,0.4423,0.4684,1.0684,-0.0611,-0.1981,0.0304,missed
2021-01-07,300339.SZ,润和软件,软件服务,1.2547,0.7500,2.2333,18.9104,0.0157,-0.3083,-0.2190,0.0079,,0.1587,-0.2613,-0.0002,-0.0016,-0.0019,0.4846,0.4607,0.9955,-0.1228,-0.2133,0.0330,missed
2021-02-02,300339.SZ,润和软件,软件服务,0.5513,0.6341,2.2515,18.7561,0.0327,-0.2704,-0.3157,0.0040,,0.0794,-0.2490,-0.0018,-0.0005,-0.0009,0.4423,0.4714,1.3682,-0.1110,-0.2434,0.0513,missed
2021-03-16,300339.SZ,润和软件,软件服务,0.3429,0.5172,2.3790,18.1536,0.1314,-0.1791,-0.4214,0.0417,,0.0417,-0.1494,-0.0033,-0.0012,-0.0010,0.4462,0.4724,0.9307,0.0848,-0.0903,0.0596,missed
2021-04-28,300339.SZ,润和软件,软件服务,0.7261,0.4789,1.2952,19.1366,0.6303,0.0183,-0.1732,0.3056,,0.2857,0.0141,0.0005,-0.0010,-0.0002,0.4846,0.4699,0.7706,0.1153,0.0889,0.0469,high_score
2021-05-06,300339.SZ,润和软件,软件服务,0.1950,0.4151,1.1305,18.8264,0.6793,0.0613,-0.1798,0.2500,,0.2341,0.0473,-0.0010,-0.0008,-0.0007,0.4481,0.4673,0.8282,0.0840,0.1244,0.0447,high_score
2024-01-29,300339.SZ,润和软件,软件服务,0.8345,0.5714,1.8848,20.3866,0.3283,-0.1427,-0.0712,0.0952,0.3095,0.0833,-0.0872,-0.0098,-0.0029,-0.0024,0.3111,0.4210,0.9239,0.0319,0.0292,0.0400,missed
2024-02-08,300339.SZ,润和软件,软件服务,1.3502,0.8689,2.4945,20.6432,0.1508,-0.2391,-0.0566,0.0794,0.2976,0.0754,-0.1301,-0.0053,-0.0043,-0.0024,0.4093,0.3969,0.9962,-0.0705,0.0038,0.0314,missed
2024-03-27,300339.SZ,润和软件,软件服务,0.2939,0.5405,1.5074,20.5203,0.1724,-0.1378,-0.1312,0.0992,0.2024,0.0952,-0.0744,-0.0005,-0.0013,-0.0012,0.4389,0.4438,1.6617,0.0078,-0.0375,0.0158,missed
2024-04-30,300339.SZ,润和软件,软件服务,0.3801,0.5298,1.1300,20.3121,0.1800,-0.0426,-0.1260,0.2579,0.0079,0.1349,-0.0229,0.0002,0.0010,-0.0004,0.4370,0.4648,0.9536,0.0020,-0.0774,0.0221,missed
2024-05-30,300339.SZ,润和软件,软件服务,0.8447,0.5429,1.7391,19.5073,0.2924,-0.0696,-0.1937,0.0952,0.0079,0.0754,-0.0511,-0.0052,-0.0019,-0.0016,0.4074,0.4284,0.7956,0.0236,0.0559,0.0397,missed
2024-06-06,300339.SZ,润和软件,软件服务,0.6673,0.5814,1.8926,20.2591,0.2250,-0.0982,-0.2203,0.0794,0.0040,0.0437,-0.0736,-0.0043,-0.0018,-0.0016,0.4204,0.4370,0.8090,-0.0062,0.0235,0.0370,missed
2024-07-26,300339.SZ,润和软件,软件服务,1.4287,0.7200,1.4316,19.3648,0.4111,-0.1351,-0.1226,0.0714,0.0238,0.0437,-0.1263,-0.0031,-0.0043,-0.0013,0.4536,0.4332,0.9469,0.0349,0.1029,0.0096,missed
2024-08-05,300339.SZ,润和软件,软件服务,1.5419,0.8667,1.8881,19.9193,0.5044,-0.1255,-0.0350,0.0238,0.0040,0.0079,-0.1204,0.0015,-0.0034,-0.0005,0.4750,0.4324,0.9103,-0.0421,0.0782,0.0016,missed
2024-09-02,300339.SZ,润和软件,软件服务,0.2036,0.3279,1.4827,20.4829,0.8663,0.0117,-0.1055,0.2460,0.1825,0.2341,0.0099,-0.0019,-0.0028,-0.0025,0.4482,0.4386,0.8999,0.1162,0.1846,-0.0128,high_score
2024-02-07,300346.SZ,南大光电,半导体,1.2218,0.7907,1.0579,19.9566,0.0900,-0.3026,-0.2711,0.0287,0.0287,0.0287,-0.2424,-0.0053,-0.0047,-0.0019,0.4118,0.3959,0.9668,-0.0081,-0.0466,0.0340,missed
2024-06-18,300383.SZ,光环新网,软件服务,2.1398,0.8710,1.2570,18.4889,0.2946,-0.1076,-0.1471,0.1667,,0.1667,-0.1236,-0.0037,-0.0028,-0.0018,0.4464,0.4364,0.8105,0.0443,0.0612,0.0337,missed
2020-12-11,300390.SZ,天华新能,电气设备,1.4632,0.9333,4.2783,19.9043,0.8187,0.2000,0.4237,0.9583,0.9583,0.8730,0.1498,0.0017,0.0032,0.0030,0.4757,0.4981,1.0995,0.1142,-0.0060,0.1104,missed
2021-01-15,300390.SZ,天华新能,电气设备,0.7683,0.5500,4.4292,19.8456,0.8148,0.2837,0.2057,0.9246,0.9246,0.8810,0.1708,0.0055,0.0036,0.0026,0.5375,0.5082,1.4961,-0.0823,0.0443,0.1184,missed
2021-02-22,300390.SZ,天华新能,电气设备,0.8116,0.7593,2.9531,19.5864,0.9091,0.4255,0.5164,0.9048,0.9048,0.9048,0.2074,0.0007,0.0033,0.0027,0.5041,0.5103,1.3209,0.0439,0.2123,0.1434,missed
2021-03-24,300390.SZ,天华新能,电气设备,1.5279,0.8750,2.1421,19.0803,0.7997,0.1293,0.7500,0.9226,0.9226,0.9008,0.0570,-0.0041,-0.0003,0.0014,0.4649,0.4918,0.8209,0.2217,0.1609,0.1348,missed
2021-04-02,300390.SZ,天华新能,电气设备,1.2957,0.8667,1.8027,19.5554,0.8521,0.1911,0.9238,0.9444,0.9444,0.9286,0.0839,-0.0005,-0.0004,0.0020,0.4950,0.4865,0.7993,0.0787,0.2236,0.1203,missed
2021-05-18,300390.SZ,天华新能,电气设备,1.3506,0.7556,1.7343,19.4076,0.4972,-0.0090,0.5875,0.7738,0.0040,0.0952,-0.0045,0.0033,-0.0008,0.0016,0.4969,0.4741,0.9663,-0.1150,0.0385,0.0654,missed
2025-03-13,300390.SZ,天华新能,电气设备,0.7881,0.6000,1.1603,19.4915,0.1319,-0.1321,0.4093,0.7024,0.7024,0.6944,-0.1434,0.0017,-0.0001,0.0026,0.4915,0.4624,1.4858,-0.0383,-0.1386,0.0837,missed
2025-04-29,300390.SZ,天华新能,电气设备,3.0302,1.0000,1.9509,18.4241,0.0891,-0.1904,-0.2399,0.2778,0.9960,0.3095,-0.1815,-0.0044,-0.0014,-0.0011,0.4904,0.4734,0.8124,-0.0665,-0.0976,0.0546,missed
2025-05-28,300390.SZ,天华新能,电气设备,3.1004,0.9545,2.0971,18.7864,0.0502,-0.2776,-0.3363,0.2659,0.9206,0.2817,-0.2785,-0.0003,-0.0021,-0.0007,0.4383,0.4550,0.8361,-0.0198,-0.1435,0.0392,missed
2025-06-16,300390.SZ,天华新能,电气设备,3.0835,0.9062,2.0522,18.4988,0.0489,-0.2644,-0.3403,0.2341,0.8810,0.3294,-0.2841,-0.0011,-0.0020,-0.0009,0.4436,0.4624,0.9590,-0.0432,-0.1414,0.0245,missed
2025-07-07,300390.SZ,天华新能,电气设备,2.9412,1.0000,2.1080,18.6439,0.3563,0.0337,-0.1449,0.4107,0.9425,0.4722,0.0410,0.0009,0.0015,0.0001,0.5021,0.5032,1.1082,0.0390,-0.0578,0.0187,missed
2025-08-27,300390.SZ,天华新能,电气设备,2.1749,0.9853,3.2198,20.1719,0.5709,0.1485,-0.1596,0.4167,0.9048,0.4683,0.1515,0.0052,0.0034,0.0009,0.5617,0.5259,1.4169,-0.1280,-0.0734,0.0545,missed
2022-07-27,300394.SZ,天孚通信,通信设备,0.4387,0.4340,1.0887,19.2617,0.9021,0.5184,-0.0963,0.6746,0.5952,0.5992,0.3028,0.0030,0.0038,-0.0006,0.4600,0.5267,1.3104,0.0974,0.2685,0.0283,high_score
2022-08-30,300394.SZ,天孚通信,通信设备,1.2226,0.7910,1.3634,18.9477,0.8269,0.1290,-0.0077,0.6548,0.6111,0.6111,0.0815,-0.0002,0.0009,-0.0003,0.4650,0.4675,1.2727,-0.0511,0.0824,0.0670,missed
2022-09-13,300394.SZ,天孚通信,通信设备,1.4223,0.7742,1.9672,18.2513,0.7546,0.0635,0.0519,0.5952,0.5317,0.5675,0.0412,-0.0029,0.0005,0.0001,0.4375,0.4650,1.0956,-0.0998,0.0460,0.0738,missed
2022-10-31,300394.SZ,天孚通信,通信设备,2.0486,0.9147,2.3655,18.5485,0.4424,-0.1098,0.2183,0.4583,0.3651,0.2302,-0.0782,0.0042,-0.0006,0.0012,0.5310,0.4583,0.7553,-0.0578,-0.0675,0.0516,missed
2022-11-11,300394.SZ,天孚通信,通信设备,2.5588,0.7241,2.8472,18.6180,0.0837,-0.2249,0.0618,0.3056,0.2500,0.1865,-0.1732,0.0028,-0.0017,0.0010,0.5048,0.4405,1.0358,-0.0658,-0.1189,0.0383,missed
2022-12-01,300394.SZ,天孚通信,通信设备,1.8880,0.9344,2.1611,18.6032,0.1030,-0.1326,-0.0610,0.2103,0.1984,0.1429,-0.1213,-0.0007,0.0001,0.0003,0.4524,0.4690,1.4106,-0.1026,-0.1325,0.0253,missed
2023-01-04,300394.SZ,天孚通信,通信设备,1.3901,0.8333,2.5665,18.7724,0.3199,0.0151,0.1336,0.3393,0.3294,0.2937,0.0152,-0.0010,0.0018,0.0003,0.4190,0.4857,0.7610,0.0438,-0.0973,0.0285,missed
2023-02-02,300394.SZ,天孚通信,通信设备,0.9309,0.6667,1.5240,19.1950,0.1977,-0.0054,-0.1406,0.6746,0.6230,0.4087,-0.0062,0.0051,0.0006,0.0001,0.6119,0.4778,0.7850,0.0708,-0.0360,0.0362,missed
2023-03-14,300394.SZ,天孚通信,通信设备,0.6849,0.5926,1.1696,19.5463,0.9896,0.4907,0.2748,0.9286,0.9246,0.8968,0.3036,0.0030,0.0031,0.0014,0.5071,0.5167,3.1796,-0.0821,0.3018,0.0603,missed
2024-12-05,300394.SZ,天孚通信,通信设备,-0.6680,0.1143,1.8953,21.2268,0.8226,0.4757,0.2177,0.6032,0.5238,0.6151,0.2049,-0.0025,0.0072,0.0029,0.4432,0.5152,1.3691,-0.1530,-0.0768,0.2236,high_score
2025-01-10,300394.SZ,天孚通信,通信设备,-1.6276,0.0270,1.3760,21.1575,0.2575,-0.0796,-0.0528,0.2341,0.1786,0.2103,-0.0400,-0.0048,0.0015,0.0022,0.4045,0.4773,0.8736,-0.0960,-0.1692,0.3090,high_score
2025-02-28,300394.SZ,天孚通信,通信设备,-1.1315,0.0806,1.3011,21.8726,0.0616,-0.1532,0.1202,0.1944,0.1944,0.1190,-0.0693,-0.0003,0.0004,0.0037,0.5182,0.4803,1.1133,-0.2053,-0.1550,0.1744,high_score
2025-03-26,300394.SZ,天孚通信,通信设备,-0.6718,0.1509,2.5424,20.7838,0.0854,-0.1123,0.1805,0.1806,0.1806,0.1171,-0.0522,-0.0043,-0.0001,0.0034,0.4295,0.4788,1.1934,-0.0788,-0.0801,0.0876,high_score
2025-04-30,300394.SZ,天孚通信,通信设备,1.0007,0.6615,2.8944,20.4223,0.0075,-0.3197,-0.4501,0.0595,0.0198,0.0119,-0.1757,-0.0034,-0.0013,-0.0005,0.4909,0.4864,0.7116,-0.1072,-0.2249,0.0445,missed
2025-05-06,300394.SZ,天孚通信,通信设备,1.0336,0.8600,2.8586,20.9557,0.0778,-0.1444,-0.4435,0.0754,0.0317,0.0238,-0.0851,-0.0023,-0.0005,-0.0004,0.4977,0.4932,0.7179,-0.0992,-0.0930,0.0440,missed
2025-06-25,300394.SZ,天孚通信,通信设备,0.1950,0.4839,3.1431,21.4222,0.0979,-0.1709,-0.2640,0.1071,0.1468,0.3651,-0.0892,0.0037,0.0005,0.0002,0.5750,0.5083,1.1966,-0.0936,-0.1764,0.0250,high_score
2025-07-17,300394.SZ,天孚通信,通信设备,0.4561,0.5500,2.8431,21.9280,0.9473,0.3977,0.0786,0.6071,0.2738,0.8770,0.1874,0.0044,0.0035,0.0013,0.5318,0.5205,1.2619,0.1267,0.1436,0.0514,missed
2025-08-07,300394.SZ,天孚通信,通信设备,0.4988,0.6071,2.3667,22.1065,0.9360,0.3363,0.1230,0.7619,0.3849,0.9167,0.1611,0.0047,0.0029,0.0011,0.5159,0.5159,1.2295,0.0684,0.1424,0.0899,missed
2024-11-25,300395.SZ,菲利华,玻璃,-1.1898,0.0333,1.4840,19.6925,0.6604,0.2954,0.2093,0.7540,0.7143,0.7143,0.1611,-0.0039,0.0051,0.0003,0.4750,0.5417,1.8918,-0.0656,-0.0135,0.0659,high_score
2024-12-31,300395.SZ,菲利华,玻璃,-0.8098,0.0900,1.0474,19.8868,0.0879,-0.2130,0.2706,0.7540,0.7143,0.7143,-0.1364,-0.0048,-0.0015,0.0014,0.3250,0.4625,0.7655,-0.0103,-0.1040,0.1098,high_score
2025-02-17,300395.SZ,菲利华,玻璃,-0.8775,0.1081,1.1220,19.6089,0.1294,-0.1409,0.1788,0.6508,0.6508,0.6310,-0.1143,0.0014,-0.0015,0.0016,0.4625,0.4208,0.9445,-0.0919,-0.0403,0.0601,high_score
2025-05-23,300395.SZ,菲利华,玻璃,0.2809,0.4839,1.3422,19.9049,0.7403,0.0263,0.0801,0.7143,0.9206,0.6270,0.0210,0.0001,-0.0005,-0.0002,0.5000,0.4667,0.7913,-0.1198,0.0606,0.0541,high_score
2025-06-16,300395.SZ,菲利华,玻璃,0.4387,0.4583,1.5647,19.7716,0.6600,-0.0118,0.0556,0.7361,0.8929,0.7123,-0.0108,-0.0017,-0.0014,-0.0005,0.4250,0.4625,0.9948,0.0350,0.0705,0.0525,high_score
2025-08-11,300408.SZ,三环集团,元器件,0.6398,0.6364,1.5459,20.1639,0.3563,0.0283,-0.0866,0.4702,0.2738,0.4484,0.0411,0.0054,0.0037,0.0012,0.4891,0.4942,1.4157,-0.0172,-0.2313,0.0895,missed
2022-07-26,300418.SZ,昆仑万维,互联网,0.4460,0.4167,2.3247,18.3768,0.4974,0.0977,-0.3050,0.1131,0.8571,0.1111,0.1005,-0.0009,0.0025,-0.0013,0.4389,0.5463,1.1220,-0.0537,-0.0528,0.0237,high_score
2022-08-26,300418.SZ,昆仑万维,互联网,0.9745,0.6250,2.4197,18.8598,0.4452,-0.0154,-0.1610,0.1587,0.8135,0.1587,-0.0151,0.0015,0.0010,-0.0004,0.5056,0.5000,1.0017,-0.0069,-0.0725,0.0433,missed
2022-09-01,300418.SZ,昆仑万维,互联网,0.7672,0.6170,3.0585,19.0363,0.4222,-0.0390,-0.1199,0.0635,0.7143,0.0040,-0.0379,0.0025,0.0007,0.0001,0.4778,0.4870,1.1448,-0.0104,-0.0776,0.0455,missed
2022-10-12,300418.SZ,昆仑万维,互联网,0.9074,0.8049,2.1483,18.3776,0.3058,-0.1449,-0.2072,0.0278,0.5913,0.0278,-0.1442,-0.0067,-0.0013,-0.0006,0.3500,0.4537,1.0547,0.0065,-0.0683,0.0492,missed
2022-11-22,300418.SZ,昆仑万维,互联网,0.5852,0.5263,1.7122,19.4506,0.4915,-0.0592,-0.0041,0.2698,0.6706,0.1508,-0.0604,0.0065,-0.0007,0.0005,0.6389,0.4759,1.1957,0.0067,-0.0080,0.0272,missed
2022-12-19,300418.SZ,昆仑万维,互联网,0.3192,0.7083,1.3427,19.2245,0.6354,0.0412,-0.1245,0.1508,0.5119,0.0873,0.0448,-0.0007,0.0009,-0.0001,0.4278,0.4907,1.7894,-0.0700,-0.0022,0.0214,missed
2023-01-13,300418.SZ,昆仑万维,互联网,0.1200,0.3947,1.2443,18.5613,0.7672,0.1332,-0.0274,0.4246,0.6667,0.2738,0.1455,0.0025,0.0028,0.0006,0.4889,0.5167,1.4205,-0.0074,-0.0372,0.0444,high_score
2020-12-29,300432.SZ,富临精工,汽车配件,1.4703,0.9180,3.6953,19.6313,0.5578,0.0469,0.1046,0.3373,0.4940,0.5000,0.0265,-0.0024,0.0019,0.0022,0.4425,0.4840,0.9734,-0.0340,-0.0530,0.1062,missed
2021-01-26,300432.SZ,富临精工,汽车配件,1.5384,0.8222,3.7869,18.8844,0.1861,-0.0795,0.1913,0.6111,0.6919,0.6984,-0.0423,0.0059,0.0023,0.0028,0.5050,0.4815,1.1424,-0.1227,-0.2301,0.1010,missed
2021-02-10,300432.SZ,富临精工,汽车配件,1.4638,0.9024,3.4017,18.3540,0.1236,-0.1814,-0.0123,0.2897,0.3878,0.3135,-0.1064,0.0032,0.0018,0.0022,0.4900,0.4757,1.4292,-0.2461,-0.3140,0.0944,missed
2021-03-03,300432.SZ,富临精工,汽车配件,1.2529,0.5814,2.5425,18.0884,0.3617,-0.0664,0.0132,0.3968,0.4782,0.3651,-0.0406,-0.0013,0.0011,0.0017,0.4550,0.4700,1.1763,-0.0109,-0.1394,0.0902,missed
2021-04-30,300432.SZ,富临精工,汽车配件,0.8754,0.6444,1.6840,18.4731,0.3179,-0.0824,-0.2163,0.2996,1.0000,0.1508,-0.0693,0.0033,-0.0002,0.0007,0.4875,0.4625,0.9023,-0.0452,-0.0568,0.0836,missed
2021-05-12,300432.SZ,富临精工,汽车配件,1.1667,0.6944,1.4646,18.8049,0.4076,-0.0441,-0.0230,0.4187,1.0000,0.2421,-0.0387,0.0008,-0.0014,0.0004,0.4725,0.4483,1.0828,0.0843,0.0449,0.0774,missed
2024-04-30,300432.SZ,富临精工,汽车配件,2.2554,0.9404,1.0846,18.9237,0.1445,-0.0627,-0.2542,0.1627,,0.1865,-0.0321,0.0027,0.0034,0.0009,0.5020,0.5115,1.0986,0.0157,-0.2891,0.0905,missed
2024-05-15,300432.SZ,富临精工,汽车配件,2.9600,0.8919,1.3647,18.0094,0.7174,0.2319,-0.3121,0.1151,,0.1349,0.1424,0.0028,0.0040,0.0009,0.5045,0.5223,1.1807,0.0162,-0.0462,0.1114,missed
2024-06-06,300432.SZ,富临精工,汽车配件,2.2536,1.0000,1.8435,18.4374,0.1808,-0.1244,-0.4092,0.0397,,0.0595,-0.0929,-0.0051,0.0004,0.0002,0.4025,0.4773,1.1093,-0.0558,-0.1386,0.1290,missed
2024-07-19,300432.SZ,富临精工,汽车配件,2.6049,0.9677,1.6640,17.7147,0.4477,-0.0737,-0.3084,0.0198,,0.0238,-0.0656,-0.0023,-0.0014,0.0003,0.4350,0.4504,0.9501,-0.0466,0.0215,0.0798,missed
2024-08-19,300432.SZ,富临精工,汽车配件,2.9557,0.9459,1.8313,18.3831,0.3871,-0.1281,-0.2060,0.1052,,0.1091,-0.1151,-0.0033,-0.0021,-0.0006,0.3625,0.4275,1.0468,0.0941,-0.0014,0.0257,missed
2024-09-23,300432.SZ,富临精工,汽车配件,3.0950,0.9605,1.7773,18.4857,0.8438,0.0309,-0.0938,0.2302,,0.1944,0.0291,0.0050,-0.0001,-0.0005,0.5725,0.4517,0.8819,-0.0713,0.0511,0.0102,missed
2025-08-05,300432.SZ,富临精工,汽车配件,2.2763,0.9649,1.1144,20.0504,0.0063,-0.3756,-0.2678,0.3294,0.3806,0.6885,-0.3275,0.0011,-0.0012,-0.0003,0.5000,0.4485,1.1124,-0.0366,-0.3073,0.0245,missed
2025-04-30,300433.SZ,蓝思科技,元器件,1.7341,0.9077,1.0920,20.8239,0.0577,-0.1999,-0.0325,0.5516,0.3849,0.4921,-0.1208,-0.0040,-0.0004,0.0009,0.4924,0.4884,0.7927,-0.0657,-0.1545,0.0960,missed
2024-05-10,300442.SZ,润泽科技,软件服务,0.1696,0.2927,1.1956,20.1897,0.9265,0.4868,0.1636,0.7044,0.0357,0.3968,0.2392,-0.0001,0.0024,-0.0013,0.4370,0.4846,0.8251,0.0890,0.3676,0.0287,high_score
2024-06-07,300442.SZ,润泽科技,软件服务,-0.4050,0.2143,1.5245,19.5334,0.6852,0.0602,0.0223,0.5437,0.0317,0.1825,0.0357,-0.0039,-0.0022,-0.0017,0.4296,0.4296,0.8097,0.0022,0.1996,0.0365,high_score
2024-07-01,300442.SZ,润泽科技,软件服务,-0.4705,0.1731,1.3708,19.5466,0.1035,-0.2235,-0.0286,0.2321,0.0139,0.0655,-0.1542,-0.0053,-0.0030,-0.0019,0.4192,0.4311,0.7887,0.0447,-0.0385,0.0258,high_score
2024-08-08,300442.SZ,润泽科技,软件服务,-0.3972,0.2143,1.1936,19.5815,0.1021,-0.2609,0.1063,0.0833,0.0238,0.0357,-0.2004,-0.0006,-0.0030,-0.0004,0.4339,0.4396,0.8916,-0.0640,-0.0773,-0.0034,high_score
2025-08-05,300442.SZ,润泽科技,软件服务,1.2156,0.8772,1.0728,20.7602,0.3852,0.0130,-0.1788,0.5675,0.4841,0.4881,0.0101,0.0038,0.0002,-0.0000,0.5172,0.4776,1.4970,-0.0954,0.0131,0.0212,missed
2024-12-31,300450.SZ,先导智能,专用机械,0.0899,0.4900,2.2581,20.1160,0.3103,-0.1378,0.2655,0.4405,0.7500,0.4921,-0.0721,0.0008,0.0006,0.0028,0.4632,0.4632,1.1209,-0.1753,-0.1699,0.1871,high_score
2025-01-08,300450.SZ,先导智能,专用机械,0.6843,0.6818,1.9355,19.9563,0.7399,0.0541,0.1409,0.3333,0.5754,0.3571,0.0316,-0.0025,0.0020,0.0025,0.4421,0.4737,1.1414,-0.1305,-0.0827,0.1903,missed
2025-02-24,300450.SZ,先导智能,专用机械,-0.1769,0.1212,1.2471,21.0568,0.1683,-0.1106,0.5151,0.8254,0.9167,0.8690,-0.0924,0.0036,0.0013,0.0041,0.5211,0.4825,1.0144,0.1341,-0.1955,0.1706,high_score
2025-03-07,300450.SZ,先导智能,专用机械,-0.2226,0.1765,1.1493,20.5117,0.5791,0.0017,0.6705,0.7798,0.8770,0.8214,0.0015,0.0024,0.0015,0.0043,0.5026,0.4921,1.2446,0.0800,-0.0752,0.1543,high_score
2025-04-07,300450.SZ,先导智能,专用机械,0.5073,0.3699,1.9279,20.5875,0.3852,-0.0961,-0.1457,0.2738,0.2817,0.2738,-0.0772,-0.0086,-0.0010,0.0001,0.3658,0.4667,1.3173,-0.0805,-0.0148,0.0917,high_score
2025-05-21,300450.SZ,先导智能,专用机械,0.6149,0.5000,1.7540,20.5773,0.2535,-0.1017,-0.1400,0.6964,0.9960,0.7044,-0.0937,0.0025,-0.0006,0.0003,0.5105,0.4781,0.7920,0.0300,-0.0539,0.0501,high_score
2025-06-18,300450.SZ,先导智能,专用机械,0.8842,0.6596,1.1826,20.7372,0.7014,-0.0009,0.0671,0.8333,1.0000,0.8254,-0.0008,-0.0014,-0.0016,0.0000,0.4763,0.4763,0.8966,0.1602,0.1047,0.0372,missed
2024-06-11,300454.SZ,深信服,软件服务,1.2138,0.7778,1.2444,19.5268,0.1833,-0.1398,-0.3413,0.0675,0.0635,0.0952,-0.0931,-0.0022,-0.0023,-0.0016,0.4667,0.4302,0.8100,0.0506,0.0047,0.0359,missed
2024-08-06,300454.SZ,深信服,软件服务,1.6386,0.8000,1.0076,18.2131,0.4830,-0.1204,-0.1023,0.0159,0.0159,0.0159,-0.1364,0.0011,-0.0030,-0.0001,0.4732,0.4448,0.9038,-0.0511,0.0623,0.0000,missed
2024-09-04,300454.SZ,深信服,软件服务,0.9129,0.5333,1.0755,17.7519,0.3589,-0.1551,-0.2865,0.0119,0.0119,0.0159,-0.1687,-0.0011,-0.0027,-0.0025,0.4554,0.4339,0.9049,-0.0300,0.0057,-0.0128,missed
2024-12-31,300454.SZ,深信服,软件服务,1.0324,0.8000,1.1524,19.5028,0.0151,-0.3190,0.1806,0.4841,0.4841,0.4841,-0.2042,-0.0021,0.0005,0.0048,0.4776,0.4954,0.8831,-0.0598,-0.3022,0.2938,missed
2025-01-03,300454.SZ,深信服,软件服务,2.0417,0.9268,1.2472,19.5247,0.0452,-0.1924,0.0733,0.3115,0.3175,0.3135,-0.1364,-0.0073,0.0008,0.0041,0.4259,0.4891,0.8651,-0.0233,-0.2039,0.2877,missed
2021-02-19,300458.SZ,全志科技,半导体,1.8296,0.9123,1.1627,19.0698,0.1009,-0.1537,-0.1607,0.2817,0.2460,0.1944,-0.1049,-0.0021,0.0009,0.0012,0.4955,0.5097,1.2281,0.0012,-0.2008,0.1573,missed
2021-03-02,300458.SZ,全志科技,半导体,1.5447,0.8429,1.3994,19.1543,0.1305,-0.1488,-0.1698,0.3234,0.2937,0.2341,-0.0990,-0.0027,0.0006,0.0013,0.4727,0.5035,1.0241,0.0986,-0.1728,0.1580,missed
2024-02-01,300458.SZ,全志科技,半导体,2.6324,0.9231,1.4276,18.9084,0.0317,-0.3800,-0.3927,0.0040,0.1508,0.0040,-0.3359,-0.0104,-0.0054,-0.0026,0.3481,0.3923,0.8850,-0.0445,-0.0981,0.0382,missed
2024-05-15,300458.SZ,全志科技,半导体,3.2818,0.9730,1.6838,18.9201,0.8251,0.2993,-0.2393,0.1825,0.9563,0.1944,0.1964,0.0017,0.0019,-0.0016,0.4667,0.4813,0.8249,0.0035,0.1902,0.0244,missed
2024-06-13,300458.SZ,全志科技,半导体,0.1054,0.4706,1.9447,20.2699,0.6321,0.0304,-0.1371,0.3730,0.9722,0.3730,0.0236,0.0045,0.0001,-0.0007,0.5204,0.4573,1.1657,-0.0253,0.0369,0.0343,high_score
2024-08-07,300458.SZ,全志科技,半导体,-0.2614,0.2286,1.2683,19.9481,0.9887,0.1970,0.7224,0.6111,0.9048,0.5556,0.1149,-0.0010,0.0004,0.0019,0.4769,0.4809,0.9658,-0.0392,0.1852,0.0516,high_score
2024-09-23,300458.SZ,全志科技,半导体,0.4546,0.5000,1.6298,19.0558,0.2431,-0.1579,0.1179,0.3294,0.6746,0.2421,-0.1036,-0.0032,-0.0023,-0.0007,0.4191,0.4378,0.6190,-0.0074,-0.0231,0.0466,high_score
2021-02-04,300474.SZ,景嘉微,元器件,0.4075,0.7143,1.1880,19.6364,0.6932,0.1189,-0.0462,0.6786,0.5635,0.6389,0.0846,-0.0014,0.0001,0.0003,0.4705,0.4819,1.4371,-0.1199,0.1318,0.0703,missed
2021-03-15,300474.SZ,景嘉微,元器件,0.0731,0.1600,1.2354,19.5101,0.8404,0.2093,0.1617,0.8333,0.8056,0.7063,0.1233,-0.0013,-0.0006,0.0004,0.4699,0.4784,1.4596,0.0136,0.2680,0.0704,high_score
2023-10-26,300476.SZ,胜宏科技,元器件,0.7847,0.4167,1.0971,19.6676,0.1376,-0.2082,0.0771,0.5238,0.4048,0.4048,-0.1393,0.0019,-0.0008,0.0001,0.4678,0.4379,1.3178,-0.1210,-0.1623,0.0334,high_score
2024-01-16,300476.SZ,胜宏科技,元器件,1.6650,0.8689,2.0924,19.3605,0.2269,-0.0989,-0.3153,0.1270,0.0754,0.0833,-0.0876,-0.0035,-0.0002,-0.0007,0.3978,0.4475,0.8412,-0.0347,-0.0787,0.0578,missed
2024-02-05,300476.SZ,胜宏科技,元器件,1.2628,0.8507,2.1245,20.0030,0.2826,-0.2748,-0.3127,0.0317,0.0079,0.0079,-0.2053,-0.0123,-0.0059,-0.0025,0.3278,0.3838,1.0183,0.1264,0.0292,0.0414,missed
2024-07-22,300476.SZ,胜宏科技,元器件,-0.7218,0.0769,1.0698,21.1456,0.9937,0.5667,1.3967,0.9960,0.9960,0.9960,0.3013,0.0020,0.0022,0.0015,0.4500,0.4942,1.3956,0.2424,0.4128,0.0999,high_score
2024-08-05,300476.SZ,胜宏科技,元器件,0.0675,0.3000,1.6173,21.4093,0.9269,0.0654,0.9404,0.8413,0.8413,0.8492,0.0349,-0.0016,-0.0009,0.0017,0.4250,0.4507,1.2444,-0.0570,0.1166,0.0994,high_score
2024-09-10,300476.SZ,胜宏科技,元器件,-0.4077,0.2174,3.0737,20.5082,0.3186,-0.1801,0.0155,0.6468,0.6468,0.5952,-0.0985,-0.0001,-0.0014,-0.0005,0.4522,0.4362,1.0723,-0.2308,-0.1168,0.0914,high_score
2024-10-14,300476.SZ,胜宏科技,元器件,-1.3048,0.0417,2.5319,21.4962,0.5390,0.1223,0.8148,0.9960,0.9960,0.9921,0.0542,0.0106,0.0022,0.0024,0.5283,0.4732,1.7027,0.3244,0.0042,0.0874,high_score
2024-11-22,300476.SZ,胜宏科技,元器件,-0.1008,0.3250,5.0441,20.6955,0.3635,0.1299,0.4496,0.8333,0.8333,0.7937,0.0573,0.0009,0.0053,0.0027,0.4750,0.5029,2.2397,-0.2069,-0.2018,0.1274,high_score
2024-12-31,300476.SZ,胜宏科技,元器件,-1.1702,0.0500,6.1421,21.4507,0.3807,-0.1165,0.2497,0.8214,0.8214,0.7659,-0.0615,0.0014,0.0011,0.0031,0.4957,0.4899,0.8907,-0.0237,-0.1570,0.1724,high_score
2025-01-03,300476.SZ,胜宏科技,元器件,-1.3418,0.0732,6.2325,20.6685,0.5101,-0.0546,0.0546,0.7698,0.7698,0.7024,-0.0298,-0.0015,0.0015,0.0023,0.4630,0.4841,0.8665,-0.0416,-0.1229,0.1707,high_score
2025-02-28,300476.SZ,胜宏科技,元器件,-0.7395,0.2258,3.9526,21.6347,0.9322,0.3343,0.5330,0.9246,0.9246,0.9127,0.1626,0.0032,0.0029,0.0042,0.5261,0.5025,1.2565,-0.1871,0.1580,0.1369,high_score
2025-03-19,300476.SZ,胜宏科技,元器件,-0.5013,0.2000,2.5159,22.2508,0.9925,0.9429,2.1495,0.9921,0.9921,0.9921,0.3880,0.0013,0.0030,0.0048,0.4978,0.5069,1.3791,0.5185,0.7631,0.1235,high_score
2025-04-30,300476.SZ,胜宏科技,元器件,0.5401,0.4308,2.6133,21.7300,0.9737,0.3742,0.7269,0.9008,0.5595,0.8810,0.1601,-0.0040,-0.0004,0.0009,0.4924,0.4884,0.7927,0.0143,0.4197,0.0960,high_score
2025-05-07,300476.SZ,胜宏科技,元器件,0.5931,0.5000,2.4681,22.0047,0.9937,0.6309,0.6920,0.9325,0.6865,0.9048,0.2803,-0.0003,-0.0005,0.0006,0.5174,0.4837,0.8054,0.0790,0.6832,0.0946,high_score
2025-06-18,300476.SZ,胜宏科技,元器件,-0.5734,0.0426,1.3932,22.0831,0.9887,0.3749,1.6712,1.0000,0.9444,1.0000,0.1874,0.0020,-0.0013,0.0009,0.4783,0.4605,0.8839,0.4209,0.4662,0.0495,high_score
2021-02-26,300487.SZ,蓝晓科技,化工原料,3.0194,0.9848,1.2315,17.7920,0.0709,-0.1895,-0.0296,0.4524,0.3135,0.2976,-0.1139,0.0017,0.0025,0.0021,0.4636,0.4956,1.4091,-0.2523,-0.3084,0.1253,missed
2021-03-03,300487.SZ,蓝晓科技,化工原料,3.0164,0.9651,1.3021,17.5441,0.2695,-0.0936,-0.1345,0.5357,0.3730,0.3452,-0.0581,0.0033,0.0032,0.0022,0.5068,0.5019,1.4188,-0.1340,-0.2444,0.1248,missed
2021-04-06,300487.SZ,蓝晓科技,化工原料,2.8446,1.0000,1.3589,17.4339,0.2954,-0.1167,-0.2573,0.4187,0.4087,0.2659,-0.0790,0.0000,0.0018,0.0018,0.4909,0.4924,1.1795,-0.0604,-0.2143,0.1109,missed
2021-05-07,300487.SZ,蓝晓科技,化工原料,1.9822,0.9524,1.0234,19.7050,0.8053,0.1302,0.0269,0.8056,0.9921,0.4802,0.0983,0.0004,0.0006,0.0015,0.5182,0.5000,0.7397,0.1829,0.1215,0.0933,missed
2022-07-26,300502.SZ,新易盛,通信设备,1.0300,0.6875,2.0722,18.9336,0.4378,0.0750,-0.3398,0.0952,0.0952,0.1071,0.0616,0.0011,0.0033,-0.0010,0.4325,0.5217,1.3339,-0.0759,-0.1385,0.0260,missed
2022-08-30,300502.SZ,新易盛,通信设备,1.2541,0.8060,2.3477,18.9501,0.3170,-0.0656,-0.2578,0.1468,0.1468,0.0595,-0.0542,-0.0002,0.0009,-0.0003,0.4650,0.4675,1.2727,0.0376,-0.1122,0.0670,missed
2022-09-29,300502.SZ,新易盛,通信设备,2.2661,0.9268,3.4247,18.9677,0.4612,-0.1165,-0.2566,0.0159,0.0159,0.0119,-0.0993,-0.0045,-0.0009,-0.0003,0.3857,0.4469,0.8503,-0.0384,-0.0536,0.0740,missed
2022-10-10,300502.SZ,新易盛,通信设备,2.2720,0.9200,3.5865,18.7842,0.4593,-0.1416,-0.2520,0.0040,0.0040,0.0040,-0.1180,-0.0076,-0.0018,-0.0001,0.3425,0.4325,0.8178,-0.0378,-0.0295,0.0724,missed
2022-11-25,300502.SZ,新易盛,通信设备,1.6618,0.8478,1.6764,18.7800,0.6467,0.0015,0.0155,0.4206,0.4167,0.1667,0.0013,0.0013,-0.0004,0.0003,0.4929,0.4617,1.4149,0.0434,0.0316,0.0271,missed
2022-12-16,300502.SZ,新易盛,通信设备,1.4258,0.8636,1.5621,19.2414,0.7526,0.1014,-0.0576,0.1984,0.1984,0.1032,0.0924,-0.0033,0.0002,-0.0000,0.3905,0.4631,1.0762,-0.0522,0.0903,0.0225,missed
2023-01-03,300502.SZ,新易盛,通信设备,1.1405,0.7931,1.5599,19.3077,0.8427,0.2167,0.0444,0.2937,0.2937,0.1627,0.2103,-0.0014,0.0020,0.0001,0.3952,0.4857,0.7708,-0.0140,0.1001,0.0275,missed
2023-02-23,300502.SZ,新易盛,通信设备,-0.0955,0.3151,1.1601,19.7294,0.7659,0.1483,0.1182,0.8333,0.7698,0.7143,0.1528,0.0048,0.0015,0.0004,0.5571,0.4905,2.1467,0.1073,0.0595,0.0485,high_score
2023-03-13,300502.SZ,新易盛,通信设备,0.7977,0.6667,1.1446,20.0940,0.9376,0.2732,0.3112,0.9167,0.8175,0.7897,0.2351,0.0032,0.0034,0.0014,0.5119,0.5246,3.1962,-0.1240,0.0617,0.0595,missed
2023-09-19,300502.SZ,新易盛,通信设备,-0.5280,0.1250,1.8546,20.8378,0.0115,-0.3678,-0.0991,0.5159,0.5238,0.5437,-0.1848,-0.0025,-0.0025,0.0003,0.4143,0.4302,0.9434,-0.1688,-0.2182,0.0966,high_score
2023-10-30,300502.SZ,新易盛,通信设备,-0.6443,0.0625,1.8919,20.9523,0.0064,-0.3833,-0.5298,0.4048,0.4206,0.4405,-0.2331,-0.0037,-0.0016,-0.0001,0.4500,0.4381,1.2773,-0.2023,-0.2854,0.0468,high_score
2023-11-01,300502.SZ,新易盛,通信设备,-0.4696,0.2619,2.2527,20.5855,0.0051,-0.4294,-0.4857,0.3135,0.3571,0.4167,-0.2603,-0.0051,-0.0022,0.0002,0.4357,0.4246,1.2558,-0.2044,-0.2984,0.0429,high_score
2023-12-27,300502.SZ,新易盛,通信设备,-0.8985,0.0588,1.2286,20.9999,0.8669,0.0720,-0.3414,0.5397,0.5952,0.5635,0.0358,-0.0014,-0.0014,-0.0016,0.4190,0.4516,0.9040,0.0907,0.1620,0.0276,high_score
2024-01-08,300502.SZ,新易盛,通信设备,-0.4804,0.1579,2.2796,20.9531,0.8289,0.0254,-0.3066,0.4087,0.4246,0.3968,0.0122,-0.0059,-0.0020,-0.0017,0.3548,0.4317,0.8813,-0.0750,0.1514,0.0269,high_score
2024-11-22,300502.SZ,新易盛,通信设备,-1.1619,0.0500,2.0590,21.9903,0.4780,0.1752,0.3339,0.8571,0.8571,0.6627,0.0879,0.0001,0.0066,0.0024,0.4773,0.5182,2.5238,-0.1666,-0.3721,0.1707,high_score
2024-12-02,300502.SZ,新易盛,通信设备,-1.3910,0.0435,2.5905,22.1535,0.6239,0.3179,0.2935,0.8651,0.8651,0.6905,0.1534,0.0008,0.0076,0.0028,0.5068,0.5311,1.5795,-0.0922,-0.2735,0.2069,high_score
2025-01-10,300502.SZ,新易盛,通信设备,-1.6477,0.0135,3.1095,21.8600,0.0276,-0.1943,-0.0503,0.6349,0.6349,0.4365,-0.1138,-0.0048,0.0015,0.0022,0.4045,0.4773,0.8736,-0.0735,-0.2839,0.3090,high_score
2025-02-28,300502.SZ,新易盛,通信设备,-1.0340,0.1129,3.2884,22.5338,0.0402,-0.1739,-0.0135,0.4167,0.4167,0.1627,-0.0842,-0.0003,0.0004,0.0037,0.5182,0.4803,1.1133,-0.2862,-0.1758,0.1744,high_score
2025-03-28,300502.SZ,新易盛,通信设备,-0.6440,0.0893,5.8384,21.3518,0.0138,-0.2199,-0.0906,0.3452,0.3452,0.1230,-0.1083,-0.0010,-0.0003,0.0029,0.4545,0.4720,1.1414,0.0139,-0.1771,0.0800,high_score
2025-04-17,300502.SZ,新易盛,通信设备,0.4124,0.4000,6.3036,21.1939,0.0088,-0.3375,-0.4675,0.0754,0.0754,0.0198,-0.1541,-0.0075,-0.0014,-0.0004,0.4295,0.4871,0.7830,-0.0823,-0.2350,0.0531,high_score
2025-05-13,300502.SZ,新易盛,通信设备,-0.2104,0.3261,4.3252,22.2814,0.6512,0.0121,-0.1279,0.6944,0.0476,0.0952,0.0058,0.0046,-0.0011,-0.0009,0.5068,0.4720,0.7728,0.4152,0.0986,0.0420,high_score
2025-06-26,300502.SZ,新易盛,通信设备,-0.6303,0.1562,3.0771,22.5837,0.9536,0.2270,-0.0426,0.6984,0.1706,0.5873,0.1076,0.0039,0.0005,0.0001,0.5659,0.5091,1.2018,0.3009,0.2177,0.0253,high_score
2025-07-29,300502.SZ,新易盛,通信设备,0.0636,0.2157,1.7688,22.8022,0.9925,1.1538,0.5376,1.0000,0.2619,1.0000,0.5665,0.0044,0.0038,0.0012,0.5159,0.5303,1.2608,0.4254,0.8783,0.0725,high_score
2025-08-01,300502.SZ,新易盛,通信设备,-0.0216,0.3208,1.8532,22.5438,0.9849,0.6963,0.6150,0.9841,0.2579,0.9841,0.3673,0.0047,0.0024,0.0009,0.5136,0.5076,1.2465,0.3252,0.5309,0.0806,high_score
2022-07-28,300567.SZ,精测电子,电器仪表,0.2273,0.4778,1.5304,19.2981,0.7672,0.2365,-0.2047,0.2996,0.5615,0.3036,0.2010,-0.0008,0.0010,-0.0012,0.4750,0.5500,1.1668,0.0351,0.1926,0.0356,high_score
2022-08-11,300567.SZ,精测电子,电器仪表,1.5704,0.7895,1.0113,19.9402,0.8704,0.3267,-0.0792,0.4246,0.8214,0.4246,0.2439,0.0023,0.0012,-0.0008,0.5250,0.5417,1.0285,0.0930,0.2676,0.0454,missed
2022-09-19,300567.SZ,精测电子,电器仪表,1.1932,0.6364,1.1152,19.6225,0.8487,0.0622,-0.0018,0.4286,0.7460,0.5079,0.0422,-0.0029,-0.0008,-0.0002,0.4500,0.4917,1.3296,0.0118,0.1271,0.0533,missed
2025-05-15,300567.SZ,精测电子,电器仪表,0.0007,0.3095,1.2052,19.3373,0.3488,-0.0725,-0.2734,0.3056,,0.1151,-0.0533,0.0004,0.0004,-0.0007,0.4625,0.5000,0.7129,-0.1038,-0.0781,0.0443,high_score
2025-06-19,300567.SZ,精测电子,电器仪表,1.6302,0.7826,1.3127,19.3163,0.1054,-0.2083,-0.1177,0.1865,,0.0635,-0.1740,-0.0011,-0.0018,0.0002,0.4875,0.4833,0.8224,-0.0022,-0.0955,0.0277,missed
2025-07-22,300567.SZ,精测电子,电器仪表,2.9281,1.0000,1.1249,19.3411,0.1154,-0.0560,-0.0421,0.3393,,0.2044,-0.0733,0.0034,0.0017,0.0012,0.5375,0.5167,1.5065,-0.0699,-0.1676,0.0445,missed
2025-08-04,300567.SZ,精测电子,电器仪表,2.1939,0.9265,1.5384,19.4061,0.1631,-0.0392,-0.1081,0.3214,,0.1865,-0.0610,0.0029,0.0012,0.0008,0.5500,0.5125,1.4808,-0.0812,-0.1166,0.0522,missed
2022-09-27,300570.SZ,太辰光,通信设备,3.4001,1.0000,1.9640,17.4924,0.9382,0.1637,0.1677,0.5635,0.7520,0.4782,0.1202,-0.0045,-0.0007,-0.0004,0.3993,0.4464,0.8862,-0.0069,0.2101,0.0744,missed
2022-10-13,300570.SZ,太辰光,通信设备,3.4872,0.9500,1.8789,17.7587,0.8701,0.0736,0.3497,0.6032,0.7817,0.5238,0.0564,-0.0049,-0.0006,0.0004,0.3789,0.4563,0.7776,0.0049,0.1169,0.0704,missed
2022-11-11,300570.SZ,太辰光,通信设备,3.4244,0.9138,1.7189,17.9601,0.1477,-0.1768,0.3135,0.4306,0.5119,0.2500,-0.1458,0.0028,-0.0017,0.0010,0.5048,0.4405,1.0358,-0.1015,-0.0708,0.0383,missed
2022-12-20,300570.SZ,太辰光,通信设备,3.2018,0.9189,1.3112,17.1567,0.1146,-0.1475,-0.0405,0.2262,0.2778,0.1667,-0.1348,-0.0036,0.0001,-0.0002,0.3714,0.4611,0.9848,-0.0677,-0.1583,0.0233,missed
2023-01-04,300570.SZ,太辰光,通信设备,3.2076,0.9722,1.8739,17.6800,0.2029,-0.0253,0.0336,0.3849,0.4206,0.2341,-0.0238,-0.0010,0.0018,0.0003,0.4190,0.4857,0.7610,-0.0110,-0.1378,0.0285,missed
2024-01-31,300570.SZ,太辰光,通信设备,1.9877,0.9508,1.5392,19.6233,0.4170,-0.1741,-0.3329,0.3095,0.1270,0.3016,-0.0860,-0.0070,-0.0029,-0.0022,0.3571,0.4127,0.8493,-0.0816,-0.0068,0.0346,missed
2024-02-07,300570.SZ,太辰光,通信设备,2.3780,0.9535,1.6554,19.8691,0.2091,-0.2244,-0.2503,0.2778,0.1151,0.2698,-0.1014,0.0017,-0.0016,-0.0009,0.4714,0.4143,0.9164,-0.1887,-0.1235,0.0354,missed
2024-04-15,300570.SZ,太辰光,通信设备,2.0053,0.9167,1.9498,19.7884,0.3194,-0.0291,-0.1124,0.3452,0.6508,0.2579,-0.0125,-0.0008,0.0038,0.0008,0.4523,0.4952,1.5493,-0.1345,-0.2764,0.0919,missed
2024-05-10,300570.SZ,太辰光,通信设备,1.1250,0.6341,1.8590,19.8635,0.5044,0.1633,0.0256,0.4960,0.7659,0.3214,0.0683,0.0028,0.0052,0.0014,0.4727,0.4998,1.0075,-0.0240,-0.1880,0.1230,missed
2024-06-24,300570.SZ,太辰光,通信设备,0.7798,0.6190,1.7099,19.2718,0.0885,-0.2590,-0.1320,0.0833,0.3571,0.0278,-0.1525,-0.0013,-0.0011,0.0012,0.4682,0.4447,0.8052,-0.0931,-0.1892,0.1172,missed
2024-07-02,300570.SZ,太辰光,通信设备,0.4099,0.5000,1.6023,19.2109,0.2146,-0.1758,-0.0999,0.1071,0.3849,0.0397,-0.1136,-0.0015,-0.0013,0.0010,0.4750,0.4470,0.7729,-0.0310,-0.1014,0.1123,high_score
2024-08-06,300570.SZ,太辰光,通信设备,-0.7604,0.0800,1.6385,18.7796,0.2005,-0.2098,-0.0150,0.0119,0.1389,0.0476,-0.1669,-0.0039,-0.0021,0.0018,0.4205,0.4417,0.9010,-0.0392,-0.0785,0.0669,high_score
2024-09-23,300570.SZ,太辰光,通信设备,0.6989,0.6053,2.3210,18.8559,0.2809,-0.1482,-0.2350,0.0317,0.0595,0.0278,-0.1320,0.0008,-0.0009,-0.0005,0.4977,0.4523,0.8361,-0.0904,-0.0855,0.0214,missed
2025-06-03,300570.SZ,太辰光,通信设备,1.7372,0.8529,1.0625,19.9392,0.0941,-0.2052,-0.0223,0.5317,0.4524,0.4405,-0.1096,0.0019,-0.0010,-0.0003,0.4909,0.4750,1.0707,-0.0547,-0.1311,0.0307,missed
2020-12-01,300604.SZ,长川科技,半导体,3.0391,0.9700,3.1029,18.0394,0.0705,-0.2111,-0.2192,0.1488,0.4405,0.0595,-0.1816,0.0026,0.0022,0.0021,0.4906,0.4938,2.7517,-0.0899,-0.2513,0.0531,missed
2021-01-20,300604.SZ,长川科技,半导体,3.1070,1.0000,1.3459,18.9333,0.8775,0.4526,0.2727,0.9762,0.9802,0.9524,0.3016,0.0049,0.0038,0.0020,0.5530,0.5264,1.2646,0.1226,0.2150,0.1475,missed
2021-02-08,300604.SZ,长川科技,半导体,2.0056,0.8947,2.0928,18.9752,0.8977,0.4268,0.2439,0.9246,0.9325,0.8929,0.2472,-0.0039,-0.0001,0.0005,0.4545,0.4868,1.2750,0.1316,0.4406,0.1561,missed
2021-03-26,300604.SZ,长川科技,半导体,2.1563,1.0000,2.4189,18.0295,0.4408,-0.0225,0.1044,0.6786,0.6825,0.6071,-0.0116,-0.0056,-0.0026,-0.0002,0.4167,0.4657,0.6480,-0.0543,0.1402,0.0873,missed
2021-04-09,300604.SZ,长川科技,半导体,2.1205,0.9500,1.7377,18.2889,0.6657,0.0428,0.2605,0.8770,0.8770,0.8611,0.0230,0.0019,-0.0011,0.0003,0.4939,0.4783,0.6871,0.0537,0.1295,0.0639,missed
2021-05-14,300604.SZ,长川科技,半导体,1.2778,0.7105,1.3606,18.5781,0.3627,-0.0513,0.3537,0.7421,0.0079,0.5278,-0.0326,-0.0001,-0.0006,-0.0003,0.5152,0.4869,1.2074,-0.0342,-0.0042,0.0401,missed
2024-02-08,300604.SZ,长川科技,半导体,1.2238,0.8525,1.0314,20.0716,0.0406,-0.3426,-0.2904,0.0317,0.0317,0.0317,-0.2031,-0.0040,-0.0041,-0.0014,0.4138,0.4039,0.9978,-0.1725,-0.1141,0.0330,missed
2025-01-10,300604.SZ,长川科技,半导体,-0.8993,0.1216,1.1328,20.5382,0.5540,-0.0179,0.1573,0.7500,0.7500,0.7103,-0.0117,-0.0039,0.0019,0.0026,0.3955,0.4671,0.9619,-0.1002,-0.1162,0.1743,high_score
2025-04-07,300604.SZ,长川科技,半导体,-0.8320,0.0685,1.8731,20.7615,0.4818,-0.0673,-0.1400,0.5159,0.5159,0.4603,-0.0527,-0.0096,-0.0002,0.0000,0.3622,0.4524,1.0415,-0.0215,-0.0360,0.1018,high_score
2025-05-29,300604.SZ,长川科技,半导体,-1.1203,0.0976,2.5568,19.8655,0.4128,-0.0528,-0.0808,0.5238,0.0238,0.4325,-0.0500,-0.0007,-0.0011,0.0006,0.4592,0.4428,0.8704,-0.0235,0.0272,0.0608,high_score
2025-06-20,300604.SZ,长川科技,半导体,-0.2349,0.1800,2.0367,19.8206,0.5144,-0.0566,-0.0930,0.4246,0.0119,0.3254,-0.0652,-0.0016,-0.0012,-0.0000,0.4687,0.4614,0.7573,-0.0276,0.0329,0.0333,high_score
2025-07-16,300604.SZ,长川科技,半导体,0.0002,0.4878,2.1861,20.1072,0.6537,0.0979,0.0306,0.6746,0.1825,0.5675,0.1349,0.0006,-0.0006,0.0003,0.5100,0.4759,1.1596,0.0628,0.1425,0.0226,high_score
2025-08-27,300604.SZ,长川科技,半导体,1.3590,0.8529,2.4174,22.7188,0.9009,0.4318,0.2997,1.0000,0.3294,0.9881,0.4845,0.0080,0.0036,0.0010,0.5643,0.5457,1.5981,0.1787,0.2027,0.0319,missed
2024-01-30,300623.SZ,捷捷微电,半导体,3.2138,0.9054,2.1346,18.9323,0.0875,-0.2978,-0.3259,0.0040,0.0040,0.0040,-0.2341,-0.0110,-0.0049,-0.0025,0.3240,0.3955,0.8703,0.0143,-0.0382,0.0405,missed
2024-02-19,300623.SZ,捷捷微电,半导体,3.1328,0.9767,1.9243,18.8241,0.1128,-0.2445,-0.2156,0.0357,0.0357,0.0357,-0.1471,-0.0023,-0.0035,-0.0011,0.4410,0.4137,1.0328,-0.0176,-0.0429,0.0320,missed
2024-03-12,300623.SZ,捷捷微电,半导体,2.8030,0.9783,1.6022,18.9635,0.1926,-0.0967,-0.1630,0.1508,0.1508,0.1429,-0.0533,0.0139,-0.0013,-0.0005,0.6208,0.4505,1.6142,0.0941,0.0044,0.0201,missed
2024-04-01,300623.SZ,捷捷微电,半导体,2.1355,0.9077,1.5196,18.4053,0.3650,-0.0249,-0.1054,0.1905,0.9802,0.1706,-0.0131,-0.0030,-0.0017,-0.0005,0.4406,0.4492,1.4827,0.0886,0.0906,0.0116,missed
2024-05-13,300623.SZ,捷捷微电,半导体,1.7896,0.8649,1.1926,18.6881,0.8289,0.3918,-0.1124,0.3056,0.9484,0.2341,0.2263,0.0024,0.0029,-0.0014,0.4759,0.4926,0.7978,0.0632,0.2171,0.0207,missed
2025-06-06,300677.SZ,英科医疗,医疗保健,2.8863,1.0000,1.0032,18.7935,0.4216,-0.0606,-0.1227,0.1746,0.0952,0.1310,-0.0863,0.0013,-0.0005,0.0001,0.4325,0.4592,0.8992,-0.0083,-0.0241,0.0578,missed
2025-07-01,300677.SZ,英科医疗,医疗保健,2.1591,0.9655,1.4367,19.6555,0.5157,-0.0130,-0.0591,0.3036,0.1786,0.2579,-0.0188,-0.0023,-0.0009,-0.0001,0.4350,0.4700,1.2684,0.0780,0.0562,0.0439,missed
2020-12-24,300679.SZ,电连技术,元器件,2.6314,1.0000,1.0551,18.1657,0.2647,-0.0983,0.0065,0.1032,0.4048,0.0317,-0.0967,-0.0004,0.0003,0.0008,0.4807,0.4778,1.3735,-0.1235,-0.1210,0.0632,missed
2021-01-13,300679.SZ,电连技术,元器件,2.5324,0.9500,1.0292,18.2784,0.0370,-0.2464,-0.0486,0.0595,0.2976,0.0119,-0.2528,0.0047,0.0015,0.0012,0.5306,0.4953,1.1994,-0.1891,-0.3328,0.0640,missed
2021-02-03,300679.SZ,电连技术,元器件,1.6452,0.8095,1.3281,19.0310,0.1065,-0.1988,0.0196,0.1984,0.3929,0.1071,-0.2100,-0.0005,-0.0001,0.0004,0.4821,0.4790,1.4219,-0.0378,-0.1770,0.0699,missed
2021-03-25,300679.SZ,电连技术,元器件,1.8236,0.9167,1.0612,18.3492,0.7070,0.0641,0.0000,0.6806,0.7361,0.5079,0.0527,-0.0029,-0.0005,0.0000,0.4552,0.4790,0.7582,0.2735,0.1223,0.0695,missed
2024-04-10,300718.SZ,长盛轴承,机械基件,3.4428,0.8333,1.3166,17.4138,0.1686,-0.1269,-0.0866,0.1508,0.2262,0.1270,-0.0881,-0.0022,-0.0003,0.0005,0.4500,0.4722,1.0847,0.0342,-0.0917,0.0473,missed
2024-05-13,300718.SZ,长盛轴承,机械基件,3.3417,0.9865,3.7771,18.1412,0.3270,0.1159,-0.1876,0.0595,0.0040,0.0238,0.0826,0.0012,0.0042,0.0002,0.5000,0.5444,0.9735,-0.1209,-0.1597,0.0766,missed
2024-06-27,300718.SZ,长盛轴承,机械基件,3.2428,0.9889,5.1746,17.4692,0.1960,-0.1415,-0.2241,0.0278,0.0079,0.0278,-0.1108,-0.0083,-0.0021,-0.0011,0.3167,0.4278,0.9202,0.1024,-0.0155,0.0919,missed
2024-07-05,300718.SZ,长盛轴承,机械基件,3.2981,0.8000,5.1456,17.3888,0.1576,-0.1965,-0.2766,0.0238,0.0079,0.0238,-0.1597,-0.0093,-0.0035,-0.0018,0.3167,0.4111,0.9540,0.1493,0.0021,0.0827,missed
2024-08-13,300718.SZ,长盛轴承,机械基件,3.1725,0.8788,5.3743,17.1467,0.3253,-0.1766,-0.1451,0.0079,0.0040,0.0079,-0.1685,-0.0008,-0.0046,-0.0006,0.3833,0.3667,0.8261,-0.0002,0.0718,0.0189,missed
2024-09-11,300718.SZ,长盛轴承,机械基件,3.1226,1.0000,4.1225,17.9133,0.5516,-0.1055,-0.2183,0.1746,0.1587,0.1151,-0.0700,0.0016,-0.0018,-0.0019,0.5167,0.4222,2.1507,0.0394,0.0125,-0.0094,missed
2024-10-16,300718.SZ,长盛轴承,机械基件,3.0370,0.9722,3.2849,18.3097,0.8401,0.2729,0.1150,0.5734,0.4286,0.5040,0.1420,0.0113,0.0040,0.0010,0.5000,0.4556,1.6075,-0.0198,0.0773,0.0084,missed
2024-11-01,300718.SZ,长盛轴承,机械基件,2.9340,0.9844,4.5754,19.2694,0.7632,0.2460,0.1084,0.7163,0.4643,0.5992,0.1188,0.0082,0.0042,0.0006,0.4667,0.4667,1.7543,0.0113,0.0373,0.0325,missed
2024-12-02,300718.SZ,长盛轴承,机械基件,1.5681,0.7609,3.9137,19.3160,0.7358,0.4022,0.3409,0.9563,0.5635,0.8611,0.2051,0.0051,0.0080,0.0025,0.4833,0.5000,1.4584,-0.0052,-0.1282,0.1261,missed
2025-04-18,300724.SZ,捷佳伟创,专用机械,1.4037,0.6071,1.2457,18.9046,0.1468,-0.1250,-0.2877,0.2063,0.2063,0.1349,-0.1152,-0.0058,-0.0004,0.0005,0.4447,0.4816,1.0849,-0.0535,-0.0854,0.0746,missed
2025-05-27,300724.SZ,捷佳伟创,专用机械,2.0822,0.8919,1.3648,19.1239,0.1129,-0.2316,-0.2406,0.1825,0.0040,0.0238,-0.2188,0.0011,-0.0017,0.0004,0.4632,0.4614,0.8302,-0.1204,-0.1278,0.0458,missed
2025-06-19,300724.SZ,捷佳伟创,专用机械,2.0014,0.8261,1.3259,19.5204,0.1066,-0.2079,-0.2108,0.1944,0.0238,0.0357,-0.2200,-0.0017,-0.0017,0.0001,0.4658,0.4737,0.8935,-0.0238,-0.0987,0.0367,missed
2025-07-15,300724.SZ,捷佳伟创,专用机械,1.8266,0.8438,1.0014,19.8622,0.4906,0.0459,-0.0336,0.4266,0.1607,0.2738,0.0597,0.0044,0.0017,0.0010,0.4947,0.4912,1.3964,0.0046,-0.0497,0.0427,missed
2023-02-27,300735.SZ,光弘科技,元器件,1.4596,0.8621,1.5421,17.6274,0.5423,0.0554,-0.1926,0.5060,0.4484,0.4524,0.0896,0.0011,0.0013,-0.0001,0.4452,0.4790,1.7288,0.0114,-0.0146,0.0316,missed
2023-03-06,300735.SZ,光弘科技,元器件,1.7085,0.8750,1.4012,17.8699,0.4759,0.0471,-0.1256,0.5794,0.5198,0.5119,0.0778,0.0012,0.0015,0.0005,0.4548,0.4822,1.8625,0.0131,-0.0381,0.0350,missed
2023-07-13,300735.SZ,光弘科技,元器件,3.0910,1.0000,1.2920,18.7168,0.4544,-0.0583,0.2229,0.7937,0.9603,0.7500,-0.0673,0.0016,0.0001,0.0017,0.5182,0.4945,1.2652,-0.0250,-0.0435,0.0664,missed
2023-08-07,300735.SZ,光弘科技,元器件,3.0872,1.0000,1.1343,17.3644,0.7397,0.0486,0.0272,0.5357,0.7421,0.5437,0.0603,0.0004,0.0015,0.0005,0.4716,0.5064,1.0735,-0.0340,-0.0319,0.0568,missed
2024-02-01,300735.SZ,光弘科技,元器件,0.8097,0.6154,1.4523,19.4691,0.0013,-0.5204,0.5038,0.6706,0.6706,0.6667,-0.3457,-0.0107,-0.0048,-0.0021,0.3256,0.3916,1.0102,-0.0601,-0.2630,0.0445,missed
2024-08-30,300748.SZ,金力永磁,矿物制品,0.2235,0.3158,1.0702,18.8035,0.1551,-0.2183,-0.3813,0.0278,0.0278,0.0278,-0.2400,-0.0045,-0.0041,-0.0045,0.3667,0.3889,0.8247,-0.0132,0.0040,-0.0414,high_score
2024-09-26,300748.SZ,金力永磁,矿物制品,1.6061,0.8261,1.1373,19.0368,0.1411,-0.1207,-0.2813,0.1151,0.1190,0.1151,-0.1369,0.0041,-0.0012,-0.0044,0.5000,0.4167,1.0136,0.0328,-0.0395,-0.0410,missed
2024-10-17,300748.SZ,金力永磁,矿物制品,0.9894,0.7097,1.0020,19.1363,0.5050,0.0767,-0.1525,0.2698,0.3770,0.2937,0.0542,0.0130,0.0020,-0.0030,0.5167,0.4278,1.8246,-0.0081,-0.0109,-0.0222,missed
2025-01-02,300748.SZ,金力永磁,矿物制品,0.2309,0.5195,1.0124,19.6474,0.9296,0.2292,0.4267,0.7103,0.8254,0.7659,0.1096,-0.0076,-0.0003,0.0020,0.2500,0.4389,0.5574,-0.0728,0.2619,0.2302,missed
2021-02-26,300750.SZ,宁德时代,电气设备,0.2281,0.3636,1.0875,22.7315,0.8908,0.3134,0.6576,0.8532,0.8532,0.8333,0.1707,-0.0053,0.0022,0.0023,0.4311,0.4912,1.1844,-0.1038,0.1812,0.1441,high_score
2020-12-03,300751.SZ,迈为股份,专用机械,-0.0122,0.5714,1.8600,19.0187,0.9568,0.3793,0.9356,0.9643,0.9643,0.9643,0.2129,0.0003,0.0008,0.0023,0.4668,0.4703,1.2007,0.1218,0.3387,0.0976,missed
2021-01-14,300751.SZ,迈为股份,专用机械,1.5988,0.7647,1.2895,20.0977,0.8675,0.3689,0.8233,0.9048,0.9048,0.9048,0.2001,0.0041,0.0027,0.0019,0.5250,0.5017,1.2022,-0.1943,0.1886,0.1176,missed
2021-02-22,300751.SZ,迈为股份,专用机械,1.9695,0.9630,1.6841,19.6087,0.2358,-0.0926,0.4312,0.7460,0.7817,0.5000,-0.0477,-0.0029,0.0010,0.0015,0.4611,0.4876,1.4135,-0.1214,-0.1647,0.1249,missed
2021-03-02,300751.SZ,迈为股份,专用机械,1.7803,0.9000,1.7386,19.5460,0.1773,-0.1240,0.1928,0.7063,0.7341,0.3968,-0.0641,-0.0024,0.0011,0.0011,0.4806,0.4991,1.1341,-0.1435,-0.1846,0.1250,missed
2025-04-28,300751.SZ,迈为股份,专用机械,3.0220,1.0000,2.6145,18.7400,0.0263,-0.2634,-0.3761,0.0119,0.0119,0.0079,-0.2498,-0.0050,-0.0008,0.0003,0.4868,0.4807,0.9295,-0.0709,-0.2030,0.0638,missed
2025-05-06,300751.SZ,迈为股份,专用机械,1.5427,0.9000,3.8497,19.0941,0.0163,-0.2241,-0.4041,0.0635,0.0476,0.0198,-0.2106,-0.0022,0.0004,0.0006,0.5368,0.4947,0.8685,-0.0788,-0.2256,0.0591,missed
2025-06-30,300751.SZ,迈为股份,专用机械,1.0958,0.6933,2.9567,19.4430,0.0866,-0.1522,-0.3505,0.0952,0.0873,0.0873,-0.1343,0.0043,0.0002,0.0005,0.5395,0.5070,0.9193,-0.0745,-0.1551,0.0361,missed
2025-07-15,300751.SZ,迈为股份,专用机械,1.2386,0.7812,2.0701,19.4275,0.3250,-0.0017,-0.2758,0.1587,0.1310,0.1587,-0.0017,0.0044,0.0017,0.0010,0.4947,0.4912,1.3964,-0.0171,-0.0973,0.0427,missed
2025-08-19,300751.SZ,迈为股份,专用机械,2.0110,0.9286,2.7026,19.7254,0.4617,0.0828,-0.2218,0.3770,0.3730,0.3770,0.0858,0.0075,0.0047,0.0018,0.5263,0.5202,1.7106,-0.1303,-0.2559,0.0863,missed
2023-09-21,300757.SZ,罗博特科,专用机械,1.2285,0.8235,1.0052,18.2422,0.0358,-0.2969,0.1034,0.6240,0.1915,0.5992,-0.2391,-0.0021,-0.0027,-0.0014,0.4056,0.3867,1.0553,-0.0754,-0.1515,0.0306,missed
2024-01-31,300757.SZ,罗博特科,专用机械,0.1570,0.4262,4.6684,18.8415,0.1673,-0.2844,-0.3134,0.0289,0.0055,0.0041,-0.1427,-0.0087,-0.0030,-0.0024,0.3500,0.4105,1.1065,-0.1419,-0.1130,0.0163,high_score
2024-02-08,300757.SZ,罗博特科,专用机械,0.9059,0.7541,5.4352,19.2575,0.1103,-0.2637,-0.2670,0.0289,0.0267,0.0207,-0.1181,-0.0028,-0.0015,-0.0012,0.4000,0.4237,1.1178,-0.2381,-0.1652,0.0169,missed
2024-03-01,300757.SZ,罗博特科,专用机械,-1.3742,0.0244,1.8062,21.0800,0.9594,0.2673,0.4432,0.9959,0.9949,0.9835,0.0985,0.0053,0.0009,-0.0000,0.5132,0.4658,1.2791,0.3871,0.2299,0.0215,high_score
2024-04-30,300757.SZ,罗博特科,专用机械,-0.5872,0.1192,1.0990,20.6069,0.9962,1.0646,1.0990,0.9545,0.0253,0.9132,0.3108,0.0023,0.0027,0.0010,0.5132,0.4991,0.8658,-0.1975,0.9073,0.0637,high_score
2024-05-31,300757.SZ,罗博特科,专用机械,-0.3254,0.2222,1.3523,19.9017,0.9355,0.2637,0.6015,0.8719,0.0620,0.8512,0.1012,-0.0032,-0.0002,0.0004,0.4368,0.4737,1.1825,-0.0288,0.2910,0.0900,high_score
2024-06-27,300757.SZ,罗博特科,专用机械,0.9704,0.7333,1.2361,19.9180,0.0101,-0.4017,0.0338,0.6240,0.0661,0.7810,-0.1481,-0.0049,-0.0014,-0.0004,0.4132,0.4632,0.8679,-0.2442,-0.3128,0.0741,missed
2024-07-04,300757.SZ,罗博特科,专用机械,0.9772,0.7778,1.3317,19.8104,0.0315,-0.3589,0.0103,0.5331,0.0248,0.7025,-0.1447,-0.0065,-0.0025,-0.0009,0.4026,0.4456,0.8726,-0.1723,-0.2118,0.0691,missed
2025-04-30,300757.SZ,罗博特科,专用机械,1.1551,0.7615,1.6457,20.2177,0.0213,-0.2709,-0.3343,0.4524,0.5040,0.4683,-0.1379,-0.0034,-0.0003,0.0007,0.5211,0.4860,0.8859,-0.2068,-0.2343,0.0601,missed
2025-05-28,300757.SZ,罗博特科,专用机械,1.3940,0.7576,1.9996,19.8394,0.0088,-0.3482,-0.2927,0.4048,0.5397,0.3810,-0.1829,0.0009,-0.0016,0.0005,0.4658,0.4658,0.8433,-0.0016,-0.2524,0.0445,missed
2025-06-17,300757.SZ,罗博特科,专用机械,1.5113,0.8788,1.8689,19.8762,0.0263,-0.3187,-0.3362,0.3611,0.5397,0.1508,-0.2036,-0.0021,-0.0019,-0.0003,0.4684,0.4711,0.8984,-0.0523,-0.1992,0.0376,missed
2025-07-16,300757.SZ,罗博特科,专用机械,1.3360,0.8780,2.0677,21.1428,0.3068,0.0000,-0.0261,0.5337,0.9563,0.3413,0.0000,0.0036,0.0017,0.0006,0.4842,0.4939,1.4480,0.1141,-0.0985,0.0435,missed
2025-08-04,300757.SZ,罗博特科,专用机械,0.6736,0.6029,1.9015,20.6347,0.9322,0.3428,-0.0215,0.5714,0.9603,0.3532,0.2646,0.0074,0.0026,0.0012,0.5474,0.4912,1.7503,0.1333,0.1679,0.0620,missed
2020-12-03,300763.SZ,锦浪科技,电气设备,1.7678,0.9643,3.2485,18.7082,0.7309,0.0772,1.1269,0.8333,0.8333,0.8254,0.0369,-0.0007,0.0014,0.0030,0.4686,0.4778,1.2191,-0.0883,0.0009,0.1144,missed
2021-01-27,300763.SZ,锦浪科技,电气设备,1.4123,0.8384,1.3482,19.8761,0.9347,0.6412,1.2236,1.0000,1.0000,0.9206,0.2955,0.0066,0.0044,0.0028,0.5395,0.5162,1.6824,0.3026,0.3286,0.1282,missed
2021-02-24,300763.SZ,锦浪科技,电气设备,2.0585,0.9362,1.3644,19.6008,0.9603,0.5169,0.7510,0.9286,0.9286,0.7302,0.2224,-0.0009,0.0023,0.0023,0.4892,0.4944,1.2508,0.0555,0.3809,0.1437,missed
2021-03-24,300763.SZ,锦浪科技,电气设备,2.5915,1.0000,2.1832,18.7819,0.2976,-0.0948,0.1048,0.7183,0.7302,0.3611,-0.0389,-0.0041,-0.0003,0.0014,0.4649,0.4918,0.8209,-0.1909,-0.0632,0.1348,missed
2021-04-19,300763.SZ,锦浪科技,电气设备,2.8708,0.9583,1.3523,19.6252,0.5997,0.0148,0.2722,0.8214,0.8214,0.5040,0.0064,0.0017,-0.0004,0.0016,0.4895,0.4898,0.7817,0.0919,0.0501,0.0996,missed
2021-05-07,300763.SZ,锦浪科技,电气设备,1.9520,0.9286,1.2240,19.7663,0.3389,-0.0872,0.6363,0.9206,0.2540,0.6111,-0.0380,-0.0002,-0.0010,0.0012,0.4580,0.4800,0.8353,0.1614,-0.0272,0.0768,missed
2021-06-09,300763.SZ,锦浪科技,电气设备,2.4483,0.9565,1.1394,19.3481,0.8966,0.3118,0.5966,0.8849,0.2183,0.6071,0.1478,0.0049,0.0024,0.0019,0.5103,0.4910,1.2373,-0.0514,0.1638,0.0641,missed
2025-06-25,300763.SZ,锦浪科技,电气设备,2.9777,1.0000,1.0043,19.7167,0.5282,-0.0213,-0.1439,0.4762,0.6468,0.4286,-0.0164,0.0022,-0.0012,-0.0004,0.5457,0.4844,0.9870,0.0189,0.0558,0.0180,missed
2024-01-15,300803.SZ,指南针,软件服务,0.5337,0.5312,1.1109,19.7228,0.0152,-0.2519,-0.0250,0.0198,0.0159,0.0595,-0.1982,-0.0075,-0.0013,-0.0012,0.3389,0.4370,0.9050,-0.0973,-0.1719,0.0447,missed
2024-02-19,300803.SZ,指南针,软件服务,0.6491,0.6512,1.4337,19.9911,0.0621,-0.2949,-0.4150,0.0238,0.9841,0.0238,-0.2076,-0.0027,-0.0038,-0.0018,0.4556,0.4086,1.0142,-0.0161,-0.0778,0.0299,missed
2024-03-13,300803.SZ,指南针,软件服务,-0.1542,0.3043,1.1215,19.9216,0.0342,-0.2223,-0.2177,0.2659,0.9722,0.1071,-0.1375,0.0125,-0.0014,-0.0005,0.6352,0.4358,1.5131,-0.0655,-0.1197,0.0175,high_score
2024-04-09,300803.SZ,指南针,软件服务,0.0152,0.3000,1.0764,19.1148,0.0253,-0.2593,-0.2782,0.0437,0.8651,0.0397,-0.1590,-0.0026,-0.0012,-0.0013,0.4222,0.4475,1.5322,-0.0486,-0.1666,0.0150,high_score
2024-05-15,300803.SZ,指南针,软件服务,0.3813,0.4865,1.3319,20.0015,0.2978,0.0580,-0.2522,0.0833,0.8135,0.0714,0.0426,0.0003,0.0022,-0.0016,0.4407,0.4821,0.7749,0.0458,-0.0550,0.0343,high_score
2024-06-11,300803.SZ,指南针,软件服务,0.1507,0.4222,1.1152,19.2145,0.1960,-0.1344,-0.3109,0.0833,0.7460,0.0675,-0.1122,-0.0022,-0.0023,-0.0016,0.4667,0.4302,0.8100,-0.0200,0.0100,0.0359,high_score
2024-07-25,300803.SZ,指南针,软件服务,0.5606,0.5909,1.3696,19.3078,0.1311,-0.2505,-0.2295,0.0159,0.5516,0.0159,-0.2300,-0.0041,-0.0040,-0.0012,0.4304,0.4361,0.9494,-0.0282,-0.0268,0.0111,missed
2024-08-02,300803.SZ,指南针,软件服务,0.1490,0.3529,1.3302,19.7725,0.3127,-0.1694,-0.1125,0.0992,0.6111,0.0992,-0.1343,0.0011,-0.0033,-0.0003,0.4696,0.4331,0.9157,0.0774,0.0265,0.0030,high_score
2024-09-12,300803.SZ,指南针,软件服务,-0.0644,0.3913,1.5820,19.0331,0.3401,-0.1567,-0.2922,0.0298,0.4286,0.0952,-0.1286,0.0002,-0.0018,-0.0028,0.4893,0.4435,0.9344,-0.1001,-0.0406,-0.0118,high_score
2024-12-02,300803.SZ,指南针,软件服务,-0.9780,0.1522,1.1370,21.8721,0.9962,1.9350,1.3996,0.9683,0.9683,0.9683,0.6029,0.0061,0.0110,0.0039,0.5379,0.5531,1.6297,-0.1040,1.1393,0.2102,high_score
2025-01-06,300803.SZ,指南针,软件服务,-0.5697,0.1176,1.8511,21.1370,0.8580,0.1140,1.4638,0.7738,0.7738,0.7738,0.0456,-0.0080,0.0012,0.0041,0.4017,0.4885,0.8614,-0.0633,0.0792,0.2853,high_score
2025-02-05,300803.SZ,指南针,软件服务,-0.6177,0.1279,1.3065,21.1025,0.3116,-0.1018,1.3494,0.7817,0.6865,0.6905,-0.0508,0.0013,0.0024,0.0050,0.4759,0.5011,0.8747,-0.1525,-0.2301,0.2321,high_score
2025-03-25,300803.SZ,指南针,软件服务,1.4528,0.8158,1.2197,20.6346,0.0013,-0.3712,0.6647,0.5437,0.5476,0.5516,-0.2058,-0.0069,0.0015,0.0060,0.3759,0.4730,2.3685,-0.2119,-0.4349,0.1212,missed
2025-04-01,300803.SZ,指南针,软件服务,2.1461,0.9767,1.3230,21.4685,0.0013,-0.4534,-0.1020,0.5238,0.5238,0.5278,-0.2501,-0.0046,0.0016,0.0041,0.3655,0.4655,1.5962,-0.2700,-0.5302,0.1095,missed
2025-05-07,300803.SZ,指南针,软件服务,0.5079,0.4118,1.0600,21.7249,0.0013,-0.3537,-0.4555,0.5278,0.5317,0.5437,-0.2223,0.0010,0.0008,0.0014,0.5740,0.4919,0.6120,0.0338,-0.3797,0.1185,high_score
2023-03-21,300857.SZ,协创数据,IT设备,3.1114,0.8636,1.3508,17.9958,0.8974,0.2826,0.3333,0.9008,0.9008,0.8571,0.2896,0.0052,0.0059,0.0033,0.5056,0.5613,2.6877,-0.0115,-0.0975,0.0825,missed
2023-07-04,300857.SZ,协创数据,IT设备,3.0892,1.0000,1.2899,18.0853,0.6808,0.0179,0.3921,0.8571,0.8571,0.5159,0.0101,-0.0006,0.0013,0.0045,0.4833,0.4759,0.8949,-0.0398,-0.0258,0.1562,missed
2023-08-28,300857.SZ,协创数据,IT设备,3.0399,0.9909,1.3922,18.6704,0.1434,-0.2166,0.0146,0.5476,0.5833,0.0238,-0.1778,-0.0026,-0.0022,0.0011,0.4333,0.4481,0.7242,0.0161,-0.0721,0.0549,missed
2023-09-05,300857.SZ,协创数据,IT设备,2.8216,1.0000,1.1519,18.0886,0.2404,-0.1083,0.0662,0.6825,0.6825,0.2500,-0.0871,-0.0017,-0.0004,0.0015,0.4722,0.4667,0.8165,0.0300,-0.0659,0.0459,missed
2023-10-09,300857.SZ,协创数据,IT设备,1.5503,0.7759,1.4783,19.6123,0.6237,-0.0072,-0.0102,0.7698,0.7698,0.4960,-0.0056,-0.0006,-0.0003,-0.0002,0.4056,0.4444,0.9432,0.0796,0.0220,0.0192,missed
2024-04-16,300857.SZ,协创数据,IT设备,1.1838,0.7097,1.0307,19.9369,0.6109,0.0757,0.9155,0.8333,0.0397,0.7817,0.0329,-0.0046,0.0020,0.0008,0.4111,0.4870,1.4338,-0.0575,-0.0228,0.0540,missed
2024-06-07,300857.SZ,协创数据,IT设备,-0.5075,0.1786,1.3123,20.1644,0.5575,0.0159,-0.0941,0.7421,0.1270,0.6190,0.0104,-0.0038,-0.0020,-0.0000,0.4389,0.4481,0.9257,-0.0093,0.1467,0.0609,high_score
2024-08-23,300857.SZ,协创数据,IT设备,-0.8002,0.0968,1.1538,18.9910,0.7251,-0.0558,0.0912,0.4921,0.0635,0.3016,-0.0400,-0.0055,-0.0027,-0.0019,0.3556,0.4315,0.9671,-0.0902,0.1014,0.0101,high_score
2024-09-12,300857.SZ,协创数据,IT设备,-0.9017,0.1304,1.5571,19.7860,0.1373,-0.2404,-0.2767,0.2698,0.0040,0.2103,-0.1791,-0.0034,-0.0032,-0.0027,0.4333,0.4222,0.7546,-0.0976,-0.0560,0.0030,high_score
2025-01-21,300857.SZ,协创数据,IT设备,-1.8274,0.0196,1.0374,21.1528,0.9598,0.3763,0.6575,0.9881,0.9167,0.9881,0.1979,-0.0015,0.0018,0.0027,0.5167,0.5204,0.8957,0.0055,0.2870,0.1647,high_score
2025-02-05,300857.SZ,协创数据,IT设备,-0.4617,0.1744,1.7005,20.9574,0.8869,0.1517,0.3496,0.7937,0.6349,0.7659,0.0733,-0.0009,0.0016,0.0027,0.5167,0.5278,0.9232,-0.1652,0.0813,0.1614,high_score
2025-04-29,300857.SZ,协创数据,IT设备,0.5668,0.4512,1.7919,20.6852,0.3563,-0.0633,0.3656,0.7341,0.0397,0.6032,-0.0296,-0.0045,0.0006,0.0011,0.4667,0.4963,0.6085,-0.0458,-0.0724,0.0647,high_score
2025-05-13,300857.SZ,协创数据,IT设备,1.3304,0.8043,1.6425,20.4042,0.0891,-0.1756,-0.1396,0.4881,0.1190,0.7778,-0.0799,0.0001,-0.0008,-0.0001,0.5111,0.4722,0.6139,-0.1757,-0.1020,0.0658,missed
2025-06-24,300857.SZ,协创数据,IT设备,1.7353,0.8571,1.5904,20.2460,0.0176,-0.2931,-0.2715,0.4444,0.2024,0.7540,-0.1665,0.0017,-0.0010,0.0002,0.4514,0.4745,0.8780,0.0857,-0.2139,0.0431,missed
2025-07-31,300857.SZ,协创数据,IT设备,1.9688,0.7647,3.7173,20.3002,0.0163,-0.2921,-0.1332,0.2857,0.1230,0.5516,-0.2109,0.0009,0.0001,0.0005,0.4500,0.4634,1.2348,-0.0930,-0.2833,0.0261,missed
2025-08-21,300857.SZ,协创数据,IT设备,2.1014,0.8857,2.8109,21.0104,0.6826,0.1906,-0.1687,0.6389,0.5119,0.9444,0.1640,0.0039,0.0029,0.0002,0.5056,0.5021,1.2662,0.0818,0.0188,0.0274,missed
2024-08-02,300888.SZ,稳健医疗,医疗保健,2.6703,0.9412,1.0189,17.4595,0.2799,-0.1778,-0.1615,0.1071,0.8373,0.1071,-0.2407,-0.0001,-0.0033,-0.0003,0.4675,0.4100,0.8467,0.0197,0.0103,0.0357,missed
2020-12-23,300919.SZ,中伟新材,电气设备,-0.6535,0.2273,1.0150,21.5766,,,,,,,,0.0063,0.0042,0.0037,0.5087,0.5101,1.0394,,,0.1070,high_score
2021-02-24,300919.SZ,中伟新材,电气设备,-0.8772,0.0851,1.5260,19.0427,,,,,,,,-0.0009,0.0023,0.0023,0.4892,0.4944,1.2508,-0.1783,,0.1437,high_score
2021-03-05,300919.SZ,中伟新材,电气设备,-0.7282,0.2273,1.8362,18.4452,,,,,,,,-0.0025,0.0024,0.0019,0.4824,0.5053,1.0144,-0.0746,,0.1462,high_score
2022-07-04,300972.SZ,万辰集团,食品,1.2735,0.8919,1.0692,18.4092,0.0212,-0.3071,-0.1322,0.1746,0.9524,0.1865,-0.1896,0.0059,0.0013,-0.0002,0.6056,0.5000,0.9824,-0.1218,-0.3850,0.0347,missed
2022-08-23,300972.SZ,万辰集团,食品,1.2542,0.8056,2.4501,17.5615,0.2166,-0.0660,-0.0933,0.1349,0.8016,0.1310,-0.0830,-0.0011,0.0007,-0.0003,0.4833,0.4963,0.7318,0.0371,-0.1021,0.0614,missed
2022-09-13,300972.SZ,万辰集团,食品,1.6474,0.8065,2.3305,18.0601,0.4894,-0.0265,-0.1933,0.2083,0.8194,0.3353,-0.0327,-0.0003,-0.0009,0.0001,0.4778,0.4630,0.9295,0.0283,0.0345,0.0531,missed
2022-10-27,300972.SZ,万辰集团,食品,2.0501,0.8868,2.6567,18.0097,0.4836,-0.0783,-0.0144,0.0675,0.5794,0.0317,-0.0736,-0.0015,-0.0017,-0.0002,0.4278,0.4481,0.9507,0.0255,0.0282,0.0145,missed
2022-11-07,300972.SZ,万辰集团,食品,1.6115,0.9048,2.1788,17.1092,0.5791,-0.0194,-0.0948,0.1389,0.6230,0.0913,-0.0179,0.0015,-0.0008,-0.0001,0.5000,0.4574,0.9875,0.1498,0.0399,0.0102,missed
2022-12-02,300972.SZ,万辰集团,食品,1.9286,0.8636,1.7925,17.8379,0.5202,-0.0032,-0.0118,0.2778,0.6825,0.2262,-0.0029,0.0030,0.0001,0.0003,0.5778,0.4852,1.0671,-0.0205,0.0042,0.0029,missed
2023-01-05,300972.SZ,万辰集团,食品,1.4778,0.8780,1.9642,17.2745,0.5059,0.0442,-0.0282,0.1905,0.5079,0.1349,0.0512,-0.0006,0.0015,-0.0000,0.4944,0.5333,1.1689,-0.0424,-0.0406,0.0221,missed
2023-02-23,300972.SZ,万辰集团,食品,2.1808,0.9726,1.0288,19.1975,0.9818,0.4555,0.3354,0.9484,1.0000,0.9246,0.3654,0.0022,0.0022,0.0007,0.4944,0.5241,1.1073,0.4037,0.3207,0.0455,missed
2024-02-29,300972.SZ,万辰集团,食品,0.1344,0.4912,1.1160,17.8628,0.4170,-0.0545,-0.0347,0.1786,0.0476,0.1429,-0.0417,0.0038,-0.0001,0.0001,0.5056,0.4574,1.4892,-0.1331,-0.0412,0.0159,high_score
2024-03-29,300972.SZ,万辰集团,食品,2.3923,0.9651,1.5398,17.2253,0.0596,-0.2016,-0.1781,0.0476,0.1111,0.0040,-0.1644,-0.0025,-0.0005,-0.0006,0.4000,0.4519,1.1099,-0.0246,-0.1690,0.0231,missed
2024-04-03,300972.SZ,万辰集团,食品,2.3996,0.9444,1.6274,17.2565,0.0811,-0.2009,-0.1798,0.0595,0.1270,0.0159,-0.1622,-0.0007,-0.0004,-0.0003,0.4722,0.4574,1.0029,-0.0532,-0.1750,0.0244,missed
2024-05-17,300972.SZ,万辰集团,食品,0.5327,0.5962,2.6960,17.5101,0.0430,-0.1351,-0.2521,0.0278,,0.0397,-0.1089,0.0025,0.0004,-0.0003,0.4833,0.4630,1.1552,-0.0554,-0.1562,0.0384,missed
2024-06-19,300972.SZ,万辰集团,食品,0.7562,0.6053,2.8538,17.4015,0.0265,-0.3274,-0.4078,0.0040,,0.0040,-0.2459,-0.0063,-0.0020,-0.0008,0.2944,0.4056,0.9004,-0.0949,-0.2085,0.0349,missed
2024-07-29,300972.SZ,万辰集团,食品,1.5859,0.8056,6.6802,17.0261,0.0416,-0.3397,-0.4827,0.0079,,0.0079,-0.2687,-0.0022,-0.0028,-0.0011,0.4333,0.3833,0.8646,-0.1051,-0.1820,0.0170,missed
2024-08-07,300972.SZ,万辰集团,食品,1.3431,0.8286,6.5469,17.5153,0.1110,-0.2634,-0.2803,0.0437,,0.0437,-0.2042,-0.0003,-0.0029,-0.0004,0.4556,0.3815,0.9201,0.0002,-0.0967,0.0076,missed
2024-09-25,300972.SZ,万辰集团,食品,0.1855,0.3973,4.4221,17.9438,0.9975,0.4789,0.0872,0.5238,,0.4464,0.3042,0.0029,0.0006,-0.0005,0.4944,0.4556,1.0338,0.0656,0.4401,0.0146,high_score
2024-10-08,300972.SZ,万辰集团,食品,-0.2426,0.2519,2.3624,20.1913,0.9937,1.3124,0.7450,1.0000,,1.0000,0.6755,0.0151,0.0055,0.0019,0.5389,0.4870,1.1424,0.2007,0.9214,0.0236,high_score
2024-11-12,300972.SZ,万辰集团,食品,0.0623,0.3269,1.1147,18.8924,0.9962,2.7453,1.8232,0.9960,,0.9960,1.1706,0.0033,0.0054,0.0016,0.4944,0.4907,2.8132,0.2723,2.2803,0.1428,high_score
2024-12-25,300972.SZ,万辰集团,食品,0.0011,0.2188,1.3380,18.5038,0.9899,1.3362,2.4550,0.9325,,0.9325,0.5428,0.0023,0.0043,0.0025,0.5056,0.5019,0.7533,0.0488,1.0497,0.2318,high_score
2025-01-17,300972.SZ,万辰集团,食品,-0.3094,0.2759,1.2087,19.0626,0.9812,0.5080,3.7239,1.0000,,1.0000,0.2796,-0.0020,0.0003,0.0024,0.3778,0.4481,0.8412,0.3054,0.4912,0.1970,high_score
2025-03-20,300972.SZ,万辰集团,食品,-0.1974,0.3103,1.1922,18.2380,0.7889,0.1160,1.6678,0.8373,,0.8492,0.0827,0.0004,-0.0005,0.0024,0.4444,0.4444,1.1931,-0.1529,0.1538,0.0633,high_score
2025-04-01,300972.SZ,万辰集团,食品,-0.8353,0.0465,1.0888,19.1340,0.9309,0.2281,1.7085,0.9325,,0.9325,0.1565,0.0014,-0.0001,0.0012,0.4778,0.4574,1.2214,0.0419,0.2361,0.0417,high_score
2024-11-21,301200.SZ,大族数控,专用机械,1.1642,0.7500,1.3047,19.2035,0.6377,0.3111,0.1621,0.9841,0.9921,0.8690,0.2128,0.0048,0.0069,0.0018,0.5079,0.5114,2.4577,0.0392,-0.1526,0.0843,missed
2024-12-16,301200.SZ,大族数控,专用机械,1.1673,0.6341,1.5973,17.9851,0.6881,0.3572,0.1626,0.9345,0.9563,0.8294,0.2144,0.0021,0.0070,0.0023,0.4474,0.4956,1.1853,-0.0353,-0.1347,0.1543,missed
2025-01-02,301200.SZ,大族数控,专用机械,0.6955,0.6753,1.8600,18.0090,0.4749,-0.0462,0.1604,0.5714,0.7222,0.3770,-0.0322,-0.0010,0.0013,0.0028,0.4421,0.4623,1.1272,-0.0559,-0.1320,0.1876,missed
2025-02-13,301200.SZ,大族数控,专用机械,0.6806,0.6571,2.1181,18.2512,0.7927,0.0486,0.3055,0.9444,0.9444,0.9405,0.0351,0.0027,-0.0001,0.0034,0.5105,0.4640,0.9387,0.0897,0.0545,0.1822,missed
2025-03-11,301200.SZ,大族数控,专用机械,0.4999,0.5667,1.4176,18.6328,0.7588,0.0800,0.5000,0.9960,0.9960,0.9960,0.0744,0.0034,0.0014,0.0043,0.5184,0.4895,1.2981,0.0039,0.0163,0.1482,missed
2025-04-30,301200.SZ,大族数控,专用机械,0.8414,0.6000,3.5231,17.6608,0.5621,-0.0074,0.1342,0.7460,0.0317,0.5913,-0.0065,-0.0034,-0.0003,0.0007,0.5211,0.4860,0.8859,0.0274,0.0292,0.0601,missed
2025-05-09,301200.SZ,大族数控,专用机械,1.1387,0.8500,3.1988,17.5027,0.5320,-0.0251,0.0695,0.7619,0.0357,0.6071,-0.0221,0.0058,-0.0002,0.0004,0.5868,0.4877,0.8307,0.0242,0.0060,0.0561,missed
2025-06-03,301200.SZ,大族数控,专用机械,0.5318,0.6618,3.3599,18.2750,0.2396,-0.1253,-0.0233,0.4841,0.0040,0.3294,-0.1167,-0.0005,-0.0014,0.0000,0.4553,0.4684,0.8828,-0.0559,-0.0373,0.0422,missed
2025-07-17,301200.SZ,大族数控,专用机械,1.0447,0.8000,3.1811,19.2640,0.8795,0.2333,0.3086,0.9921,0.2302,0.9921,0.2464,0.0050,0.0019,0.0008,0.5184,0.4982,1.4966,0.0244,0.1203,0.0444,missed
2025-08-01,301200.SZ,大族数控,专用机械,-0.2835,0.2075,1.5056,20.6189,0.9937,0.9086,0.8742,0.9960,0.5000,0.9960,0.5789,0.0064,0.0022,0.0011,0.5211,0.4833,1.7491,0.5345,0.7717,0.0605,high_score
2025-01-20,301308.SZ,江波龙,半导体,0.8478,0.3889,1.2204,19.5163,0.1043,-0.1512,-0.0055,0.3214,,0.2738,-0.1106,-0.0029,0.0009,0.0034,0.4155,0.4698,1.0566,-0.0809,-0.1892,0.1691,high_score
2025-02-11,301308.SZ,江波龙,半导体,-0.3015,0.2564,2.0148,20.0466,0.5314,-0.0663,0.1728,0.4167,,0.3849,-0.0503,0.0073,0.0007,0.0042,0.5309,0.4619,1.0015,-0.0618,-0.1053,0.1641,high_score
2025-03-25,301308.SZ,江波龙,半导体,-0.6330,0.0789,1.6590,19.8392,0.5264,-0.0080,0.4761,0.7401,,0.7341,-0.0053,-0.0038,0.0000,0.0051,0.3856,0.4446,1.4106,0.0090,0.0094,0.1220,high_score
2025-04-18,301308.SZ,江波龙,半导体,1.3405,0.5357,2.5954,19.2322,0.3425,-0.0496,-0.1701,0.1706,,0.1706,-0.0334,-0.0024,0.0011,0.0008,0.4439,0.4703,0.7166,-0.1972,-0.0971,0.0979,missed
2025-05-28,301308.SZ,江波龙,半导体,2.0528,0.8788,3.1412,18.8223,0.0326,-0.3122,-0.1440,0.1032,,0.1151,-0.2441,-0.0020,-0.0023,0.0006,0.4275,0.4267,0.8822,-0.0309,-0.1683,0.0626,missed
2025-06-03,301308.SZ,江波龙,半导体,1.9283,0.9265,2.9997,19.0236,0.0125,-0.3322,-0.1984,0.0873,,0.1032,-0.2653,-0.0020,-0.0017,0.0004,0.4291,0.4357,0.8400,-0.0514,-0.2197,0.0567,missed
2025-07-10,301308.SZ,江波龙,半导体,-0.5819,0.0784,3.0420,19.8836,0.3726,0.0112,-0.0027,0.3889,0.6933,0.3889,0.0110,0.0004,-0.0008,0.0006,0.5236,0.4659,1.0842,0.0920,0.0696,0.0262,high_score
2025-08-04,301308.SZ,江波龙,半导体,-1.0828,0.0441,4.4737,20.0061,0.7804,0.1385,-0.0010,0.6825,0.8587,0.6984,0.1447,0.0027,0.0003,-0.0001,0.5400,0.4999,1.2224,0.0164,0.1271,0.0176,high_score
2024-03-07,301358.SZ,湖南裕能,电气设备,-0.2644,0.1190,1.0388,18.6669,0.0976,-0.1779,-0.3681,0.0337,0.0337,0.0337,-0.1244,0.0071,0.0006,-0.0008,0.5649,0.4677,1.3327,-0.1545,-0.1997,0.0286,high_score
2025-02-25,301358.SZ,湖南裕能,电气设备,0.7667,0.7273,1.0112,19.2445,0.0050,-0.2301,0.5914,0.6190,0.6190,0.6071,-0.1750,0.0013,0.0002,0.0027,0.4713,0.4688,1.0901,-0.1815,-0.2539,0.0960,missed
2025-04-18,301358.SZ,湖南裕能,电气设备,2.0355,0.7500,1.0780,18.6456,0.0088,-0.3288,-0.2573,0.2381,0.9206,0.1825,-0.2402,-0.0068,-0.0011,-0.0008,0.4277,0.4762,0.9212,-0.1372,-0.2475,0.0584,missed
2025-05-26,301358.SZ,湖南裕能,电气设备,3.1070,0.8590,1.4089,18.8206,0.0439,-0.2780,-0.4441,0.1627,0.8294,0.1310,-0.1924,0.0003,-0.0015,-0.0007,0.4628,0.4706,0.8086,-0.0966,-0.1745,0.0425,missed
2025-06-05,301358.SZ,湖南裕能,电气设备,3.0653,1.0000,1.3631,19.2644,0.0113,-0.3645,-0.4673,0.1746,0.8135,0.1429,-0.2769,-0.0007,-0.0018,-0.0010,0.4394,0.4624,0.8847,-0.0500,-0.2488,0.0334,missed
2025-07-07,301358.SZ,湖南裕能,电气设备,0.8003,0.5610,1.2724,19.5984,0.3864,0.0407,-0.2917,0.4048,0.8571,0.3571,0.0393,0.0009,0.0015,0.0001,0.5021,0.5032,1.1082,0.0434,-0.0508,0.0187,missed
2025-08-05,301358.SZ,湖南裕能,电气设备,1.2624,0.8947,2.1310,19.2641,0.3049,-0.0032,-0.2295,0.4365,0.8770,0.4405,-0.0043,0.0014,0.0008,0.0002,0.4777,0.4759,1.6746,-0.0242,-0.0470,0.0345,missed
2024-07-19,301498.SZ,乖宝宠物,饲料,-0.2774,0.2581,1.0716,17.3819,0.3796,-0.0959,0.1261,0.6696,0.0045,0.5893,-0.0872,-0.0004,-0.0001,0.0009,0.4900,0.4667,0.8287,-0.1342,-0.0874,0.0601,high_score
2024-08-21,301498.SZ,乖宝宠物,饲料,-0.4676,0.1111,1.2885,18.9045,0.4552,-0.1322,0.1415,0.6923,0.0891,0.6154,-0.1240,-0.0001,-0.0021,0.0001,0.4600,0.4333,0.9465,0.0704,-0.0120,0.0349,high_score
2024-09-04,301498.SZ,乖宝宠物,饲料,-0.2695,0.1667,1.2556,17.6665,0.5945,-0.0929,0.1553,0.7540,0.1429,0.6329,-0.0830,-0.0012,-0.0017,-0.0001,0.3800,0.4333,0.8551,0.1757,0.0072,0.0276,high_score
2024-04-02,301536.SZ,星宸科技,半导体,0.8465,0.7143,1.1353,20.4057,,,,,,,,-0.0031,-0.0021,-0.0008,0.4367,0.4370,1.4367,,,0.0109,missed
2024-05-06,301536.SZ,星宸科技,半导体,0.1200,0.4462,1.2845,19.4243,,,,,,,,0.0008,0.0014,-0.0007,0.4630,0.4824,0.7747,-0.2056,,0.0125,high_score
2024-09-20,301536.SZ,星宸科技,半导体,1.7252,0.8095,1.0449,17.8749,0.1952,-0.1915,,0.0252,0.0252,0.0252,-0.1375,-0.0034,-0.0023,-0.0009,0.4145,0.4376,0.6217,-0.1096,-0.0522,0.0475,missed
2025-04-15,301611.SZ,珂玛科技,半导体,1.1587,0.6316,1.1136,18.5351,0.5119,0.0120,-0.0665,0.2785,0.0253,0.2278,0.0082,-0.0030,0.0019,0.0019,0.4402,0.4824,0.7937,0.0017,-0.0844,0.0982,missed
2025-05-08,301611.SZ,珂玛科技,半导体,1.1675,0.8529,1.1780,18.3635,0.3789,-0.0552,-0.1597,0.3663,0.1105,0.2326,-0.0415,0.0069,0.0002,0.0009,0.5373,0.4612,0.8181,0.0642,-0.0443,0.0873,missed
2025-06-03,301611.SZ,珂玛科技,半导体,1.5012,0.8088,1.3696,19.2136,0.1393,-0.1730,-0.2232,0.1799,0.0106,0.1852,-0.1700,-0.0020,-0.0017,0.0004,0.4291,0.4357,0.8400,-0.0218,-0.0605,0.0567,missed
2025-08-08,301611.SZ,珂玛科技,半导体,0.5115,0.4706,1.2330,19.0120,0.2334,-0.0136,-0.0684,0.3122,0.1772,0.3333,-0.0186,0.0018,0.0005,0.0000,0.5236,0.5044,1.2242,-0.0207,-0.0386,0.0183,high_score
2022-05-25,302132.SZ,中航成飞,航空,1.4780,0.7200,3.9503,18.3872,0.0853,-0.3148,-0.3878,0.0476,0.0476,0.0476,-0.2511,0.0019,-0.0026,-0.0026,0.5750,0.4690,0.9322,-0.2022,-0.1263,-0.0060,missed
2022-06-16,302132.SZ,中航成飞,航空,3.1813,0.8750,3.8650,18.1335,0.0969,-0.1744,-0.3691,0.0813,0.0813,0.0893,-0.1428,0.0007,-0.0005,-0.0021,0.5239,0.4984,1.3019,0.0269,-0.1198,-0.0001,missed
2022-07-28,302132.SZ,中航成飞,航空,1.8895,0.9667,2.8751,18.9669,0.7857,0.2594,-0.1691,0.2579,0.2579,0.2579,0.2589,0.0016,0.0034,0.0002,0.4900,0.5324,1.1284,0.0074,0.0518,0.0356,missed
2022-08-31,302132.SZ,中航成飞,航空,3.2476,0.9681,3.4585,18.1192,0.3325,-0.0698,-0.2486,0.0635,0.0635,0.0437,-0.0718,-0.0048,0.0002,-0.0002,0.4033,0.4588,1.0100,-0.0391,-0.0712,0.0510,missed
2022-09-23,302132.SZ,中航成飞,航空,3.4132,0.9324,3.7517,17.4864,0.3338,-0.1498,-0.2420,0.0417,0.0417,0.0179,-0.1709,0.0010,0.0000,0.0001,0.4567,0.4578,0.7953,-0.0979,-0.1355,0.0510,missed
2022-10-11,302132.SZ,中航成飞,航空,3.5240,0.9432,4.3855,17.1108,0.2073,-0.2076,-0.3006,0.0079,0.0079,0.0079,-0.2204,-0.0034,-0.0020,0.0001,0.4333,0.4444,0.7869,-0.0729,-0.0807,0.0449,missed
2022-11-11,302132.SZ,中航成飞,航空,3.4244,0.9138,3.5756,17.6440,0.2013,-0.1509,0.0010,0.1766,0.1766,0.1389,-0.1719,0.0027,-0.0010,0.0007,0.4733,0.4422,1.0381,0.0325,-0.0763,0.0240,missed
2022-12-20,302132.SZ,中航成飞,航空,3.2018,0.9189,3.2046,16.9366,0.6641,0.0389,-0.0923,0.1548,0.1548,0.1270,0.0428,-0.0031,-0.0004,-0.0003,0.4100,0.4733,0.8986,0.0012,0.0747,0.0136,missed
2023-01-04,302132.SZ,中航成飞,航空,3.2076,0.9722,3.0661,17.4854,0.7633,0.1645,-0.0773,0.2579,0.2579,0.2183,0.1932,-0.0015,0.0016,-0.0002,0.4360,0.4975,0.6854,-0.0121,0.0846,0.0162,missed
2023-02-07,302132.SZ,中航成飞,航空,3.1872,0.8750,1.0635,17.3779,1.0000,1.0514,0.7759,1.0000,1.0000,1.0000,0.8609,0.0044,0.0009,0.0004,0.5826,0.5100,0.9638,0.9788,0.9946,0.0182,missed
2020-12-22,600010.SH,包钢股份,普钢,-0.4813,0.3333,2.1639,19.6261,0.5494,-0.0085,0.0841,0.3988,0.6389,0.3909,-0.0166,-0.0039,-0.0001,0.0004,0.3833,0.4007,1.7179,-0.0033,-0.0010,0.0404,high_score
2021-01-21,600010.SH,包钢股份,普钢,-0.7403,0.0500,1.3710,21.3599,0.5342,0.0690,0.0598,0.9385,0.9841,0.9405,0.1200,0.0004,0.0008,0.0001,0.4222,0.4370,0.7802,0.0632,0.0302,0.0461,high_score
2021-03-31,600011.SH,华能国际,火力发电,-0.5952,0.1429,1.3753,19.7228,0.4169,-0.0350,-0.1818,0.4008,0.0198,0.5595,-0.0337,0.0088,0.0025,0.0014,0.6036,0.4669,2.5953,-0.1241,-0.1909,0.0301,high_score
2024-12-12,600021.SH,上海电力,火力发电,2.1521,0.9714,1.3940,19.6284,0.2679,0.1813,-0.0449,0.7540,0.4286,0.5040,0.2070,0.0013,0.0028,-0.0001,0.5300,0.5344,0.9185,-0.0683,0.0049,0.0303,missed
2025-01-02,600021.SH,上海电力,火力发电,1.6642,0.8701,1.2489,19.7137,0.6143,-0.0056,-0.1050,0.4246,0.1548,0.1825,-0.0075,-0.0017,-0.0005,-0.0009,0.4267,0.4622,0.8448,-0.0229,0.0304,0.0462,missed
2025-02-21,600021.SH,上海电力,火力发电,1.8414,0.9184,2.0786,19.7115,0.1784,-0.1113,-0.0101,0.3274,0.1806,0.2044,-0.1923,0.0002,-0.0012,-0.0001,0.3929,0.4121,0.6997,0.0010,-0.0387,0.0344,missed
2025-03-12,600021.SH,上海电力,火力发电,1.8572,0.9130,1.2304,19.8562,0.4209,-0.0512,0.0695,0.4643,0.3651,0.3333,-0.0898,0.0003,-0.0013,0.0004,0.4076,0.3921,0.9931,0.0300,0.0292,0.0237,missed
2025-04-02,600021.SH,上海电力,火力发电,1.7070,0.9167,1.2355,19.7325,0.5207,-0.0213,-0.0517,0.4425,0.0040,0.4246,-0.0430,0.0025,-0.0003,-0.0004,0.5233,0.4143,1.2279,-0.0039,0.0007,0.0057,missed
2025-05-21,600021.SH,上海电力,火力发电,1.0042,0.6579,1.2892,19.6765,0.7189,0.0408,-0.0765,0.4841,0.1210,0.3234,0.0819,0.0024,0.0011,0.0001,0.5300,0.5033,1.1030,0.0008,-0.0237,0.0156,missed
2025-06-03,600021.SH,上海电力,火力发电,1.0509,0.7353,1.4659,19.3262,0.5997,-0.0011,-0.0707,0.2540,0.0397,0.3294,-0.0022,0.0015,0.0011,0.0002,0.4767,0.5011,0.9841,-0.0436,-0.0657,0.0202,missed
2025-07-01,600021.SH,上海电力,火力发电,0.8011,0.7069,1.1180,19.5439,0.3990,-0.0409,-0.0502,0.3810,0.1131,0.4444,-0.0854,-0.0002,0.0001,-0.0001,0.4433,0.4689,0.9355,0.0149,-0.0418,0.0322,missed
2021-11-30,600026.SH,中远海能,水运,1.0207,0.7241,1.8697,19.8299,0.7720,0.1151,-0.0327,0.2401,0.2401,0.2857,0.0788,0.0024,-0.0013,0.0000,0.4200,0.4383,0.5829,0.0637,0.2121,0.0378,missed
2021-12-09,600026.SH,中远海能,水运,1.2505,0.8421,1.7852,19.5884,0.6572,0.0401,-0.0165,0.2738,0.2738,0.3492,0.0276,0.0038,-0.0017,-0.0002,0.4700,0.4283,0.6831,-0.0008,0.1588,0.0321,missed
2022-01-28,600026.SH,中远海能,水运,1.4028,0.7333,2.2729,18.4887,0.4197,-0.0673,-0.0135,0.0437,0.0437,0.0397,-0.0684,-0.0034,-0.0007,-0.0008,0.3700,0.4067,0.8480,-0.0476,-0.0095,0.0133,missed
2022-02-08,600026.SH,中远海能,水运,1.4776,0.9474,2.2465,19.3491,0.6248,0.0304,0.1383,0.2956,0.2956,0.3075,0.0290,-0.0009,0.0010,0.0002,0.3900,0.4333,0.8400,-0.0343,-0.0158,0.0132,missed
2025-06-11,600026.SH,中远海能,水运,-0.3215,0.1224,1.3465,19.1565,0.3061,-0.1012,-0.2044,0.0675,0.0675,0.0357,-0.1462,0.0005,0.0005,-0.0002,0.4600,0.4833,1.5990,-0.0493,-0.1201,0.0220,high_score
2025-07-07,600026.SH,中远海能,水运,-0.8662,0.0244,1.4727,18.8906,0.3400,0.0270,-0.1170,0.1190,0.1190,0.0913,0.0377,-0.0001,0.0012,0.0001,0.4200,0.4700,1.0978,0.0186,-0.0357,0.0268,high_score
2025-08-18,600026.SH,中远海能,水运,-0.5757,0.1154,1.2418,19.3639,0.2058,-0.0010,-0.1165,0.0813,0.0813,0.1944,-0.0021,-0.0001,0.0000,0.0004,0.4200,0.4300,0.9274,-0.0060,0.0024,0.0230,high_score
2021-05-25,600032.SH,浙江新能,新型电力,3.0538,0.9900,1.7188,16.7045,,,,,,,,0.0017,0.0030,0.0038,0.4711,0.4959,0.6557,,,0.1413,missed
2020-12-30,600039.SH,四川路桥,建筑工程,-0.2761,0.2787,1.0084,17.9001,0.5307,0.0351,0.0676,0.7470,0.8845,0.5737,0.0492,-0.0048,-0.0003,-0.0005,0.3036,0.4132,1.2069,-0.0125,0.0601,0.0190,high_score
2021-01-22,600039.SH,四川路桥,建筑工程,-0.2925,0.2083,1.4438,18.3567,0.5533,0.0637,0.0440,0.7869,0.8705,0.6355,0.0724,0.0015,0.0001,-0.0003,0.4214,0.4180,0.9992,-0.0139,0.0656,0.0202,high_score
2021-02-18,600039.SH,四川路桥,建筑工程,-0.2915,0.2769,1.3312,18.7037,0.4176,-0.0406,0.1376,0.9323,0.9880,0.9402,-0.0452,-0.0024,-0.0005,-0.0007,0.3893,0.4107,1.5753,0.0858,-0.0016,0.0216,high_score
2021-03-01,600039.SH,四川路桥,建筑工程,-0.7224,0.1158,1.0575,18.5070,0.6227,0.0588,0.1918,0.9761,0.9880,0.9880,0.0606,0.0039,0.0004,0.0002,0.5217,0.4251,1.4243,0.0898,0.0383,0.0239,high_score
2022-09-15,600060.SH,海信视像,家用电器,2.2911,0.9286,1.0232,18.5563,0.3874,-0.0568,0.0175,0.2262,0.3095,0.1071,-0.0577,-0.0020,-0.0013,0.0002,0.4708,0.4514,0.9059,-0.0511,0.0164,0.0825,missed
2021-07-28,600062.SH,华润双鹤,化学制药,-0.0608,0.2113,1.4208,17.5762,0.4694,-0.0606,-0.0354,0.0179,0.1151,0.0119,-0.1427,-0.0068,-0.0019,-0.0008,0.3944,0.4639,0.8911,0.0702,0.0589,0.0872,high_score
2021-08-24,600062.SH,华润双鹤,化学制药,0.5860,0.5091,1.9563,18.0617,0.4268,-0.0522,-0.0095,0.1548,0.3095,0.0079,-0.1357,0.0003,-0.0027,-0.0009,0.4861,0.4491,0.9785,0.0320,0.1065,0.0646,missed
2021-09-27,600062.SH,华润双鹤,化学制药,0.0114,0.2500,1.1155,18.1221,0.4444,-0.0200,0.0000,0.4107,0.5615,0.2321,-0.0457,0.0025,-0.0020,-0.0005,0.5333,0.4583,0.9975,-0.0159,0.1027,0.0342,high_score
2021-10-28,600062.SH,华润双鹤,化学制药,0.0860,0.3457,1.3796,17.5318,0.5568,0.0244,-0.0502,0.1329,0.2381,0.0119,0.0460,-0.0021,-0.0002,-0.0011,0.4389,0.4750,0.9021,-0.0145,0.0483,0.0201,high_score
2022-10-20,600066.SH,宇通客车,汽车整车,1.9829,0.8333,1.1697,18.0250,0.3333,-0.1327,-0.0624,0.0218,0.0218,0.0694,-0.1596,-0.0039,-0.0035,0.0011,0.4000,0.4296,0.7108,-0.0107,0.0683,0.0402,missed
2024-01-02,600066.SH,宇通客车,汽车整车,-0.5287,0.1651,1.0799,19.1876,0.6831,-0.0015,-0.1039,0.7052,0.7052,0.5777,-0.0020,-0.0040,-0.0009,-0.0004,0.3333,0.4037,0.9352,0.0865,0.0564,0.1316,high_score
2020-12-31,600089.SH,特变电工,电气设备,-0.8571,0.0964,1.3988,21.1996,0.7061,0.1560,0.3716,0.9921,0.9921,0.9921,0.1346,0.0076,0.0043,0.0029,0.5513,0.5133,1.1048,0.0210,-0.1360,0.1113,high_score
2021-01-19,600089.SH,特变电工,电气设备,-0.6219,0.3333,1.2774,21.2344,0.7906,0.2552,0.3256,0.9921,0.9921,0.9921,0.1821,0.0020,0.0035,0.0030,0.4977,0.5068,1.5647,0.1036,0.0258,0.1207,high_score
2025-05-19,600089.SH,特变电工,电气设备,-0.6466,0.0943,1.3566,19.3084,0.4542,-0.0324,-0.1436,0.1230,0.9921,0.1032,-0.0617,0.0023,-0.0009,-0.0007,0.5160,0.4855,0.7665,-0.0276,0.0394,0.0489,high_score
2025-06-26,600089.SH,特变电工,电气设备,-0.4864,0.2812,1.5320,19.2608,0.4078,-0.0586,-0.0713,0.1746,0.9603,0.1508,-0.1311,0.0020,-0.0011,-0.0007,0.5415,0.4840,0.9934,-0.0323,0.0166,0.0177,high_score
2025-01-10,600095.SH,湘财股份,证券,-0.3791,0.2432,1.0138,18.6993,0.2035,-0.0932,0.0689,0.3056,0.4098,0.3135,-0.0788,-0.0086,-0.0004,0.0022,0.3455,0.4629,0.7133,-0.0153,-0.0512,0.1233,high_score
2020-12-31,600096.SH,云天化,农药化肥,-0.7122,0.1446,3.3163,19.3659,0.7846,0.2238,0.1741,0.9802,0.7004,0.9821,0.2076,0.0011,0.0044,0.0032,0.5033,0.5300,1.1945,0.0473,-0.0476,0.0926,high_score
2021-01-29,600096.SH,云天化,农药化肥,-0.3017,0.2247,3.2695,19.3482,0.8736,0.3236,0.1954,0.9881,0.9881,0.9802,0.2358,0.0047,0.0035,0.0020,0.5583,0.5294,1.2075,0.0279,0.1090,0.1397,high_score
2021-02-02,600096.SH,云天化,农药化肥,-0.3524,0.2683,2.9854,19.3834,0.8423,0.2914,0.2582,0.9841,0.9841,0.9841,0.2078,0.0067,0.0036,0.0025,0.5667,0.5244,1.3015,-0.0317,0.0649,0.1423,high_score
2021-03-26,600096.SH,云天化,农药化肥,-0.7200,0.2353,1.9445,18.9625,0.8014,0.1532,0.3484,0.8651,0.8651,0.8611,0.0755,-0.0029,0.0028,0.0030,0.5000,0.5417,1.6653,-0.1263,0.0057,0.1505,high_score
2021-04-29,600096.SH,云天化,农药化肥,0.6916,0.5851,1.4197,18.9417,0.7073,0.0541,0.4729,0.8373,0.4484,0.7857,0.0286,0.0017,0.0013,0.0029,0.5333,0.5222,0.7392,0.0065,0.0019,0.1253,missed
2021-05-17,600096.SH,云天化,农药化肥,0.2202,0.3594,1.0824,19.5382,0.8557,0.2120,0.5302,0.9643,0.7937,0.8968,0.1168,0.0071,0.0029,0.0029,0.6050,0.5461,0.9823,-0.0483,0.0091,0.1310,high_score
2021-06-04,600096.SH,云天化,农药化肥,-0.0198,0.3043,1.2191,20.1708,0.9035,0.3502,0.8102,0.9881,0.8056,0.9881,0.2234,0.0089,0.0055,0.0039,0.5883,0.5794,2.0146,0.0726,-0.0509,0.1600,high_score
2021-07-08,600096.SH,云天化,农药化肥,-0.8102,0.0909,1.1578,20.5723,0.9177,0.4713,1.1549,0.9246,0.8095,0.9246,0.2727,0.0028,0.0058,0.0045,0.4833,0.5517,1.3648,-0.0361,0.0732,0.2487,high_score
2025-06-03,600096.SH,云天化,农药化肥,1.1006,0.7500,1.0411,19.7204,0.6976,0.0274,-0.0109,0.4841,0.0079,0.4246,0.0402,0.0009,0.0009,0.0005,0.4857,0.4810,0.8163,-0.0432,-0.0170,0.0684,missed
2020-12-23,600111.SH,北方稀土,小金属,1.2662,0.6818,3.2262,21.2073,0.7239,0.1228,0.3541,0.8492,0.8492,0.8175,0.0973,0.0057,0.0053,0.0036,0.5156,0.5177,2.7573,-0.2216,-0.2696,0.0871,missed
2021-01-18,600111.SH,北方稀土,小金属,0.1192,0.4000,2.0262,21.9938,0.8547,0.4119,0.1681,0.9921,0.9921,0.9921,0.2536,0.0095,0.0080,0.0035,0.5719,0.5656,1.5387,0.0172,-0.2433,0.1818,high_score
2021-02-08,600111.SH,北方稀土,小金属,-1.2607,0.0526,1.9326,21.6404,0.8991,0.4288,0.2507,0.9563,0.9563,0.9563,0.1998,0.0008,0.0061,0.0035,0.4813,0.5333,1.8560,0.1634,0.0026,0.2622,high_score
2021-03-24,600111.SH,北方稀土,小金属,-1.5487,0.0625,1.7746,21.7983,0.9817,0.4763,0.5069,0.8571,0.8571,0.8571,0.1800,-0.0094,0.0022,0.0033,0.3875,0.4948,1.2432,0.0503,0.3836,0.3009,high_score
2021-04-29,600111.SH,北方稀土,小金属,-0.0307,0.3723,1.0118,21.8658,0.8333,0.1383,0.8560,0.9206,0.7460,0.7937,0.0627,0.0051,0.0004,0.0046,0.5437,0.4865,0.6417,-0.0307,0.1509,0.1796,high_score
2021-05-19,600111.SH,北方稀土,小金属,0.9376,0.7391,1.1355,21.5754,0.6821,0.0422,0.6949,0.9286,0.7619,0.8016,0.0225,0.0075,0.0007,0.0044,0.5656,0.4979,1.0343,-0.0502,0.0281,0.1350,missed
2021-06-03,600111.SH,北方稀土,小金属,-0.1897,0.2917,1.0764,22.2725,0.6420,0.0509,0.7294,0.9881,0.7937,0.9246,0.0312,0.0035,0.0026,0.0044,0.5406,0.5208,1.3434,0.0411,-0.0960,0.1037,high_score
2024-12-30,600111.SH,北方稀土,小金属,-0.5878,0.1731,1.1395,19.8621,0.6759,0.0557,0.2827,0.8452,0.8452,0.8294,0.0460,-0.0033,-0.0001,0.0016,0.3937,0.4760,0.6268,-0.0027,0.0866,0.1028,high_score
2025-01-27,600111.SH,北方稀土,小金属,-0.3057,0.2931,1.4648,20.0951,0.2211,-0.1084,0.2042,0.7540,0.7579,0.6944,-0.1206,-0.0011,-0.0013,0.0014,0.4844,0.4573,0.6529,-0.0035,-0.0221,0.0837,high_score
2025-02-07,600111.SH,北方稀土,小金属,-0.2368,0.3810,1.1186,21.4506,0.1910,-0.1328,0.3452,0.9206,0.9206,0.9206,-0.1479,0.0033,-0.0015,0.0021,0.5594,0.4542,0.7200,0.0622,-0.0330,0.0769,high_score
2025-04-30,600111.SH,北方稀土,小金属,-0.2478,0.1846,1.1693,20.3786,0.8206,0.1064,-0.0136,0.8492,0.9881,0.6429,0.1279,-0.0029,-0.0003,-0.0008,0.4750,0.4635,0.8694,0.0835,0.1311,0.0174,high_score
2025-05-06,600111.SH,北方稀土,小金属,-0.0917,0.2600,1.1076,21.7890,0.8457,0.1359,0.0302,0.9603,1.0000,0.9127,0.1582,-0.0012,0.0002,-0.0005,0.5062,0.4688,0.8445,0.1106,0.1338,0.0181,high_score
2025-06-10,600111.SH,北方稀土,小金属,0.3459,0.3929,1.1841,21.7156,0.7252,0.0270,0.0660,0.9563,0.9960,0.9325,0.0354,0.0011,-0.0007,-0.0002,0.4719,0.4625,1.0550,-0.0145,0.0766,0.0308,high_score
2025-03-31,600118.SH,中国卫星,航空,-0.3021,0.1917,1.2872,19.3650,0.2274,-0.0950,0.1795,0.6389,0.6429,0.6429,-0.1208,-0.0007,-0.0014,0.0016,0.4219,0.4437,1.4434,0.0047,-0.0040,0.0146,high_score
2025-04-07,600118.SH,中国卫星,航空,-0.0575,0.1781,2.6880,20.0113,0.3350,-0.1080,-0.0344,0.3016,0.3651,0.3135,-0.1294,-0.0086,-0.0024,-0.0007,0.3406,0.4385,1.3870,0.0040,0.0350,0.0079,high_score
2025-05-14,600118.SH,中国卫星,航空,-0.3166,0.1639,2.5100,19.5486,0.5006,-0.0154,-0.1269,0.6905,0.9881,0.6746,-0.0196,0.0036,0.0005,-0.0009,0.4594,0.4594,0.9153,-0.0531,-0.0269,0.0112,high_score
2025-06-25,600118.SH,中国卫星,航空,-0.6832,0.1613,1.8567,19.9844,0.6838,0.0205,-0.0544,0.7460,0.9722,0.7143,0.0267,0.0012,0.0007,0.0001,0.5281,0.4750,1.2325,-0.0182,-0.0057,0.0237,high_score
2025-07-25,600118.SH,中国卫星,航空,-0.4806,0.1852,2.3849,20.3098,0.5910,0.1113,0.1152,0.8552,0.9921,0.8333,0.1681,0.0041,0.0032,0.0013,0.4844,0.5052,1.1705,-0.0549,-0.0877,0.0526,high_score
2025-08-20,600118.SH,中国卫星,航空,-0.1687,0.3704,1.9526,20.6424,0.4216,0.0858,0.0698,0.9286,0.9762,0.9286,0.1439,0.0022,0.0023,0.0013,0.5344,0.5125,1.2689,0.0218,-0.0440,0.0652,high_score
2024-06-24,600126.SH,杭钢股份,普钢,1.4141,0.8810,1.9432,18.2862,0.0594,-0.2964,-0.2207,0.0377,0.8175,0.0397,-0.2767,-0.0052,-0.0021,-0.0006,0.3000,0.4056,0.7427,-0.0555,-0.1773,0.0451,missed
2024-07-01,600126.SH,杭钢股份,普钢,0.8584,0.6346,1.5851,17.8041,0.0909,-0.2306,-0.1824,0.0933,0.8115,0.0933,-0.2330,-0.0040,-0.0016,-0.0003,0.3722,0.4204,0.7340,-0.0394,-0.1365,0.0426,missed
2024-08-01,600126.SH,杭钢股份,普钢,0.5229,0.5667,2.1630,18.1860,0.0946,-0.2610,-0.2069,0.0278,0.7302,0.0278,-0.3204,-0.0012,-0.0020,-0.0005,0.3833,0.3759,0.7594,-0.0781,-0.1457,0.0164,missed
2024-09-30,600126.SH,杭钢股份,普钢,0.9119,0.6102,1.0320,19.5006,0.2191,0.0659,-0.1922,0.4821,0.8532,0.4881,0.0707,0.0103,0.0018,-0.0001,0.5222,0.4000,1.0168,0.0526,-0.0373,-0.0089,missed
2024-11-25,600126.SH,杭钢股份,普钢,1.0564,0.8000,1.3268,18.2354,0.4943,0.1971,-0.1468,0.3135,0.7063,0.3452,0.1591,-0.0018,0.0030,-0.0000,0.3833,0.4741,1.6631,-0.0081,0.0238,0.0297,missed
2024-12-23,600126.SH,杭钢股份,普钢,1.4129,0.8696,1.2338,19.3333,0.5522,0.2595,0.0360,0.4881,0.7937,0.5258,0.1740,0.0028,0.0046,0.0013,0.4889,0.5093,1.0124,0.0069,-0.0245,0.0669,missed
2025-01-08,600126.SH,杭钢股份,普钢,0.6627,0.6591,1.0927,19.2245,0.8656,0.1382,0.1705,0.5833,0.8175,0.6032,0.0955,-0.0018,0.0012,0.0011,0.3778,0.4519,1.2197,0.0844,0.0701,0.0730,missed
2020-12-29,600141.SH,兴发集团,农药化肥,0.1692,0.5082,3.8632,19.0849,0.6106,0.0732,0.1031,0.6429,0.8016,0.5635,0.0680,-0.0015,0.0038,0.0030,0.4483,0.5161,1.3132,-0.0902,-0.1549,0.0897,missed
2021-01-28,600141.SH,兴发集团,农药化肥,0.0869,0.3731,3.1971,19.5958,0.6392,0.0818,0.2038,0.9206,0.9563,0.9127,0.0812,0.0064,0.0041,0.0023,0.5833,0.5406,1.1609,0.0360,-0.1773,0.1381,high_score
2021-02-05,600141.SH,兴发集团,农药化肥,0.1406,0.4054,2.6284,20.0943,0.4418,-0.0758,0.1158,0.8433,0.8710,0.8075,-0.0690,0.0038,0.0026,0.0022,0.5333,0.5161,1.4433,-0.0544,-0.2244,0.1443,high_score
2021-03-31,600141.SH,兴发集团,农药化肥,-0.7456,0.1071,1.7571,19.3880,0.9127,0.2804,0.3741,0.9206,0.9206,0.9167,0.1761,-0.0028,0.0035,0.0036,0.4917,0.5472,1.4089,0.0048,0.0862,0.1484,high_score
2021-04-30,600141.SH,兴发集团,农药化肥,0.9120,0.6593,1.3400,19.2609,0.6975,0.0598,0.1465,0.8016,0.0238,0.7500,0.0366,0.0008,0.0018,0.0030,0.5333,0.5333,0.7607,-0.0380,-0.0315,0.1245,missed
2021-05-18,600141.SH,兴发集团,农药化肥,1.4332,0.7778,1.2812,19.5031,0.7269,0.0926,0.1377,0.9683,0.0278,0.9365,0.0605,0.0078,0.0027,0.0032,0.5883,0.5433,1.0315,-0.1202,-0.1127,0.1330,missed
2021-06-04,600141.SH,兴发集团,农药化肥,0.4326,0.4348,1.1792,19.8245,0.9133,0.3669,0.5313,0.9960,0.2183,0.9960,0.2737,0.0089,0.0055,0.0039,0.5883,0.5794,2.0146,0.0790,-0.0342,0.1600,high_score
2025-04-28,600141.SH,兴发集团,农药化肥,1.4270,0.7442,1.1745,18.9912,0.3212,-0.0612,-0.0962,0.3095,0.0397,0.2738,-0.0814,-0.0004,0.0014,0.0005,0.4929,0.4881,1.0413,-0.0917,-0.1552,0.0539,missed
2025-06-03,600141.SH,兴发集团,农药化肥,0.2682,0.5147,1.1465,18.9068,0.4906,-0.0400,-0.0981,0.3968,0.1508,0.3571,-0.0589,0.0009,0.0009,0.0005,0.4857,0.4810,0.8163,0.0056,-0.0844,0.0684,missed
2024-12-23,600143.SH,金发科技,塑料,0.0867,0.3478,1.7028,19.4921,0.2516,0.1345,0.2264,0.8294,0.8294,0.7540,0.1336,-0.0026,0.0027,0.0014,0.3750,0.4917,0.6843,0.0045,-0.0051,0.1394,high_score
2025-01-08,600143.SH,金发科技,塑料,-0.1136,0.2500,1.7241,19.2930,0.6168,0.0128,0.2484,0.7302,0.7480,0.6310,0.0126,-0.0076,-0.0003,0.0010,0.3000,0.4583,0.9801,-0.0078,0.0468,0.1229,high_score
2020-12-21,600171.SH,上海贝岭,半导体,1.6285,0.8261,1.1254,18.9684,0.1273,-0.1479,-0.1720,0.0238,0.0238,0.0357,-0.1830,0.0035,0.0028,0.0016,0.5404,0.4926,1.3108,-0.1264,-0.5448,0.0970,missed
2021-01-04,600171.SH,上海贝岭,半导体,1.7330,0.8788,1.2902,18.9493,0.1512,-0.1191,-0.2802,0.0278,0.0278,0.0278,-0.1410,0.0014,0.0024,-0.0001,0.5208,0.4991,1.2252,-0.1273,-0.3086,0.1260,missed
2024-01-22,600171.SH,上海贝岭,半导体,3.1441,0.9800,2.7222,18.4439,0.0773,-0.2516,-0.3355,0.0040,0.1706,0.0040,-0.3256,-0.0082,-0.0025,-0.0019,0.3663,0.4212,0.8311,-0.0298,-0.1087,0.0440,missed
2024-02-20,600171.SH,上海贝岭,半导体,2.5900,0.9556,2.2698,18.8855,0.1001,-0.2608,-0.2622,0.0437,0.1746,0.0437,-0.2017,-0.0031,-0.0036,-0.0012,0.4215,0.4075,1.0655,0.0034,-0.0521,0.0311,missed
2024-03-11,600171.SH,上海贝岭,半导体,2.0198,0.9545,1.9603,18.6741,0.1698,-0.1139,-0.1783,0.1508,0.2341,0.1508,-0.0774,0.0123,-0.0011,-0.0008,0.6021,0.4530,1.5803,-0.1558,-0.0288,0.0207,missed
2024-04-10,600171.SH,上海贝岭,半导体,3.4428,0.8333,1.9650,18.2222,0.1825,-0.1152,-0.2627,0.0298,,0.0278,-0.0743,-0.0059,-0.0018,-0.0015,0.3997,0.4493,1.2279,-0.0042,0.0040,0.0092,missed
2024-05-14,600171.SH,上海贝岭,半导体,3.3718,0.9559,2.0947,17.9315,0.3080,0.1250,-0.2351,0.1270,,0.0952,0.1027,0.0026,0.0034,-0.0015,0.4824,0.4955,0.8105,-0.0174,-0.0855,0.0229,missed
2024-06-04,600171.SH,上海贝岭,半导体,0.2256,0.3590,1.3174,21.1230,0.8862,0.2127,0.0184,0.6627,,0.5992,0.1612,-0.0001,-0.0007,-0.0012,0.4472,0.4524,1.0405,0.2771,0.2607,0.0320,high_score
2025-06-18,600176.SH,中国巨石,玻璃,-0.0368,0.2128,1.1879,18.5803,0.3312,-0.1074,-0.0539,0.4127,0.7698,0.1885,-0.1898,-0.0022,-0.0012,-0.0001,0.4125,0.4625,1.0074,-0.0412,-0.0399,0.0519,high_score
2025-07-29,600176.SH,中国巨石,玻璃,0.0835,0.2353,1.7500,20.0354,0.4956,0.0810,0.1221,0.9325,0.9325,0.9325,0.1366,0.0130,0.0068,0.0039,0.5750,0.5375,2.4374,-0.2310,-0.4436,0.1048,high_score
2025-08-01,600176.SH,中国巨石,玻璃,0.0191,0.3774,2.0281,19.5601,0.4868,0.0292,0.1047,0.8988,0.9048,0.8810,0.0492,0.0092,0.0055,0.0033,0.5250,0.5167,2.5998,-0.1910,-0.3757,0.1124,high_score
2024-12-05,600183.SH,生益科技,元器件,-0.4143,0.1429,1.6568,19.4068,0.4516,0.1986,0.0481,0.8770,0.8929,0.8175,0.1586,-0.0004,0.0055,0.0028,0.4576,0.4993,1.5427,-0.0367,-0.1517,0.1407,high_score
2025-01-02,600183.SH,生益科技,元器件,-0.9479,0.0779,1.3258,20.3929,0.8957,0.1516,0.1671,0.9484,0.9524,0.9286,0.1312,0.0002,0.0018,0.0029,0.4880,0.4891,0.8771,0.1071,0.0636,0.1714,high_score
2025-03-19,600183.SH,生益科技,元器件,0.3008,0.4750,1.2579,21.6474,0.8681,0.1966,0.6690,0.8730,0.8730,0.8730,0.1118,0.0013,0.0030,0.0048,0.4978,0.5069,1.3791,-0.1884,0.0167,0.1235,high_score
2025-04-16,600183.SH,生益科技,元器件,1.4592,0.6957,2.3212,20.5860,0.1242,-0.1119,0.1225,0.6071,0.0119,0.4683,-0.0634,-0.0105,-0.0000,0.0007,0.3815,0.4884,0.8950,-0.1039,-0.0893,0.1036,missed
2025-05-14,600183.SH,生益科技,元器件,-0.0003,0.2295,1.4418,21.2178,0.3112,-0.0618,0.2469,0.8492,0.2619,0.8016,-0.0398,0.0038,-0.0006,0.0004,0.4989,0.4772,0.8341,0.1150,0.0005,0.0900,high_score
2025-06-18,600183.SH,生益科技,元器件,0.5275,0.4894,1.0949,21.2434,0.8256,0.0535,0.2606,0.9325,0.4921,0.9444,0.0394,0.0020,-0.0013,0.0009,0.4783,0.4605,0.8839,0.0630,0.1448,0.0495,high_score
2025-08-15,600183.SH,生益科技,元器件,0.1771,0.4545,1.2592,21.9217,0.9624,0.6536,0.3085,1.0000,0.9405,1.0000,0.4018,0.0050,0.0044,0.0010,0.5054,0.5098,1.3693,0.1282,0.3410,0.0998,high_score
2020-12-04,600188.SH,兖矿能源,煤炭开采,-0.1290,0.2414,1.2062,19.7089,0.8475,0.1940,0.2688,0.9722,0.9127,0.9524,0.1959,0.0041,0.0016,0.0021,0.5143,0.4583,1.3612,0.1149,0.0971,0.0535,high_score
2021-01-29,600188.SH,兖矿能源,煤炭开采,-0.0006,0.4045,1.7639,19.2048,0.3764,-0.0616,-0.0616,0.2361,0.1270,0.2063,-0.0564,-0.0071,-0.0006,-0.0003,0.4036,0.4869,1.0202,-0.0024,-0.0071,0.0488,high_score
2021-02-03,600188.SH,兖矿能源,煤炭开采,-0.0338,0.4286,1.8421,18.4770,0.3949,-0.0773,-0.0570,0.1647,0.0992,0.1885,-0.0713,-0.0072,-0.0013,-0.0003,0.3893,0.4726,0.9587,-0.0030,0.0130,0.0472,high_score
2021-05-31,600188.SH,兖矿能源,煤炭开采,-0.0095,0.4167,1.4027,19.2343,0.8434,0.1888,0.1919,0.9048,0.9048,0.8730,0.1013,0.0023,0.0038,0.0017,0.5071,0.5179,2.2007,-0.0794,-0.0462,0.0907,high_score
2021-06-30,600188.SH,兖矿能源,煤炭开采,-0.1110,0.4167,1.7813,19.7359,0.7294,0.1610,0.5314,0.9802,0.9802,0.9762,0.0998,0.0022,0.0044,0.0024,0.4750,0.5250,1.0452,0.0528,-0.1264,0.1304,high_score
2021-11-17,600188.SH,兖矿能源,煤炭开采,0.4419,0.4231,1.0370,19.8701,0.9278,0.2999,0.6581,0.8056,0.8056,0.7857,0.1040,-0.0117,0.0004,0.0023,0.3571,0.4829,0.7916,-0.0327,0.3307,0.1512,high_score
2021-12-09,600188.SH,兖矿能源,煤炭开采,0.2255,0.5263,1.5002,20.9049,0.1328,-0.1481,0.5105,0.7837,0.7837,0.7718,-0.0558,0.0027,-0.0029,0.0019,0.4964,0.4595,0.5403,-0.0621,0.0475,0.1233,missed
2022-01-07,600188.SH,兖矿能源,煤炭开采,0.1728,0.5135,1.2677,20.5713,0.0689,-0.1750,0.5010,0.7381,0.7381,0.7262,-0.0819,0.0003,-0.0018,0.0022,0.4536,0.4536,1.1870,0.0083,-0.0465,0.0497,missed
2025-04-30,600219.SH,南山铝业,铝,1.0726,0.6846,1.0306,19.5968,0.1982,-0.1010,-0.1226,0.2401,0.0655,0.0694,-0.1451,-0.0061,-0.0019,-0.0006,0.3600,0.4100,0.9741,0.0738,0.0225,0.0246,missed
2025-05-28,600219.SH,南山铝业,铝,1.3180,0.6970,1.0161,19.2015,0.6437,-0.0080,-0.0460,0.3254,0.1250,0.1448,-0.0118,-0.0001,-0.0010,-0.0000,0.4300,0.4400,0.8996,0.0793,0.0657,0.0169,missed
2021-08-20,600233.SH,圆通速递,仓储物流,0.7107,0.5294,1.1001,18.6178,0.1978,-0.1698,-0.2043,0.0317,0.0317,0.0317,-0.2840,-0.0004,-0.0009,-0.0007,0.4929,0.4310,0.8668,-0.0157,-0.1065,0.0830,missed
2020-12-07,600295.SH,鄂尔多斯,特种钢,-0.6996,0.0833,2.1221,20.2172,0.9439,0.3592,0.7121,1.0000,0.8333,0.9960,0.2675,0.0049,0.0026,0.0029,0.4875,0.4792,1.8859,0.1833,0.2032,0.0508,high_score
2021-01-21,600295.SH,鄂尔多斯,特种钢,-0.5069,0.1000,1.6346,19.7029,0.8519,0.3841,0.4963,1.0000,0.9524,0.9960,0.2012,0.0097,0.0052,0.0029,0.5125,0.5167,1.1067,-0.0726,0.0315,0.0723,high_score
2021-02-01,600295.SH,鄂尔多斯,特种钢,-0.3806,0.2712,1.6591,19.2800,0.8054,0.2406,0.0998,0.9365,0.8056,0.9246,0.1135,0.0049,0.0043,0.0019,0.5000,0.5083,1.4403,-0.0817,-0.0368,0.0882,high_score
2024-02-07,600316.SH,洪都航空,航空,0.9246,0.7442,1.2610,19.2043,0.1496,-0.2603,-0.2328,0.0397,0.0397,0.0397,-0.2224,-0.0022,-0.0034,-0.0018,0.4031,0.3937,1.1857,-0.0304,-0.0615,-0.0034,missed
2024-06-26,600316.SH,洪都航空,航空,1.1170,0.8276,1.0904,17.9188,0.4589,-0.0511,-0.1928,0.0516,0.7500,0.0516,-0.0424,-0.0008,0.0004,-0.0001,0.4969,0.4854,0.7670,-0.0666,-0.0608,0.0540,missed
2024-07-08,600316.SH,洪都航空,航空,1.2289,0.9167,1.1415,18.4164,0.4224,-0.1179,-0.2577,0.0159,0.7063,0.0159,-0.1027,-0.0035,-0.0002,-0.0005,0.4094,0.4656,0.7546,-0.0618,-0.0969,0.0557,missed
2022-08-25,600329.SH,达仁堂,中成药,2.6270,0.8276,1.4180,17.4276,0.5707,0.0386,-0.1647,0.2044,0.2044,0.1488,0.0411,-0.0019,-0.0002,-0.0010,0.3875,0.4417,0.6804,0.0310,0.0574,0.0399,missed
2022-09-09,600329.SH,达仁堂,中成药,1.5832,0.7714,1.0350,17.4813,0.5871,0.0004,-0.0075,0.3710,0.3234,0.2758,0.0005,-0.0011,-0.0012,-0.0006,0.4167,0.4208,0.7135,0.1076,0.0753,0.0340,missed
2020-12-03,600348.SH,华阳股份,煤炭开采,0.0924,0.6071,1.6848,19.1203,0.8000,0.1324,0.2773,0.9147,0.9683,0.9286,0.1312,0.0044,0.0018,0.0021,0.5286,0.4655,1.3157,0.0184,0.0248,0.0538,missed
2021-01-29,600348.SH,华阳股份,煤炭开采,-0.0048,0.3933,1.3434,18.4898,0.4915,-0.0164,-0.0184,0.4127,0.5198,0.5159,-0.0123,-0.0071,-0.0006,-0.0003,0.4036,0.4869,1.0202,-0.0115,0.0381,0.0488,high_score
2021-02-01,600348.SH,华阳股份,煤炭开采,0.0240,0.4237,1.4544,18.3871,0.4830,-0.0143,-0.0164,0.4405,0.5397,0.5397,-0.0108,-0.0075,-0.0005,-0.0002,0.3964,0.4881,1.0029,-0.0210,0.0318,0.0485,high_score
2021-03-05,600348.SH,华阳股份,煤炭开采,-0.0674,0.3182,1.2068,18.7963,0.3669,-0.0668,0.0567,0.7242,0.7282,0.7143,-0.0523,0.0058,-0.0002,0.0008,0.5214,0.4845,0.6818,-0.0639,-0.0330,0.0345,high_score
2021-04-29,600348.SH,华阳股份,煤炭开采,0.4564,0.4894,1.0676,19.3308,0.7997,0.1103,0.1811,0.9722,0.9921,0.9444,0.1211,0.0072,0.0038,0.0022,0.5750,0.5095,0.9439,-0.0202,-0.1355,0.0463,high_score
2021-05-18,600348.SH,华阳股份,煤炭开采,1.0288,0.6667,1.0872,18.6730,0.9020,0.2779,0.1384,0.9643,0.9762,0.9524,0.2626,0.0088,0.0063,0.0023,0.5643,0.5429,1.5816,-0.0893,-0.1599,0.0754,missed
2025-04-09,600362.SH,江西铜业,铜,0.5846,0.3500,1.8521,20.3721,0.4642,-0.0319,-0.1264,0.0714,0.0238,0.0397,-0.0405,-0.0061,-0.0013,-0.0010,0.4313,0.4688,1.4181,0.0407,0.0544,0.0186,high_score
2025-05-16,600362.SH,江西铜业,铜,0.4282,0.5273,1.6765,19.4298,0.7001,0.0197,-0.0132,0.5040,0.1746,0.1310,0.0246,0.0025,-0.0001,-0.0001,0.5000,0.4833,0.9064,-0.0208,0.0320,0.0159,missed
2025-06-03,600362.SH,江西铜业,铜,0.1938,0.4706,1.8922,19.3919,0.6851,0.0248,0.0190,0.4742,0.1310,0.1071,0.0308,0.0018,0.0006,0.0002,0.5089,0.5009,0.6481,-0.0254,0.0020,0.0196,high_score
2025-07-18,600362.SH,江西铜业,铜,-0.5309,0.0750,1.0642,20.2759,0.6073,0.0782,0.0983,0.9345,0.7837,0.7599,0.1319,0.0039,0.0021,0.0008,0.6188,0.5176,1.4559,0.0135,-0.0439,0.0279,high_score
2025-08-04,600362.SH,江西铜业,铜,-0.5795,0.1029,1.1187,19.9230,0.5370,0.0548,0.0432,0.8016,0.5833,0.7183,0.0818,0.0018,0.0024,0.0009,0.5375,0.5342,1.5792,-0.0585,-0.0892,0.0373,high_score
2024-07-02,600363.SH,联创光电,元器件,0.7892,0.5870,1.3208,18.0280,0.5265,-0.0469,-0.1354,0.0675,0.0119,0.0437,-0.0389,-0.0000,0.0001,0.0002,0.4685,0.4710,1.1634,-0.0316,-0.0641,0.0804,missed
2024-08-29,600363.SH,联创光电,元器件,1.0521,0.6389,1.4102,18.2392,0.4325,-0.1380,-0.1853,0.0397,0.0278,0.0317,-0.1203,-0.0024,-0.0004,0.0001,0.4641,0.4598,0.8836,-0.0735,-0.1215,0.0894,missed
2024-09-04,600363.SH,联创光电,元器件,1.0178,0.5667,1.4422,17.9607,0.4471,-0.1328,-0.1896,0.0516,0.0397,0.0476,-0.1121,0.0013,-0.0002,0.0000,0.4902,0.4587,0.9114,-0.1271,-0.1382,0.0911,missed
2024-10-11,600363.SH,联创光电,元器件,0.1178,0.4667,1.1519,19.5211,0.1247,-0.0346,-0.0205,0.2143,0.1825,0.1746,-0.0259,0.0084,0.0018,0.0021,0.5043,0.4710,1.6737,-0.0894,-0.1263,0.0883,high_score
2020-12-25,600392.SH,盛和资源,小金属,0.1769,0.5405,1.7833,20.1813,0.8312,0.2702,0.2251,0.8889,0.9405,0.8333,0.2264,0.0091,0.0067,0.0038,0.5500,0.5333,2.5031,-0.1986,-0.2529,0.0947,missed
2021-01-04,600392.SH,盛和资源,小金属,0.1535,0.5152,1.1392,20.3238,0.8459,0.3008,0.0478,0.9683,0.9762,0.9147,0.2207,0.0114,0.0072,0.0029,0.5656,0.5396,1.8949,-0.2813,-0.2757,0.1195,missed
2024-11-28,600392.SH,盛和资源,小金属,-0.0485,0.3000,1.2410,19.4805,0.8327,0.4993,0.2154,0.9167,0.9206,0.9048,0.3254,0.0016,0.0050,0.0009,0.4781,0.5219,1.9072,-0.0324,0.1847,0.0661,high_score
2024-12-31,600392.SH,盛和资源,小金属,1.0759,0.8200,1.1812,18.9880,0.6394,-0.0401,0.2583,0.7500,0.7937,0.6905,-0.0308,-0.0046,-0.0016,0.0013,0.3844,0.4604,0.5960,-0.0307,0.0740,0.1007,missed
2025-01-02,600392.SH,盛和资源,小金属,1.5409,0.8442,1.2688,19.1477,0.6922,0.0151,0.2651,0.6806,0.7599,0.6270,0.0121,-0.0053,-0.0005,0.0013,0.3688,0.4615,0.5719,-0.0375,0.0649,0.0992,missed
2025-02-14,600392.SH,盛和资源,小金属,1.1381,0.7317,1.0065,19.1879,0.2399,-0.1324,0.4300,0.8413,0.8492,0.8294,-0.1544,0.0021,-0.0022,0.0020,0.5062,0.4458,0.8400,0.0440,0.0021,0.0636,missed
2025-04-30,600392.SH,盛和资源,小金属,0.5168,0.4231,1.4022,19.5646,0.5596,-0.0075,-0.1502,0.5873,1.0000,0.3095,-0.0088,-0.0029,-0.0003,-0.0008,0.4750,0.4635,0.8694,0.0221,0.0172,0.0174,high_score
2025-05-06,600392.SH,盛和资源,小金属,-0.1844,0.2400,1.2511,20.8465,0.7428,0.0689,-0.0849,0.9167,1.0000,0.5278,0.0742,-0.0012,0.0002,-0.0005,0.5062,0.4688,0.8445,0.0951,0.0667,0.0181,high_score
2022-08-08,600415.SH,小商品城,商品城,-0.1195,0.3846,1.0040,18.4425,0.2143,-0.0624,0.0377,0.6409,0.0516,0.5119,-0.0694,-0.0054,-0.0009,0.0006,0.4000,0.4667,1.3215,0.0000,0.0000,0.0714,high_score
2024-08-21,600415.SH,小商品城,商品城,0.6538,0.5000,1.1546,19.1848,0.8411,0.0013,-0.0199,0.4345,0.1944,0.2778,0.0014,0.0044,0.0002,0.0000,0.4000,0.4000,0.6525,0.0000,0.0000,-0.0999,high_score
2024-09-02,600415.SH,小商品城,商品城,-0.0431,0.2459,1.2079,19.6373,0.8411,-0.0059,-0.0313,0.6746,0.3016,0.6508,-0.0072,0.0053,0.0001,-0.0001,0.5500,0.4500,0.8319,0.0000,0.0000,-0.0950,high_score
2025-06-03,600426.SH,华鲁恒升,农药化肥,0.8162,0.7059,1.0013,19.2417,0.5809,-0.0081,-0.0599,0.1548,0.0556,0.0476,-0.0122,0.0009,0.0009,0.0005,0.4857,0.4810,0.8163,0.0003,-0.0525,0.0684,missed
2020-12-09,600438.SH,通威股份,电气设备,0.7326,0.5909,1.1898,21.6461,0.8345,0.1830,0.9126,0.8492,0.8492,0.7937,0.1054,0.0017,0.0024,0.0032,0.4786,0.4892,1.1239,-0.1650,0.0382,0.1103,missed
2020-12-01,600460.SH,士兰微,半导体,0.9645,0.7600,2.6892,19.4046,0.4058,-0.0357,0.1111,0.5640,0.7376,0.5558,-0.0362,0.0026,0.0022,0.0021,0.4906,0.4938,2.7517,-0.0109,-0.0760,0.0531,missed
2021-01-22,600460.SH,士兰微,半导体,0.4338,0.3333,1.3469,21.2735,0.9502,0.7231,0.4760,0.9587,0.9587,0.9587,0.4065,0.0034,0.0033,0.0013,0.5333,0.5209,1.2676,0.0712,0.5201,0.1508,high_score
2021-02-03,600460.SH,士兰微,半导体,-0.0005,0.4524,1.9865,20.7916,0.8693,0.3420,0.1751,0.8802,0.8802,0.8802,0.1835,-0.0038,-0.0008,0.0003,0.4591,0.4850,1.2819,-0.1605,0.4004,0.1562,high_score
2021-03-26,600460.SH,士兰微,半导体,-0.5944,0.3529,1.3031,20.4005,0.5620,0.0236,0.3588,0.8223,0.1405,0.8140,0.0117,-0.0056,-0.0026,-0.0002,0.4167,0.4657,0.6480,-0.0035,0.1864,0.0873,high_score
2021-01-28,600483.SH,福能股份,新型电力,-1.2169,0.0746,1.3610,16.7881,0.5284,0.0183,-0.1929,0.3591,0.3591,0.3155,0.0303,0.0078,0.0053,0.0015,0.5042,0.4847,2.8742,-0.1038,-0.3097,0.1190,high_score
2025-05-27,600487.SH,亨通光电,通信设备,0.1275,0.4324,1.8736,19.4988,0.3463,-0.1066,-0.1093,0.2183,0.0119,0.0357,-0.1192,0.0019,-0.0022,-0.0001,0.4841,0.4598,0.9902,-0.0582,0.0292,0.0329,high_score
2025-06-17,600487.SH,亨通光电,通信设备,0.5095,0.4697,2.1967,19.4968,0.3212,-0.1145,-0.1681,0.2262,0.0218,0.0456,-0.1367,0.0029,-0.0006,0.0002,0.5341,0.4818,1.1936,-0.0759,-0.0606,0.0245,high_score
2025-07-22,600487.SH,亨通光电,通信设备,-0.2350,0.3056,2.7143,20.7202,0.3714,0.0401,0.0421,0.6270,0.2381,0.5119,0.0611,0.0052,0.0031,0.0009,0.5295,0.5167,1.2791,-0.0452,-0.1685,0.0593,high_score
2025-08-18,600487.SH,亨通光电,通信设备,-0.1483,0.3462,2.8790,21.3759,0.7553,0.2110,0.0694,0.9127,0.3492,0.8373,0.2723,0.0064,0.0047,0.0012,0.5682,0.5492,1.2906,-0.0025,-0.1463,0.1128,high_score
2025-04-30,600489.SH,中金黄金,黄金,0.4026,0.3692,1.2603,20.6973,0.7051,0.0381,-0.0395,0.4841,0.0079,0.2163,0.0360,0.0043,0.0041,0.0017,0.4700,0.5100,1.7210,-0.0904,-0.2163,0.0670,high_score
2025-05-21,600489.SH,中金黄金,黄金,1.1287,0.7105,1.1984,20.7607,0.8105,0.0753,0.0861,0.5456,0.1111,0.3611,0.0714,-0.0007,0.0039,0.0026,0.4500,0.5000,1.5177,-0.0067,-0.1562,0.0760,missed
2025-06-05,600489.SH,中金黄金,黄金,0.8110,0.7667,1.3551,19.8774,0.8971,0.1219,0.1157,0.5754,0.1587,0.4127,0.1140,-0.0011,0.0036,0.0023,0.4300,0.5100,0.9159,0.0164,-0.0950,0.0867,missed
2025-07-09,600489.SH,中金黄金,黄金,0.2036,0.3871,1.0610,20.6708,0.2811,-0.0122,0.1042,0.4762,0.0714,0.5833,-0.0137,-0.0046,-0.0002,0.0018,0.3700,0.4533,0.8182,0.0532,0.0219,0.0829,high_score
2025-05-22,600498.SH,烽火通信,通信设备,0.0435,0.4412,1.0385,19.2688,0.0402,-0.2812,0.0899,0.7302,0.1389,0.6905,-0.2434,0.0022,-0.0022,-0.0006,0.4773,0.4591,0.9174,-0.1067,-0.1450,0.0367,high_score
2025-06-12,600498.SH,烽火通信,通信设备,0.0997,0.4000,1.8207,19.3894,0.1694,-0.1507,0.1160,0.7024,0.1627,0.6587,-0.1568,0.0009,-0.0004,0.0001,0.4955,0.4879,1.1625,-0.0834,-0.1024,0.0260,high_score
2025-07-10,600498.SH,烽火通信,通信设备,0.1686,0.2941,1.5666,20.1221,0.3300,0.0014,0.1623,0.8016,0.3651,0.7619,0.0017,0.0031,0.0027,0.0010,0.5364,0.5106,1.2574,-0.0119,-0.1733,0.0394,high_score
2025-08-13,600498.SH,烽火通信,通信设备,0.1479,0.3061,1.2071,21.3080,0.8269,0.2119,-0.0888,0.9722,0.5794,0.9405,0.2679,0.0071,0.0043,0.0014,0.5659,0.5318,1.2598,0.0321,-0.1101,0.1018,high_score
2020-12-17,600499.SH,科达制造,专用机械,0.6996,0.6471,1.7958,19.4068,0.9656,0.5592,0.5855,1.0000,1.0000,1.0000,0.4981,0.0023,0.0016,0.0023,0.4954,0.4877,1.2520,0.3543,0.4470,0.0993,missed
2021-02-05,600499.SH,科达制造,专用机械,0.2733,0.4595,1.5461,20.3260,0.9872,0.7871,0.7911,0.9167,0.8895,0.9167,0.3407,-0.0031,0.0005,0.0012,0.4278,0.4795,1.5635,-0.0467,0.7472,0.1248,high_score
2021-03-02,600499.SH,科达制造,专用机械,0.0710,0.4143,2.1515,19.1402,0.9645,0.5366,0.8281,0.8770,0.8465,0.8770,0.2176,-0.0024,0.0011,0.0011,0.4806,0.4991,1.1341,-0.0677,0.4759,0.1250,high_score
2021-09-28,600522.SH,中天科技,通信设备,1.2860,0.7959,1.5667,20.2026,0.2936,-0.0769,-0.1914,0.1448,0.1448,0.1448,-0.0451,-0.0011,0.0009,0.0002,0.4725,0.4883,0.9201,0.1544,-0.1123,0.0530,missed
2021-10-18,600522.SH,中天科技,通信设备,1.8397,0.8800,1.7649,19.5627,0.2250,-0.1284,-0.1746,0.1468,0.1468,0.1468,-0.0694,-0.0023,-0.0001,0.0002,0.4425,0.4783,0.8038,0.0324,-0.1049,0.0520,missed
2021-11-01,600522.SH,中天科技,通信设备,0.0591,0.5000,1.1439,19.9513,0.9466,0.5275,0.0881,0.8472,0.5675,0.5952,0.3056,-0.0001,-0.0006,0.0005,0.4725,0.4717,0.7628,0.2894,0.5550,0.0492,high_score
2025-06-04,600522.SH,中天科技,通信设备,-0.1210,0.2593,1.2277,20.0952,0.4103,-0.0605,-0.1887,0.1131,0.4405,0.0238,-0.0735,0.0015,-0.0009,-0.0003,0.4841,0.4758,1.0894,-0.0884,0.0108,0.0302,high_score
2025-07-21,600522.SH,中天科技,通信设备,-0.1047,0.3077,1.1937,20.8297,0.3701,0.0315,0.0450,0.6310,0.8690,0.5317,0.0541,0.0056,0.0032,0.0010,0.5386,0.5167,1.2742,-0.0715,-0.1967,0.0568,high_score
2025-08-13,600522.SH,中天科技,通信设备,0.1967,0.3673,1.9817,21.0714,0.5257,0.0728,0.0604,0.7341,0.9127,0.7262,0.1231,0.0071,0.0043,0.0014,0.5659,0.5318,1.2598,-0.1034,-0.2493,0.1018,high_score
2022-03-17,600536.SH,中国软件,软件服务,0.9289,0.6087,1.0881,19.5676,0.3468,-0.1939,-0.2285,0.0119,0.0119,0.0437,-0.1721,-0.0028,-0.0024,-0.0008,0.4332,0.4373,1.0580,-0.0533,-0.0521,0.0396,missed
2022-04-19,600536.SH,中国软件,软件服务,0.9400,0.8571,1.1230,19.2630,0.2109,-0.2702,-0.2387,0.0278,0.0040,0.0040,-0.2139,-0.0051,-0.0036,-0.0016,0.3796,0.4143,0.8275,0.0250,-0.0710,0.0287,missed
2022-05-17,600536.SH,中国软件,软件服务,0.3018,0.4615,1.5589,19.5888,0.5067,-0.1453,-0.2876,0.0972,0.0754,0.0595,-0.1015,-0.0021,-0.0036,-0.0023,0.4278,0.4078,0.7906,0.1137,0.0576,0.0127,high_score
2024-02-20,600536.SH,中国软件,软件服务,0.2755,0.3778,1.0056,20.1623,0.1774,-0.2136,-0.4439,0.0675,0.0833,0.0675,-0.1384,-0.0024,-0.0039,-0.0019,0.4611,0.4068,1.0335,0.0448,0.0074,0.0284,high_score
2021-11-19,600546.SH,山煤国际,煤炭开采,1.3272,0.8929,1.3546,20.1110,0.6435,0.0628,0.2531,0.6667,0.7698,0.2381,0.0247,-0.0095,0.0014,0.0024,0.3893,0.4989,0.7098,-0.0340,0.0367,0.1492,missed
2021-12-29,600546.SH,山煤国际,煤炭开采,1.1370,0.7838,1.3612,19.6384,0.0041,-0.3312,0.1676,0.7143,0.7619,0.3849,-0.2029,0.0034,-0.0028,0.0022,0.4750,0.4500,0.9360,-0.0349,-0.1502,0.0687,missed
2022-01-12,600546.SH,山煤国际,煤炭开采,1.3707,0.9167,1.2914,19.4371,0.0175,-0.2912,0.1167,0.7659,0.7778,0.4563,-0.2202,0.0023,-0.0032,0.0021,0.4786,0.4417,1.2502,-0.0016,-0.0942,0.0413,missed
2025-04-08,600549.SH,厦门钨业,小金属,0.9494,0.5185,1.2901,20.1751,0.5245,-0.0307,-0.0881,0.3095,0.5357,0.0079,-0.0408,-0.0065,-0.0002,-0.0005,0.3625,0.4708,1.4956,0.0187,-0.0120,0.0149,missed
2025-05-08,600549.SH,厦门钨业,小金属,0.9002,0.7941,2.5125,19.2292,0.3576,-0.0599,-0.1180,0.4206,0.4563,0.0437,-0.0839,0.0040,-0.0002,-0.0009,0.5563,0.4646,0.8019,-0.0148,-0.0376,0.0192,missed
2025-06-26,600549.SH,厦门钨业,小金属,-0.5965,0.2188,1.8207,20.2893,0.8193,0.0733,0.0578,0.9563,0.8135,0.6429,0.0922,0.0032,0.0004,0.0004,0.5312,0.4958,1.1880,0.0306,0.0578,0.0305,high_score
2025-07-01,600549.SH,厦门钨业,小金属,-0.9225,0.0690,1.7331,20.2145,0.7779,0.0728,0.0653,0.9306,0.7758,0.7024,0.0920,0.0037,0.0010,0.0007,0.5344,0.5094,1.1984,-0.0132,0.0206,0.0308,high_score
2024-02-05,600562.SH,国睿科技,通信设备,1.7649,0.9254,1.0778,18.5387,0.1952,-0.3150,-0.3844,0.0040,0.0040,0.0040,-0.3551,-0.0053,-0.0033,-0.0020,0.4095,0.4111,0.8727,-0.1367,-0.1365,0.0349,missed
2024-09-27,600562.SH,国睿科技,通信设备,0.2713,0.3600,1.2278,18.3357,0.5743,0.0684,0.0078,0.6984,0.5079,0.5040,0.0756,0.0085,0.0013,0.0000,0.5682,0.4742,0.8632,-0.0656,0.0014,0.0198,high_score
2020-12-01,600563.SH,法拉电子,元器件,1.2177,0.8000,1.3240,19.6045,0.9137,0.3132,0.5843,0.9127,0.9127,0.8651,0.2415,0.0027,0.0006,0.0020,0.5162,0.4873,1.2240,-0.1235,0.2846,0.0757,missed
2021-01-28,600563.SH,法拉电子,元器件,1.2693,0.8060,1.0214,19.3852,0.6605,0.0928,0.6307,0.9127,0.9127,0.9127,0.0618,0.0024,0.0009,0.0004,0.5138,0.4901,1.3209,-0.0602,0.0606,0.0689,missed
2021-02-23,600563.SH,法拉电子,元器件,1.4834,0.8980,1.5276,19.1303,0.4730,-0.0203,0.5414,0.7639,0.7639,0.7560,-0.0127,-0.0025,0.0005,0.0003,0.4628,0.4889,2.0971,-0.0602,-0.0301,0.0734,missed
2021-03-12,600563.SH,法拉电子,元器件,1.6489,0.8000,1.3816,18.6498,0.4929,-0.0153,0.4375,0.7440,0.7440,0.7361,-0.0097,-0.0003,-0.0006,0.0004,0.4830,0.4769,1.5671,-0.0800,0.0475,0.0708,missed
2024-06-27,600580.SH,卧龙电驱,电气设备,0.5467,0.5556,1.5959,19.3797,0.0607,-0.2448,0.0509,0.4127,0.8413,0.4167,-0.1458,-0.0054,-0.0007,0.0000,0.3766,0.4369,1.0512,-0.0339,-0.1971,0.0810,missed
2024-07-23,600580.SH,卧龙电驱,电气设备,1.5570,0.8500,1.0712,19.0413,0.0567,-0.2789,0.0468,0.1012,0.7500,0.1786,-0.2300,-0.0014,-0.0012,-0.0001,0.4521,0.4344,0.8466,-0.0645,-0.2044,0.0737,missed
2024-08-23,600580.SH,卧龙电驱,电气设备,1.9592,0.8710,1.2277,18.7505,0.2081,-0.2243,-0.0536,0.0675,0.6468,0.0992,-0.2339,-0.0040,-0.0030,-0.0009,0.3511,0.4032,0.9391,0.0018,-0.0544,0.0402,missed
2024-09-04,600580.SH,卧龙电驱,电气设备,2.1518,0.9333,1.2107,18.5396,0.1977,-0.2125,-0.1506,0.0992,0.6349,0.1032,-0.2030,-0.0007,-0.0016,-0.0009,0.4426,0.4337,0.8793,-0.0977,-0.1154,0.0332,missed
2024-10-17,600580.SH,卧龙电驱,电气设备,0.6032,0.5484,1.1433,19.6599,0.2670,0.0009,-0.1921,0.4782,0.7579,0.4762,0.0006,0.0093,0.0024,0.0005,0.5064,0.4535,1.5713,-0.0528,-0.1154,0.0354,missed
2024-11-18,600580.SH,卧龙电驱,电气设备,-0.2160,0.3696,1.1046,20.3732,0.6675,0.2789,-0.0625,0.8175,0.9048,0.7897,0.1685,0.0025,0.0048,0.0011,0.4947,0.4883,2.6021,0.0569,-0.0058,0.0729,high_score
2024-12-24,600580.SH,卧龙电驱,电气设备,-0.1385,0.2308,3.1553,20.2999,0.8805,0.5558,0.3547,0.9683,0.9921,0.9643,0.3110,0.0016,0.0048,0.0022,0.4915,0.5067,0.7321,0.1626,0.2609,0.1286,high_score
2025-01-23,600580.SH,卧龙电驱,电气设备,0.0143,0.2647,2.0327,21.9654,0.9698,0.4395,0.6827,0.9881,0.9881,0.9881,0.2461,-0.0025,-0.0009,0.0019,0.4234,0.4589,0.9165,0.1991,0.4948,0.1190,high_score
2025-04-23,600580.SH,卧龙电驱,电气设备,1.0939,0.7143,1.3713,21.9228,0.9310,0.2234,0.8039,0.8373,0.8373,0.8373,0.0989,-0.0054,-0.0012,-0.0011,0.4585,0.4734,0.8581,-0.0341,0.3096,0.0572,missed
2025-05-30,600580.SH,卧龙电驱,电气设备,0.1226,0.4615,1.3520,20.5788,0.3149,-0.0962,0.6357,0.7222,0.5278,0.6944,-0.0560,-0.0000,-0.0021,-0.0009,0.4468,0.4560,0.8590,-0.0408,0.0353,0.0367,high_score
2024-04-18,600601.SH,方正科技,元器件,2.0913,1.0000,1.0819,18.0239,0.0976,-0.1471,-0.2468,0.0319,,0.0300,-0.0937,-0.0046,0.0007,0.0002,0.3855,0.4667,1.3105,-0.0426,-0.1600,0.0265,missed
2024-05-29,600601.SH,方正科技,元器件,2.7706,0.9355,1.0488,17.6023,0.3405,-0.0238,-0.2166,0.1056,,0.0817,-0.0222,-0.0002,0.0016,-0.0003,0.4739,0.4793,1.0076,-0.0223,-0.1105,0.0676,missed
2024-06-07,600601.SH,方正科技,元器件,2.6356,0.9643,1.0458,18.2040,0.2250,-0.1111,-0.2000,0.0757,,0.0518,-0.1122,-0.0005,0.0000,0.0002,0.4696,0.4680,1.0419,-0.0379,-0.1057,0.0720,missed
2025-01-03,600601.SH,方正科技,元器件,-0.4039,0.1707,1.6206,20.3340,0.9095,0.1536,0.2635,0.8413,0.7849,0.8413,0.0736,-0.0015,0.0015,0.0023,0.4630,0.4841,0.8665,-0.0855,0.0853,0.1707,high_score
2025-02-27,600601.SH,方正科技,元器件,-0.1988,0.1552,1.3785,20.3476,0.8894,0.3209,0.8502,0.9008,0.8858,0.9008,0.1318,0.0051,0.0043,0.0047,0.5348,0.5185,1.2393,-0.2755,0.0330,0.1375,high_score
2025-03-31,600601.SH,方正科技,元器件,-0.1792,0.2417,1.5134,20.2122,0.6608,0.0104,0.6724,0.8175,0.1743,0.8056,0.0048,-0.0006,0.0009,0.0037,0.4522,0.4725,1.2053,0.0531,-0.0262,0.1095,high_score
2025-04-21,600601.SH,方正科技,元器件,1.1670,0.6429,1.8073,19.3692,0.0477,-0.1941,0.0583,0.7103,0.0456,0.6964,-0.1248,-0.0062,0.0000,0.0008,0.4533,0.4964,0.8300,-0.0486,-0.1738,0.1019,missed
2025-05-26,600601.SH,方正科技,元器件,0.6309,0.3846,1.6132,18.7794,0.2070,-0.1520,0.1778,0.5794,0.0298,0.5198,-0.1345,0.0008,-0.0024,0.0008,0.4565,0.4518,0.8959,-0.0446,-0.0021,0.0768,high_score
2025-06-23,600601.SH,方正科技,元器件,1.2111,0.8000,1.1277,19.8980,0.2999,-0.1165,0.0398,0.7361,0.1806,0.7242,-0.1011,0.0024,-0.0010,0.0005,0.4978,0.4623,0.8959,0.0716,-0.0381,0.0453,missed
2025-07-21,600601.SH,方正科技,元器件,0.5259,0.4231,1.1442,20.4519,0.8996,0.2715,-0.0214,0.9425,0.4067,0.8988,0.2332,0.0072,0.0037,0.0016,0.5511,0.5011,1.4439,0.0102,0.0137,0.0603,high_score
2022-09-21,600602.SH,云赛智联,软件服务,2.9780,1.0000,1.6046,17.2807,0.3013,-0.1558,-0.3031,0.1825,0.0794,0.1071,-0.2090,-0.0031,-0.0016,-0.0007,0.4426,0.4377,0.9074,-0.0545,-0.0503,0.0463,missed
2022-10-24,600602.SH,云赛智联,软件服务,2.5983,0.9459,1.3188,17.6720,0.2529,-0.1674,-0.0505,0.1647,0.1052,0.1210,-0.2125,0.0034,0.0002,0.0014,0.4944,0.4580,0.9243,-0.0562,-0.1778,0.0419,missed
2022-11-30,600602.SH,云赛智联,软件服务,1.5773,0.8627,1.1457,17.9453,0.7119,0.0370,-0.0494,0.4603,0.4286,0.4246,0.0442,-0.0012,0.0021,0.0005,0.4111,0.4698,2.1265,0.0074,-0.0828,0.0550,missed
2024-05-29,600602.SH,云赛智联,软件服务,2.8853,0.9677,1.3864,18.6652,0.3962,-0.0034,-0.1235,0.2440,0.1825,0.2302,-0.0022,-0.0039,-0.0011,-0.0016,0.4259,0.4352,0.7876,-0.0047,0.0842,0.0402,missed
2024-06-11,600602.SH,云赛智联,软件服务,2.9696,0.9778,1.4970,18.6514,0.2642,-0.1083,-0.1314,0.1627,0.1151,0.1627,-0.0705,-0.0022,-0.0023,-0.0016,0.4667,0.4302,0.8100,-0.0239,0.0361,0.0359,missed
2024-07-23,600602.SH,云赛智联,软件服务,2.4698,0.9500,1.1000,18.7486,0.3052,-0.1438,0.0300,0.0675,0.0317,0.0675,-0.1358,-0.0020,-0.0031,-0.0013,0.4500,0.4421,0.9405,0.0217,0.0416,0.0138,missed
2024-08-28,600602.SH,云赛智联,软件服务,2.9990,1.0000,1.1419,18.1194,0.3657,-0.1759,-0.2224,0.0298,0.0179,0.0278,-0.1754,-0.0053,-0.0036,-0.0028,0.3696,0.4218,0.8978,-0.0430,0.0336,-0.0126,missed
2024-09-09,600602.SH,云赛智联,软件服务,2.9835,1.0000,1.1185,17.8922,0.2796,-0.1895,-0.2600,0.0238,0.0159,0.0238,-0.1853,-0.0006,-0.0028,-0.0027,0.4821,0.4274,0.9134,-0.0468,-0.0250,-0.0128,missed
2021-01-27,600673.SH,东阳光,综合类,-0.2307,0.3434,1.2121,18.3234,0.1477,-0.1190,-0.3456,0.0083,0.0083,0.0083,-0.1609,-0.0021,-0.0019,-0.0034,0.2500,0.3333,1.3394,0.0000,0.0000,-0.1671,high_score
2021-02-25,600673.SH,东阳光,综合类,-0.0214,0.4490,1.2417,18.2074,0.2468,-0.0927,-0.2157,0.1426,0.1426,0.1426,-0.1160,0.0022,-0.0014,-0.0019,0.5000,0.3667,1.0541,0.0000,0.0000,-0.1672,high_score
2024-11-20,600673.SH,东阳光,综合类,0.2613,0.5897,1.0059,19.2919,0.6742,0.3245,-0.0151,0.8234,,0.9960,0.3195,0.0027,0.0050,0.0001,0.5500,0.5167,2.0252,0.0000,0.0000,0.0458,missed
2024-12-16,600673.SH,东阳光,综合类,-0.0255,0.2439,1.7268,18.9134,0.7384,0.3890,0.1903,0.8770,,0.9683,0.3172,0.0054,0.0059,0.0017,0.4500,0.5333,1.2708,0.0000,0.0000,0.2102,high_score
2025-03-20,600673.SH,东阳光,综合类,0.4985,0.4828,1.2510,19.1064,0.8090,0.1315,0.6101,0.7897,,0.7897,0.0827,-0.0035,0.0027,0.0045,0.5000,0.6000,0.5491,0.0000,0.0000,0.3979,high_score
2025-04-07,600673.SH,东阳光,综合类,0.8478,0.5205,1.5260,19.5118,0.0540,-0.2170,0.0780,0.5992,,0.6905,-0.1479,-0.0099,-0.0035,0.0012,0.4500,0.5500,0.6025,0.0000,0.0000,0.3042,missed
2025-05-09,600673.SH,东阳光,综合类,0.0786,0.3750,1.7007,18.8356,0.2785,-0.0894,0.2305,0.7698,,0.7579,-0.0800,0.0054,-0.0012,0.0023,0.6500,0.5833,0.6808,0.0000,0.0000,0.0592,high_score
2025-06-18,600673.SH,东阳光,综合类,0.7324,0.5957,1.9185,20.1782,0.9210,0.1322,0.3209,0.9405,,0.9405,0.1246,0.0082,0.0024,0.0028,0.5000,0.5333,0.8310,0.0000,0.0000,-0.1059,missed
2025-07-07,600673.SH,东阳光,综合类,1.1189,0.6585,1.2181,20.9302,0.9699,0.5220,0.2730,1.0000,,1.0000,0.4881,0.0171,0.0073,0.0025,0.6000,0.5333,1.8882,0.0000,0.0000,-0.0503,missed
2025-08-15,600673.SH,东阳光,综合类,1.1099,0.7273,1.2584,21.0659,0.9724,0.7133,0.5044,1.0000,1.0000,1.0000,0.5328,0.0091,0.0094,0.0038,0.5000,0.4833,1.4419,0.0000,0.0000,0.2723,missed
2025-01-07,600699.SH,均胜电子,汽车配件,1.2797,0.8387,1.3245,19.1110,0.2462,-0.0989,-0.0580,0.2401,0.2202,0.3056,-0.0965,-0.0018,0.0006,0.0014,0.4650,0.4733,0.8481,-0.0058,-0.1185,0.1505,missed
2025-02-18,600737.SH,中粮糖业,食品,1.5910,0.8421,1.1367,18.9480,0.5377,-0.0368,0.0929,0.3889,0.2341,0.5635,-0.0577,0.0020,-0.0002,0.0024,0.5333,0.4630,0.7084,-0.0289,-0.0287,0.1246,missed
2021-02-10,600765.SH,中航重机,航空,1.3739,0.8780,1.4841,19.1281,0.6690,0.1255,0.2040,0.8274,0.8274,0.8274,0.0726,-0.0098,0.0037,0.0004,0.3769,0.5077,1.9638,-0.0031,-0.0968,0.1019,missed
2021-03-17,600765.SH,中航重机,航空,2.1728,0.9444,1.8072,19.4774,0.1963,-0.1434,0.2713,0.7103,0.4444,0.6905,-0.0869,-0.0071,-0.0003,0.0008,0.4731,0.4846,0.5417,0.0442,-0.0866,0.1018,missed
2021-04-12,600765.SH,中航重机,航空,2.1389,0.8125,1.6777,19.2560,0.0463,-0.3136,0.1470,0.6528,0.4008,0.6349,-0.2114,0.0007,-0.0053,-0.0002,0.5385,0.4564,0.6819,0.0349,-0.0214,0.0694,missed
2021-05-17,600765.SH,中航重机,航空,1.4625,0.7656,1.2008,19.7172,0.4342,-0.0226,0.0789,0.7242,0.5972,0.6885,-0.0183,0.0010,-0.0019,0.0007,0.4885,0.5000,0.7713,0.0415,0.0983,0.0150,missed
2021-06-29,600765.SH,中航重机,航空,1.8944,0.8958,1.0196,20.0064,0.7950,0.1949,0.1030,0.9425,0.8889,0.6786,0.1583,-0.0003,0.0010,0.0000,0.4962,0.5038,1.5928,0.1377,0.1571,0.0094,missed
2025-02-20,600801.SH,华新建材,水泥,1.7657,0.8857,1.0264,18.0394,0.1633,-0.1187,-0.1201,0.1190,0.1190,0.1131,-0.1753,-0.0010,-0.0019,-0.0001,0.4500,0.4083,0.6508,0.0225,-0.0040,0.0277,missed
2025-04-29,600801.SH,华新建材,水泥,1.4008,0.8171,1.1584,18.9296,0.7277,0.0481,-0.1678,0.3274,0.7460,0.2063,0.0649,-0.0020,0.0005,-0.0010,0.3750,0.4750,1.3773,-0.0472,0.0242,0.0093,missed
2025-05-29,600801.SH,华新建材,水泥,1.0932,0.7317,1.0233,18.0153,0.6838,0.0310,-0.0588,0.3175,0.6706,0.1151,0.0414,-0.0024,0.0003,-0.0006,0.4000,0.4667,0.8232,0.0102,0.0185,0.0306,missed
2020-12-08,600808.SH,马钢股份,普钢,-0.5581,0.2414,1.2953,18.3534,0.3568,-0.0289,0.0549,0.3690,0.6389,0.2619,-0.0458,-0.0008,0.0001,0.0008,0.4056,0.3863,1.8738,0.0094,-0.0346,0.0427,high_score
2020-12-24,600816.SH,建元信托,多元金融,-0.5089,0.2174,2.0000,18.0035,0.0615,-0.2205,-0.2995,0.1159,,0.7874,-0.1719,-0.0034,-0.0021,-0.0006,0.3778,0.3981,1.5414,0.0703,-0.0925,-0.0050,high_score
2021-01-08,600816.SH,建元信托,多元金融,-0.7565,0.4167,2.2123,17.6599,0.0313,-0.2474,-0.3272,0.0918,,0.6667,-0.1857,-0.0023,-0.0022,-0.0025,0.3944,0.3944,1.2981,0.0556,-0.1162,-0.0072,high_score
2021-02-03,600816.SH,建元信托,多元金融,-0.5318,0.2857,1.6000,18.1352,0.6562,0.0714,-0.1406,0.3043,,0.9758,0.0531,-0.0027,-0.0019,-0.0020,0.3611,0.3889,1.0831,0.2178,0.1910,-0.0076,high_score
2021-03-01,600816.SH,建元信托,多元金融,-0.8279,0.0737,1.1713,18.6611,0.9532,0.4595,0.1489,0.8019,,0.9758,0.3011,0.0019,-0.0007,-0.0011,0.5278,0.4259,0.9582,0.4170,0.5011,0.0026,high_score
2021-04-01,600816.SH,建元信托,多元金融,-0.9521,0.0357,1.1174,18.1400,0.9761,0.4690,0.0979,0.7826,,0.8696,0.2967,0.0016,0.0015,-0.0002,0.5278,0.4741,1.6319,-0.1324,0.3842,0.0398,high_score
2025-06-04,600871.SH,石化油服,石油开采,-0.0433,0.2963,1.0529,17.7668,0.6311,0.0107,-0.1127,0.4960,0.2679,0.2440,0.0168,0.0012,0.0007,-0.0004,0.5000,0.5238,0.6564,-0.0065,-0.0234,-0.0004,high_score
2025-06-11,600875.SH,东方电气,电气设备,-1.0616,0.0408,1.6081,19.2826,0.8482,0.0921,0.0715,0.8413,0.9921,0.6548,0.1296,-0.0018,-0.0016,-0.0008,0.4287,0.4709,0.9309,0.0497,0.1976,0.0284,high_score
2025-07-30,600875.SH,东方电气,电气设备,-0.9646,0.0750,1.0031,21.3714,0.8795,0.2593,0.3825,0.9762,0.9762,0.9762,0.2927,0.0028,0.0014,0.0005,0.4777,0.4858,1.6317,0.1538,0.1755,0.0319,high_score
2025-08-13,600875.SH,东方电气,电气设备,-0.7023,0.0408,1.0582,20.4718,0.8432,0.2274,0.3269,0.9365,0.9365,0.9365,0.2457,0.0037,0.0019,0.0004,0.5309,0.4940,1.6336,0.0879,0.1171,0.0392,high_score
2025-04-03,600879.SH,航天电子,航空,0.8787,0.5556,1.1659,19.1387,0.5847,0.0089,0.0089,0.6944,0.6349,0.6786,0.0110,-0.0030,-0.0017,-0.0005,0.3844,0.4385,1.4110,0.0001,0.1127,0.0090,missed
2025-05-30,600879.SH,航天电子,航空,0.5161,0.5385,1.8957,19.7813,0.5383,-0.0229,-0.0488,0.6290,0.5913,0.6111,-0.0245,0.0041,0.0007,-0.0003,0.5125,0.4615,1.4566,0.0155,-0.0468,0.0176,missed
2025-06-17,600879.SH,航天电子,航空,0.5204,0.4848,1.4809,19.8266,0.5082,-0.0548,-0.0317,0.7242,0.6409,0.7381,-0.0601,-0.0002,-0.0001,-0.0002,0.4875,0.4542,1.5091,0.0024,-0.0372,0.0208,high_score
2025-07-30,600879.SH,航天电子,航空,0.0311,0.3750,1.2729,20.3532,0.8595,0.2288,0.2040,0.9464,0.8810,0.9524,0.2649,0.0039,0.0033,0.0014,0.5312,0.5042,1.1908,-0.0780,0.0266,0.0577,high_score
2025-08-01,600879.SH,航天电子,航空,0.0930,0.4340,1.5657,20.3899,0.7064,0.0924,0.1173,0.8373,0.7143,0.8571,0.1138,0.0030,0.0014,0.0009,0.5125,0.4771,1.1988,-0.0821,0.0204,0.0590,high_score
2020-12-01,600884.SH,杉杉股份,电气设备,0.4632,0.5400,1.3024,19.7229,0.8604,0.2241,0.1498,0.8373,0.9722,0.9286,0.1769,0.0019,0.0020,0.0032,0.5071,0.4879,1.2699,0.0453,0.1065,0.1176,missed
2021-01-19,600884.SH,杉杉股份,电气设备,0.9595,0.8667,1.5351,20.2567,0.8533,0.3632,0.4397,0.8929,0.9008,0.9008,0.2177,0.0020,0.0035,0.0030,0.4977,0.5068,1.5647,-0.1110,0.1338,0.1207,missed
2021-02-26,600884.SH,杉杉股份,电气设备,0.9972,0.7424,1.5822,19.9093,0.5745,0.0192,0.2811,0.7460,0.7778,0.7659,0.0101,-0.0053,0.0022,0.0023,0.4311,0.4912,1.1844,-0.1213,-0.1130,0.1441,missed
2021-03-31,600884.SH,杉杉股份,电气设备,1.2769,0.8214,1.1458,19.6008,0.1761,-0.1377,0.4431,0.7024,0.7063,0.7024,-0.0749,-0.0033,0.0001,0.0021,0.4654,0.4922,0.8010,0.0051,-0.1322,0.1243,missed
2025-04-07,600884.SH,杉杉股份,电气设备,3.0360,0.9932,1.1381,19.5624,0.2108,-0.1346,-0.2937,0.0040,0.0992,0.0040,-0.1029,-0.0079,-0.0017,-0.0010,0.4032,0.4603,1.2161,-0.0272,-0.0226,0.0648,missed
2024-09-27,600967.SH,内蒙一机,运输设备,2.0256,0.9000,1.6737,18.4611,0.3665,0.0111,-0.0876,0.2282,0.2083,0.2183,0.0171,0.0036,-0.0003,-0.0001,0.5417,0.4528,0.9229,0.0281,0.0405,0.0172,missed
2024-10-17,600967.SH,内蒙一机,运输设备,1.0172,0.7419,1.3767,18.4054,0.6247,0.1241,-0.0090,0.3909,0.3373,0.3532,0.1392,0.0093,0.0009,-0.0000,0.6167,0.4778,1.3728,-0.0121,0.0932,0.0192,missed
2024-11-27,600967.SH,内蒙一机,运输设备,1.1982,0.7273,2.3327,18.2762,0.3610,0.1541,-0.0139,0.4802,0.3810,0.3730,0.1790,-0.0009,0.0017,0.0005,0.4333,0.5000,1.2544,-0.0027,0.0673,0.0265,missed
2024-12-03,600967.SH,内蒙一机,运输设备,1.2043,0.7000,2.0798,18.1953,0.3937,0.1709,0.0328,0.5516,0.4444,0.4325,0.2005,-0.0016,0.0027,0.0005,0.4167,0.5306,0.9608,-0.0156,0.0190,0.0310,missed
2025-01-09,600967.SH,内蒙一机,运输设备,0.4798,0.5111,1.7523,18.4664,0.6156,0.0051,0.1433,0.5159,0.4187,0.4881,0.0059,-0.0056,-0.0013,-0.0001,0.3750,0.4694,0.9664,-0.0310,0.0858,0.0574,missed
2021-01-25,600995.SH,南网储能,水力发电,-0.1182,0.3636,1.4633,17.1516,0.1821,-0.0789,-0.2473,0.0119,0.0040,0.0040,-0.1071,-0.0031,-0.0004,-0.0001,0.3750,0.4556,1.0698,-0.0990,-0.0484,0.0207,high_score
2021-02-01,600995.SH,南网储能,水力发电,-0.4600,0.2203,1.9439,16.5246,0.1207,-0.1773,-0.3323,0.0040,0.0040,0.0040,-0.2164,-0.0017,-0.0006,0.0000,0.4250,0.4528,1.1311,-0.1931,-0.1393,0.0205,high_score
2021-03-17,600995.SH,南网储能,水力发电,0.5742,0.4444,1.5046,18.4348,0.4209,-0.0370,-0.1044,0.2222,0.1865,0.1627,-0.0352,0.0064,0.0016,0.0006,0.5250,0.4722,1.3495,0.0659,-0.1281,0.0220,high_score
2021-04-30,600995.SH,南网储能,水力发电,0.3784,0.4667,1.5402,16.9339,0.6555,0.0415,-0.1137,0.1210,0.9504,0.1230,0.0360,-0.0042,0.0024,0.0011,0.3833,0.4944,2.4957,-0.0143,-0.0935,0.0752,high_score
2021-05-31,600995.SH,南网储能,水力发电,1.6510,0.8438,1.1688,17.7228,0.6531,0.0556,-0.1153,0.2302,0.9484,0.2500,0.0488,0.0006,0.0027,0.0009,0.4917,0.5028,0.6121,0.0764,-0.1008,0.1029,missed
2020-12-31,601001.SH,晋控煤业,煤炭开采,0.0731,0.5181,1.0617,19.5841,0.8659,0.3235,0.1170,0.9881,0.9881,0.9841,0.1919,0.0008,0.0023,0.0009,0.5286,0.5083,1.7153,0.0846,0.1942,0.0477,missed
2021-01-27,601001.SH,晋控煤业,煤炭开采,0.1374,0.4848,1.1633,18.6344,0.4645,0.0081,-0.0832,0.5873,0.4365,0.4821,0.0047,-0.0034,0.0006,0.0002,0.4500,0.5060,1.0500,-0.1443,-0.0091,0.0492,high_score
2021-06-29,601001.SH,晋控煤业,煤炭开采,0.2900,0.5417,1.2298,19.5714,0.9107,0.4562,0.0862,0.8968,0.8968,0.8968,0.2746,0.0036,0.0041,0.0018,0.4821,0.5167,1.0851,-0.0154,0.1910,0.1290,missed
2021-07-07,601001.SH,晋控煤业,煤炭开采,0.3745,0.3600,1.1105,19.0943,0.9107,0.4252,0.2209,0.8690,0.8690,0.8651,0.2549,-0.0002,0.0038,0.0022,0.4357,0.5107,0.9642,-0.0544,0.1832,0.1373,high_score
2021-11-26,601001.SH,晋控煤业,煤炭开采,0.7412,0.7397,1.0195,19.4229,0.5305,-0.0022,0.2180,0.7500,0.7500,0.4603,-0.0010,-0.0044,0.0001,0.0018,0.4357,0.4869,0.6108,-0.0773,0.0462,0.1447,missed
2021-12-01,601001.SH,晋控煤业,煤炭开采,0.6960,0.6250,1.1692,19.5853,0.1330,-0.1485,0.1821,0.7401,0.7401,0.4385,-0.0671,-0.0049,-0.0011,0.0019,0.4357,0.4774,0.5719,-0.0894,-0.0339,0.1382,missed
2021-01-29,601016.SH,节能风电,新型电力,-0.7852,0.0899,1.0016,20.3916,0.8352,0.2473,0.0795,0.9405,0.9405,0.9286,0.1488,0.0067,0.0050,0.0017,0.4889,0.4755,2.8572,-0.0373,-0.0419,0.1228,high_score
2021-02-08,601016.SH,节能风电,新型电力,-0.5625,0.1316,1.1219,19.7701,0.7188,0.1382,0.0610,0.8591,0.8810,0.8095,0.0719,0.0076,0.0050,0.0019,0.4875,0.4792,2.4190,-0.1671,-0.0289,0.1425,high_score
2025-02-17,601061.SH,中信金属,商贸代理,0.6897,0.5405,1.4049,18.2401,0.2588,-0.1055,0.0800,0.3571,0.3849,0.1766,-0.2179,0.0023,-0.0018,0.0008,0.6000,0.4500,0.7722,0.0000,0.0000,0.0241,missed
2025-03-06,601061.SH,中信金属,商贸代理,0.7112,0.5455,1.0333,18.3726,0.2450,-0.0913,0.0491,0.3988,0.3988,0.2202,-0.1987,-0.0005,-0.0015,0.0005,0.4500,0.4667,0.9600,0.0000,0.0000,-0.0317,missed
2025-04-18,601061.SH,中信金属,商贸代理,0.2877,0.3929,1.0844,17.8902,0.6826,0.0319,-0.0288,0.4861,0.1488,0.1448,0.0550,-0.0002,0.0007,-0.0001,0.5500,0.5167,1.8143,0.0000,0.0000,-0.0473,high_score
2025-06-03,601061.SH,中信金属,商贸代理,-0.0025,0.2941,1.1765,18.0887,0.7378,0.0413,-0.0393,0.5675,0.2421,0.1270,0.0606,-0.0005,0.0009,-0.0002,0.3500,0.4667,0.6832,0.0000,0.0000,0.0284,high_score
2025-04-29,601106.SH,中国一重,工程机械,0.1107,0.2073,1.0881,18.2477,0.5132,-0.0225,-0.1844,0.3988,,0.4405,-0.0247,-0.0034,0.0000,0.0001,0.4800,0.4800,1.0213,0.0064,-0.0165,0.0627,high_score
2020-12-21,601117.SH,中国化学,建筑工程,-0.4492,0.3478,1.3008,19.3204,0.5851,0.0320,0.0488,0.3770,0.3750,0.2421,0.0498,-0.0030,-0.0006,0.0007,0.3679,0.3882,1.5460,-0.0269,0.0744,0.0226,high_score
2020-12-30,601127.SH,赛力斯,汽车整车,-0.0674,0.3443,3.0219,20.2895,0.9843,0.8554,0.7371,0.9004,0.9004,0.9004,0.2952,-0.0020,0.0068,0.0049,0.5111,0.5389,1.8086,-0.2887,0.3830,0.2104,high_score
2021-01-21,601127.SH,赛力斯,汽车整车,0.4259,0.4500,4.1177,19.8307,0.9188,0.5705,0.6104,0.8486,0.8486,0.8486,0.1931,0.0001,0.0040,0.0047,0.5222,0.5296,1.0466,-0.1507,0.3314,0.2070,high_score
2021-02-10,601127.SH,赛力斯,汽车整车,-0.0290,0.5366,3.7229,19.9325,0.6577,0.1120,0.4359,0.7689,0.7689,0.7649,0.0339,0.0009,0.0026,0.0042,0.5000,0.5093,1.2459,-0.0923,-0.0295,0.1921,missed
2021-03-03,601127.SH,赛力斯,汽车整车,-0.3567,0.2791,2.2640,20.4404,0.4567,-0.0268,1.3114,0.9841,0.9841,0.9801,-0.0083,0.0005,-0.0001,0.0043,0.4611,0.4889,1.1965,0.0920,0.0076,0.1619,high_score
2023-02-16,601127.SH,赛力斯,汽车整车,-1.1650,0.0769,1.1491,21.0892,0.0013,-0.2916,-0.4338,0.0238,,0.0040,-0.2061,0.0020,0.0011,-0.0003,0.5278,0.4944,1.0390,-0.1644,-0.3609,0.0508,high_score
2023-03-28,601127.SH,赛力斯,汽车整车,-0.2708,0.2903,1.1348,20.2765,0.0610,-0.1135,-0.3904,0.1071,,0.0794,-0.0996,-0.0016,0.0009,0.0006,0.4389,0.5037,1.0685,0.0647,-0.1668,0.0643,high_score
2023-04-24,601127.SH,赛力斯,汽车整车,0.5113,0.4545,1.1664,20.6469,0.0361,-0.2465,-0.3882,0.0040,,0.0040,-0.2111,-0.0011,-0.0005,0.0004,0.4389,0.4537,0.8929,-0.2381,-0.2207,0.0666,high_score
2023-05-15,601127.SH,赛力斯,汽车整车,0.3979,0.5750,1.0646,19.6318,0.0296,-0.2811,-0.4581,0.0198,,0.0595,-0.2389,0.0020,-0.0005,0.0004,0.5111,0.4574,0.9668,-0.1657,-0.2599,0.0691,missed
2023-06-02,601127.SH,赛力斯,汽车整车,0.0324,0.3200,2.4492,20.7179,0.0386,-0.3049,-0.4235,0.0357,,0.0556,-0.2597,-0.0013,-0.0018,-0.0002,0.4444,0.4389,1.0173,-0.0209,-0.1990,0.0596,high_score
2023-08-28,601127.SH,赛力斯,汽车整车,-1.0634,0.1273,1.5560,21.5724,0.9885,0.3258,-0.1262,0.1905,,0.2698,0.1509,-0.0066,0.0016,-0.0004,0.3222,0.4463,1.0410,-0.1314,0.2381,0.0575,high_score
2023-09-04,601127.SH,赛力斯,汽车整车,-1.4376,0.0427,1.1612,21.7792,1.0000,0.6350,0.0974,0.4960,,0.7738,0.2808,-0.0033,0.0025,0.0007,0.3944,0.4704,0.9567,0.0243,0.4811,0.0606,high_score
2024-02-05,601127.SH,赛力斯,汽车整车,-1.0963,0.0597,1.3925,21.9105,0.1990,-0.3132,0.4138,0.6667,,0.6667,-0.2050,-0.0038,-0.0030,-0.0012,0.4389,0.3852,1.0017,-0.0939,-0.1499,0.0926,high_score
2022-10-17,601138.SH,工业富联,通信设备,0.1667,0.3448,1.6448,18.3840,0.3583,-0.0888,-0.1463,0.0298,0.0298,0.0298,-0.1320,-0.0023,-0.0002,0.0005,0.4345,0.4673,0.7627,-0.0515,-0.0613,0.0682,high_score
2022-11-07,601138.SH,工业富联,通信设备,0.1259,0.5238,1.6318,18.6041,0.3111,-0.0938,-0.0736,0.1071,0.1071,0.0456,-0.1468,0.0075,-0.0008,0.0012,0.6024,0.4583,0.8806,-0.0917,-0.0331,0.0448,missed
2022-12-05,601138.SH,工业富联,通信设备,-0.2990,0.2727,1.4071,18.9246,0.4472,-0.0032,-0.0333,0.2540,0.2540,0.2897,-0.0048,-0.0002,-0.0001,0.0004,0.4595,0.4681,1.3715,0.0729,0.0066,0.0245,high_score
2023-01-06,601138.SH,工业富联,通信设备,-0.2330,0.1200,1.0603,18.5360,0.7204,0.1234,-0.0270,0.3671,0.3571,0.3690,0.2135,-0.0000,0.0009,0.0002,0.4500,0.4706,0.7406,0.0002,0.0719,0.0294,high_score
2024-01-15,601138.SH,工业富联,通信设备,-0.2349,0.1562,1.1075,20.4489,0.0469,-0.2134,-0.4529,0.1944,0.1944,0.1865,-0.1631,-0.0048,-0.0010,-0.0014,0.3833,0.4444,0.8465,-0.0450,-0.1471,0.0269,high_score
2024-11-22,601138.SH,工业富联,通信设备,-0.1516,0.3000,1.1835,21.7659,0.2906,0.0997,-0.0531,0.5317,0.5159,0.5119,0.0597,0.0001,0.0066,0.0024,0.4773,0.5182,2.5238,-0.1037,-0.4476,0.1707,high_score
2024-12-13,601138.SH,工业富联,通信设备,0.0325,0.4255,1.3301,21.9976,0.2025,0.1368,-0.2501,0.3968,0.3968,0.3611,0.0844,-0.0006,0.0072,0.0024,0.4659,0.5189,0.9975,-0.0899,-0.4101,0.2579,high_score
2025-01-06,601138.SH,工业富联,通信设备,-0.7385,0.0588,2.2562,21.2598,0.0515,-0.1594,-0.2860,0.3016,0.2976,0.2738,-0.1193,-0.0038,0.0015,0.0021,0.4341,0.4795,0.7716,-0.0067,-0.2458,0.3076,high_score
2025-02-05,601138.SH,工业富联,通信设备,-0.4149,0.2093,2.9750,22.5163,0.0766,-0.1780,-0.1656,0.1905,0.1865,0.1667,-0.1192,-0.0024,-0.0004,0.0026,0.4386,0.4697,1.0818,-0.0523,-0.1428,0.2625,high_score
2025-03-31,601138.SH,工业富联,通信设备,0.0555,0.3000,2.2273,20.9545,0.0729,-0.1487,-0.0831,0.0794,0.0794,0.0556,-0.1230,-0.0006,-0.0010,0.0026,0.4568,0.4629,1.1127,-0.0428,-0.0708,0.0762,high_score
2025-04-16,601138.SH,工业富联,通信设备,1.4123,0.6087,2.5821,21.4490,0.1205,-0.1126,-0.3290,0.0159,0.0159,0.0159,-0.0777,-0.0086,-0.0005,-0.0001,0.4182,0.4992,0.8057,-0.0202,-0.0576,0.0544,missed
2025-05-07,601138.SH,工业富联,通信设备,0.4282,0.3676,2.3552,21.3457,0.2083,-0.0903,-0.2473,0.0833,0.0159,0.0159,-0.0768,-0.0007,-0.0008,-0.0007,0.5114,0.4841,0.7283,0.0069,-0.0190,0.0436,high_score
2025-06-03,601138.SH,工业富联,通信设备,-0.3538,0.1324,2.0298,20.6578,0.2848,-0.1069,-0.1532,0.1171,0.0377,0.0377,-0.0938,0.0019,-0.0010,-0.0003,0.4909,0.4750,1.0707,0.0036,-0.0328,0.0307,high_score
2025-07-03,601138.SH,工业富联,通信设备,-0.4033,0.2000,1.3482,22.1770,0.9435,0.2220,0.0828,0.7421,0.5159,0.5000,0.1681,0.0029,0.0015,0.0006,0.5500,0.5212,1.2196,0.0758,0.1515,0.0292,high_score
2025-04-30,601168.SH,西部矿业,铜,1.3606,0.8462,1.1962,19.8258,0.1543,-0.1176,-0.1596,0.1270,0.0714,0.0079,-0.1359,-0.0032,-0.0005,-0.0005,0.4062,0.4708,1.3434,-0.0213,-0.0739,0.0163,missed
2025-05-07,601168.SH,西部矿业,铜,1.4372,0.8824,1.4046,20.1871,0.1882,-0.0972,-0.1870,0.1885,0.0972,0.0258,-0.1123,-0.0006,-0.0002,-0.0006,0.4875,0.4833,1.2534,-0.0420,-0.0730,0.0164,missed
2025-05-19,601179.SH,中国西电,电气设备,0.4821,0.5660,1.3520,19.2817,0.2522,-0.0855,-0.2277,0.0615,0.0536,0.0536,-0.1213,0.0023,-0.0009,-0.0007,0.5160,0.4855,0.7665,-0.0236,-0.0136,0.0489,missed
2025-06-18,601179.SH,中国西电,电气设备,1.0344,0.7234,1.8683,19.0551,0.4153,-0.0822,-0.1995,0.0079,0.0040,0.0040,-0.1308,-0.0008,-0.0019,-0.0006,0.4564,0.4667,0.9756,-0.0137,0.0342,0.0221,missed
2025-07-01,601179.SH,中国西电,电气设备,1.1154,0.7931,1.6101,18.9189,0.2045,-0.0960,-0.2234,0.0317,0.0298,0.0298,-0.1651,0.0026,-0.0007,-0.0006,0.5617,0.4975,1.0281,-0.0722,-0.0447,0.0173,missed
2025-08-27,601179.SH,中国西电,电气设备,0.5726,0.6324,1.5880,20.1312,0.3538,0.0609,-0.0090,0.3611,0.3135,0.2897,0.0946,0.0052,0.0034,0.0009,0.5617,0.5259,1.4169,-0.1150,-0.1610,0.0545,missed
2025-04-11,601212.SH,白银有色,铜,0.8541,0.3571,1.2900,19.1508,0.4730,-0.0182,-0.1151,0.1746,0.1746,0.1508,-0.0252,-0.0051,-0.0008,-0.0006,0.4250,0.4750,1.4828,0.0451,0.0377,0.0180,high_score
2025-05-06,601212.SH,白银有色,铜,0.5176,0.5200,3.0318,19.3001,0.5144,-0.0070,-0.1044,0.4286,0.5516,0.4246,-0.0086,-0.0019,-0.0002,-0.0005,0.4562,0.4833,1.2960,0.0207,0.0190,0.0163,missed
2025-06-03,601212.SH,白银有色,铜,0.1987,0.4853,3.0171,19.6334,0.7817,0.0616,-0.0425,0.6627,0.7500,0.6667,0.0686,0.0018,0.0006,0.0002,0.5089,0.5009,0.6481,0.0477,0.0387,0.0196,high_score
2025-07-09,601212.SH,白银有色,铜,-0.3704,0.1613,1.7111,19.6293,0.8432,0.1798,0.1290,0.8829,0.9147,0.9028,0.1920,0.0014,0.0024,0.0007,0.5125,0.5071,1.2909,-0.0067,0.0385,0.0220,high_score
2025-04-10,601231.SH,环旭电子,元器件,2.2141,0.7273,1.2968,20.1481,0.0778,-0.1634,-0.1401,0.0357,0.6667,0.0119,-0.1184,-0.0096,-0.0003,0.0010,0.4043,0.4822,0.9905,-0.0528,-0.1255,0.1060,missed
2025-05-22,601231.SH,环旭电子,元器件,1.8669,0.9412,1.8312,18.2868,0.0464,-0.2710,-0.0926,0.0972,0.7460,0.0556,-0.2536,0.0016,-0.0025,0.0005,0.4587,0.4489,0.8775,-0.0053,-0.1151,0.0811,missed
2025-06-20,601231.SH,环旭电子,元器件,1.5680,0.8400,1.5629,19.0833,0.1443,-0.1755,-0.0431,0.1865,0.7778,0.1667,-0.1478,0.0013,-0.0011,0.0005,0.4696,0.4605,0.8914,-0.0083,-0.0938,0.0466,missed
2025-07-18,601231.SH,环旭电子,元器件,2.0401,0.8750,1.7864,19.7186,0.5985,0.0753,-0.0117,0.3413,0.8095,0.2976,0.0811,0.0070,0.0033,0.0017,0.5543,0.4942,1.4151,-0.1194,-0.1533,0.0583,missed
2025-08-06,601231.SH,环旭电子,元器件,2.0480,0.8710,1.5233,20.2492,0.7516,0.1294,-0.0653,0.8413,0.9841,0.7619,0.1351,0.0047,0.0030,0.0010,0.4978,0.4870,1.4588,0.0406,-0.0766,0.0834,missed
2022-07-22,601360.SH,三六零,互联网,-0.6086,0.0909,1.1272,19.2800,0.1429,-0.0663,-0.4057,0.0139,0.7679,0.0139,-0.0950,-0.0004,0.0030,-0.0016,0.4611,0.5574,1.1626,-0.0995,-0.2565,0.0200,high_score
2022-08-02,601360.SH,三六零,互联网,-0.4631,0.1212,1.2652,19.9578,0.0873,-0.1392,-0.3336,0.0040,0.7302,0.0040,-0.1989,-0.0022,0.0008,-0.0010,0.4500,0.5278,0.9745,-0.1013,-0.1784,0.0277,high_score
2025-04-30,601399.SH,国机重装,工程机械,0.5426,0.4385,1.0567,18.7017,0.4893,-0.0242,-0.1730,0.2996,0.2976,0.2897,-0.0261,-0.0043,-0.0000,-0.0001,0.4550,0.4783,1.0066,-0.0215,-0.0155,0.0627,high_score
2020-12-28,601567.SH,三星医疗,电气设备,0.1816,0.4250,1.4003,17.8447,0.4414,-0.0090,-0.0543,0.0079,0.0079,0.0040,-0.0147,0.0079,0.0047,0.0036,0.5365,0.5174,1.0477,-0.2381,-0.3375,0.1092,high_score
2021-01-04,601567.SH,三星医疗,电气设备,-0.9374,0.1212,1.3932,18.2500,0.4494,0.0103,-0.0988,0.1091,0.1091,0.0774,0.0172,0.0106,0.0043,0.0032,0.5771,0.5133,1.1382,-0.2747,-0.2766,0.1118,high_score
2021-02-01,601567.SH,三星医疗,电气设备,-1.0777,0.0847,1.2391,17.1589,0.1591,-0.1577,-0.1770,0.0119,0.0119,0.0119,-0.2958,-0.0008,0.0033,0.0025,0.4604,0.5058,1.6716,-0.0911,-0.3776,0.1311,high_score
2021-03-31,601567.SH,三星医疗,电气设备,-0.4476,0.1786,1.4405,16.9954,0.5197,0.0060,0.0015,0.2361,0.2361,0.2222,0.0099,-0.0033,0.0001,0.0021,0.4654,0.4922,0.8010,0.0822,0.0115,0.1243,high_score
2021-04-02,601567.SH,三星医疗,电气设备,-0.5266,0.1667,1.4774,17.9900,0.5394,-0.0045,0.0046,0.1865,0.1865,0.1825,-0.0074,-0.0005,-0.0004,0.0020,0.4950,0.4865,0.7993,0.0192,0.0280,0.1203,high_score
2023-06-20,601567.SH,三星医疗,电气设备,3.2563,0.9634,1.2675,17.7562,0.4903,-0.0326,-0.0127,0.3016,0.0317,0.1905,-0.0374,0.0004,-0.0009,-0.0004,0.4449,0.4429,0.9131,-0.0689,0.0326,0.0243,missed
2023-07-04,601567.SH,三星医疗,电气设备,0.5995,0.5641,1.1789,18.6643,0.6293,-0.0023,-0.0297,0.5119,0.0952,0.5198,-0.0027,0.0016,-0.0006,-0.0003,0.4678,0.4429,0.9253,0.0112,0.0483,0.0242,missed
2023-08-11,601567.SH,三星医疗,电气设备,0.0292,0.3636,1.3532,18.1555,0.8897,0.1140,0.0543,0.9087,0.2024,0.9127,0.1401,-0.0028,-0.0012,-0.0013,0.4064,0.4257,0.9867,-0.0138,0.1939,0.0320,high_score
2023-09-20,601567.SH,三星医疗,电气设备,0.2513,0.4848,1.1280,18.4775,0.9911,0.3050,0.2947,0.9325,0.3790,0.8552,0.3328,-0.0013,-0.0026,-0.0018,0.4128,0.3961,0.8781,0.1240,0.4503,0.0283,high_score
2020-12-30,601600.SH,中国铝业,铝,-0.6445,0.1475,1.2061,19.8390,0.8060,0.2313,0.1037,0.9107,0.9147,0.8948,0.1985,-0.0052,0.0053,0.0022,0.4100,0.4867,2.2808,-0.0280,-0.1130,0.0636,high_score
2025-04-21,601600.SH,中国铝业,铝,0.9004,0.4286,1.1502,20.7145,0.0816,-0.1583,-0.2500,0.0833,0.0317,0.0317,-0.1704,-0.0063,-0.0022,-0.0009,0.3800,0.4167,0.9925,-0.0095,-0.0218,0.0292,high_score
2025-06-11,601600.SH,中国铝业,铝,0.7304,0.6531,1.0366,20.7104,0.2986,-0.1034,-0.0916,0.3294,0.1746,0.1627,-0.1266,0.0013,-0.0017,0.0002,0.4900,0.4300,0.8105,0.0296,0.0077,0.0075,missed
2025-04-29,601611.SH,中国核建,建筑工程,0.3873,0.3415,1.0514,19.6379,0.7315,0.0512,0.0094,0.6944,0.6587,0.6151,0.0522,0.0001,0.0004,-0.0004,0.4800,0.4433,0.9896,-0.0075,0.0363,0.0268,high_score
2025-05-15,601615.SH,明阳智能,电气设备,0.0569,0.3571,1.5360,19.0395,0.4655,-0.0377,-0.2027,0.4643,0.7262,0.5357,-0.0426,0.0016,-0.0009,-0.0012,0.4968,0.4819,0.7681,0.0276,0.0353,0.0507,high_score
2020-12-14,601618.SH,中国中冶,建筑工程,-1.0465,0.1053,1.0837,18.7746,0.2597,-0.0612,0.0357,0.3095,0.2659,0.3175,-0.1016,-0.0024,-0.0002,0.0005,0.3536,0.3953,1.6320,0.0079,-0.0443,0.0246,high_score
2020-12-03,601633.SH,长城汽车,汽车整车,-0.6541,0.3214,1.5312,20.7286,0.9799,0.5749,1.9380,0.9206,0.9206,0.9087,0.2911,0.0045,0.0072,0.0058,0.4722,0.5222,2.2950,-0.2397,0.0412,0.2019,high_score
2021-02-26,601633.SH,长城汽车,汽车整车,0.0307,0.2727,1.0043,21.0483,0.7858,0.1718,1.3237,0.8373,0.8373,0.8294,0.0689,-0.0007,0.0003,0.0041,0.4389,0.4889,1.2201,-0.1787,0.1986,0.1725,high_score
2020-12-14,601666.SH,平煤股份,煤炭开采,-0.4409,0.2632,1.0662,18.8505,0.1578,-0.1094,0.4493,0.6706,0.2817,0.6627,-0.0779,-0.0012,0.0010,0.0018,0.4643,0.4619,1.6721,-0.0682,-0.1564,0.0501,high_score
2021-05-24,601666.SH,平煤股份,煤炭开采,-0.1428,0.4286,1.0275,19.0552,0.9160,0.2353,0.0194,0.9206,0.3690,0.7659,0.1867,0.0037,0.0035,0.0012,0.4964,0.5119,1.9120,-0.0034,0.0160,0.0824,high_score
2021-06-30,601666.SH,平煤股份,煤炭开采,0.0460,0.4762,1.0985,18.7584,0.8591,0.3216,0.2216,0.9048,0.7579,0.9444,0.2055,0.0022,0.0044,0.0024,0.4750,0.5250,1.0452,-0.1083,0.0341,0.1304,high_score
2021-07-22,601666.SH,平煤股份,煤炭开采,0.2591,0.4737,1.1600,19.0647,0.7065,0.1383,0.2011,0.8294,0.5040,0.8611,0.0805,-0.0003,0.0038,0.0028,0.5000,0.5119,1.0379,-0.0930,-0.0961,0.1477,high_score
2021-08-04,601666.SH,平煤股份,煤炭开采,0.3583,0.3684,1.1225,19.6426,0.2691,-0.1080,0.4215,0.7976,0.3929,0.8175,-0.0696,0.0021,0.0004,0.0038,0.5250,0.4821,1.0142,-0.0610,-0.1115,0.1398,high_score
2020-12-28,601669.SH,中国电建,建筑工程,-1.3757,0.0250,1.5844,19.0116,0.4586,-0.0026,0.0133,0.2659,0.3690,0.1865,-0.0033,-0.0040,-0.0004,-0.0001,0.3500,0.4096,1.3205,-0.0160,0.0262,0.0194,high_score
2021-04-29,601669.SH,中国电建,建筑工程,-0.9533,0.0851,1.3629,18.7297,0.5798,0.0026,0.0026,0.3651,0.1230,0.1786,0.0035,-0.0025,0.0012,0.0006,0.3464,0.4477,0.8559,-0.0081,-0.0588,0.0530,high_score
2021-05-27,601669.SH,中国电建,建筑工程,-0.9188,0.1220,1.1819,19.0550,0.5035,0.0155,-0.0224,0.4762,0.1806,0.1806,0.0264,0.0003,0.0001,0.0002,0.4643,0.4345,0.6694,0.0177,0.0162,0.0563,high_score
2021-06-01,601669.SH,中国电建,建筑工程,-0.9965,0.0566,1.0071,18.6704,0.5035,-0.0051,-0.0780,0.3651,0.1607,0.1488,-0.0094,-0.0002,-0.0003,-0.0000,0.4321,0.4167,0.6942,0.0098,0.0194,0.0554,high_score
2021-07-09,601669.SH,中国电建,建筑工程,-0.6837,0.1923,1.0855,19.0524,0.4031,-0.0326,-0.0203,0.2044,0.0794,0.0119,-0.0924,-0.0009,-0.0010,0.0003,0.4214,0.3952,1.0204,0.0189,0.0266,0.0331,high_score
2021-09-17,601689.SH,拓普集团,汽车配件,1.6106,0.7059,1.0777,18.8483,0.3141,-0.0954,0.0331,0.2619,0.1389,0.1508,-0.0562,0.0001,0.0008,0.0019,0.4425,0.4625,0.9842,-0.1051,-0.1981,0.1741,missed
2022-06-17,601698.SH,中国卫通,电信运营,1.5295,1.0000,1.1162,17.5922,0.2457,-0.0819,-0.2406,0.1071,0.0794,0.1111,-0.0795,-0.0002,-0.0004,-0.0008,0.4625,0.4917,0.9239,0.0334,-0.0522,0.0168,missed
2022-09-29,601698.SH,中国卫通,电信运营,-0.3726,0.1463,1.0054,17.7135,0.5125,-0.1028,-0.1452,0.0198,0.0040,0.0198,-0.0996,-0.0013,0.0003,-0.0004,0.4625,0.4583,1.3677,-0.0942,-0.1145,0.0194,high_score
2022-10-11,601698.SH,中国卫通,电信运营,-0.1459,0.2045,1.0013,17.2546,0.5840,-0.0959,-0.0943,0.0238,0.0079,0.0238,-0.0931,-0.0026,0.0005,-0.0002,0.4375,0.4625,1.3484,-0.1870,-0.1260,0.0216,high_score
2020-12-03,601699.SH,潞安环能,煤炭开采,-0.9318,0.2500,1.2583,19.4662,0.5842,0.0235,0.1601,0.7183,0.8968,0.6111,0.0268,0.0044,0.0018,0.0021,0.5286,0.4655,1.3157,0.0056,-0.0841,0.0538,high_score
2021-01-29,601699.SH,潞安环能,煤炭开采,-0.6799,0.1011,1.3264,18.6652,0.3153,-0.0839,-0.1469,0.0179,0.1647,0.0040,-0.0836,-0.0071,-0.0006,-0.0003,0.4036,0.4869,1.0202,-0.0253,-0.0294,0.0488,high_score
2021-02-03,601699.SH,潞安环能,煤炭开采,-0.7277,0.1667,1.1969,18.2989,0.3338,-0.0978,-0.1365,0.0159,0.1627,0.0079,-0.0974,-0.0072,-0.0013,-0.0003,0.3893,0.4726,0.9587,-0.0071,-0.0076,0.0472,high_score
2025-01-06,601717.SH,中创智领,专用机械,0.4910,0.5294,1.0668,19.6673,0.6131,0.0047,-0.0614,0.3234,0.2698,0.1429,0.0065,-0.0040,0.0018,0.0025,0.4079,0.4667,1.1411,0.0637,-0.1125,0.1889,missed
2025-06-17,601872.SH,招商轮船,水运,2.1383,0.9545,1.5865,20.3340,0.7804,0.0340,0.0687,0.4980,0.2500,0.2063,0.0405,0.0005,0.0009,0.0003,0.4700,0.4833,1.5902,0.0826,-0.0062,0.0237,missed
2025-07-11,601872.SH,招商轮船,水运,1.0066,0.9167,2.1332,19.6075,0.4329,0.0250,-0.0361,0.1726,0.1508,0.1984,0.0402,-0.0013,0.0007,0.0002,0.4000,0.4667,1.0301,-0.0432,-0.0094,0.0264,missed
2025-08-18,601872.SH,招商轮船,水运,1.0013,0.7692,1.9422,19.4348,0.2334,0.0133,-0.0379,0.1587,0.1429,0.2083,0.0297,-0.0001,0.0000,0.0004,0.4200,0.4300,0.9274,-0.0091,0.0167,0.0230,missed
2025-05-19,601899.SH,紫金矿业,铜,-0.1886,0.2830,1.1827,20.9991,0.7817,0.0615,0.1152,0.6587,0.0298,0.2202,0.0633,0.0027,0.0000,-0.0001,0.5152,0.4884,0.8609,-0.0720,0.0674,0.0159,high_score
2020-12-25,601918.SH,新集能源,煤炭开采,-0.6787,0.1351,1.2214,19.7611,0.8298,0.2672,0.2621,0.8929,0.6389,0.9167,0.2416,0.0019,0.0029,0.0023,0.5429,0.5060,1.8553,0.0759,0.0966,0.0456,high_score
2023-06-27,601918.SH,新集能源,煤炭开采,1.4611,0.8095,1.0182,18.1543,0.6461,0.0024,0.0024,0.2103,0.7341,0.0833,0.0057,-0.0047,-0.0020,-0.0009,0.4464,0.4143,0.7918,0.0934,0.1223,0.0179,missed
2023-07-19,601918.SH,新集能源,煤炭开采,1.5541,0.6571,1.1706,17.6668,0.7779,0.0284,0.0533,0.5159,0.9246,0.2381,0.0704,-0.0013,-0.0027,-0.0011,0.5214,0.4429,0.7962,0.0753,0.1905,0.0143,missed
2023-08-03,601918.SH,新集能源,煤炭开采,1.3253,0.7778,1.1230,17.9329,0.5507,-0.0069,0.0094,0.4484,0.8591,0.3770,-0.0182,-0.0029,-0.0030,-0.0013,0.4464,0.4369,0.8851,0.0651,0.1673,0.0111,missed
2023-09-12,601918.SH,新集能源,煤炭开采,1.3494,0.8148,1.0121,19.2484,0.9757,0.2063,0.2005,0.9643,1.0000,0.8135,0.3702,0.0056,0.0008,-0.0002,0.5250,0.4774,1.2693,0.0539,0.1635,0.0152,missed
2023-10-11,601918.SH,新集能源,煤炭开采,0.9442,0.6977,1.0711,19.0665,0.9528,0.1279,0.2108,0.9206,0.9286,0.7778,0.2289,0.0007,0.0009,-0.0000,0.4750,0.4655,2.1062,-0.0102,0.0793,0.0281,missed
2020-12-23,601919.SH,中远海控,水运,-0.5057,0.2727,1.6068,20.8845,0.9857,0.7801,1.9395,0.9881,0.7024,0.9881,0.4481,-0.0036,0.0013,0.0025,0.3500,0.4458,2.0909,0.0751,0.5604,0.1214,high_score
2021-03-10,601919.SH,中远海控,水运,0.0253,0.2727,1.2449,21.2562,0.6977,0.0455,0.7414,0.7817,0.6905,0.7143,0.0171,0.0002,0.0003,0.0010,0.5000,0.4725,0.7910,-0.1738,0.0438,0.1746,high_score
2025-05-15,601958.SH,金钼股份,小金属,0.9988,0.8095,1.0605,18.7385,0.4329,-0.0439,-0.1110,0.2163,0.3849,0.0357,-0.0692,0.0023,0.0002,-0.0010,0.5188,0.4792,0.7433,-0.0577,-0.0467,0.0231,missed
2025-06-19,601958.SH,金钼股份,小金属,0.4186,0.4783,1.0191,19.0947,0.6813,-0.0129,0.0181,0.6409,0.8532,0.2063,-0.0209,0.0003,-0.0004,0.0000,0.4469,0.4729,1.1812,0.0452,0.0211,0.0310,high_score
2025-08-11,601991.SH,大唐发电,火力发电,-0.5927,0.0545,1.1860,19.8027,0.4705,0.0559,0.2186,0.9345,0.3075,0.9306,0.0621,-0.0005,0.0003,0.0006,0.4333,0.4633,1.4581,-0.0163,0.0409,0.0341,high_score
2022-07-13,603000.SH,人民网,互联网,0.2784,0.4583,1.0839,17.1954,0.5225,0.0029,-0.2581,0.1488,0.8948,0.1329,0.0028,0.0000,0.0002,-0.0020,0.4611,0.5148,1.2421,-0.0305,0.0019,0.0092,high_score
2022-09-16,603000.SH,人民网,互联网,1.5805,0.8235,2.0926,18.8966,0.8195,0.0535,0.0297,0.4385,0.9306,0.3790,0.0705,-0.0023,-0.0005,-0.0005,0.4389,0.4593,1.3461,0.0784,0.0850,0.0489,missed
2022-10-13,603000.SH,人民网,互联网,2.0384,0.8750,1.3792,18.8831,0.8136,0.0305,0.0335,0.2718,0.7738,0.2222,0.0320,-0.0053,-0.0015,-0.0006,0.3833,0.4500,1.0164,0.0506,0.1195,0.0488,missed
2022-11-30,603000.SH,人民网,互联网,1.2387,0.7451,2.2439,18.1569,0.2308,-0.1032,0.0257,0.3532,0.7222,0.2817,-0.0957,0.0030,-0.0005,0.0002,0.5389,0.4704,1.5414,0.0344,-0.0597,0.0224,missed
2022-09-27,603019.SH,中科曙光,IT设备,-0.8511,0.1154,1.0535,19.7149,0.2838,-0.1633,-0.1841,0.0238,0.0238,0.0119,-0.1291,-0.0038,-0.0026,-0.0018,0.4000,0.4229,0.9100,0.0034,-0.0091,0.0233,high_score
2022-10-10,603019.SH,中科曙光,IT设备,-0.1415,0.3200,1.2611,20.5111,0.1942,-0.2301,-0.2182,0.0040,0.0040,0.0040,-0.1713,-0.0085,-0.0034,-0.0018,0.3312,0.4167,0.7927,-0.0502,-0.0356,0.0214,high_score
2024-01-31,603019.SH,中科曙光,IT设备,-0.3933,0.2131,1.2977,20.8374,0.3093,-0.2180,-0.3189,0.0873,0.0040,0.0595,-0.1710,-0.0077,-0.0023,-0.0017,0.3611,0.4315,0.8688,-0.0362,-0.0821,0.1049,high_score
2024-02-05,603019.SH,中科曙光,IT设备,-0.2781,0.2985,1.6503,20.9343,0.3511,-0.2376,-0.2867,0.0675,0.0040,0.0397,-0.1828,-0.0071,-0.0031,-0.0017,0.3944,0.4241,0.8730,-0.0240,-0.0576,0.1038,high_score
2020-12-31,603077.SH,和邦生物,化工原料,0.1553,0.5542,1.7254,19.4966,0.4294,0.0143,0.0071,0.4425,0.4306,0.5794,0.0161,0.0011,0.0020,0.0018,0.5025,0.4944,1.1489,-0.0426,-0.1202,0.1176,missed
2021-01-21,603077.SH,和邦生物,化工原料,0.4542,0.5000,1.7826,19.0669,0.3796,0.0000,0.0455,0.3194,0.3135,0.4206,0.0000,0.0049,0.0027,0.0024,0.5409,0.5057,1.0908,-0.1001,-0.1709,0.1199,high_score
2021-02-19,603077.SH,和邦生物,化工原料,-0.0874,0.3860,1.3094,19.0826,0.3097,-0.0671,-0.0733,0.4306,0.4306,0.5337,-0.0898,0.0070,0.0034,0.0023,0.5182,0.4979,1.3537,-0.1270,-0.2437,0.1261,high_score
2021-03-01,603077.SH,和邦生物,化工原料,-0.1827,0.2947,1.2420,20.5592,0.6596,0.0753,0.1460,0.9147,0.8056,0.9405,0.0840,0.0030,0.0032,0.0023,0.4841,0.5021,1.4131,0.1143,-0.0824,0.1252,high_score
2021-04-28,603077.SH,和邦生物,化工原料,-0.4996,0.1408,1.2378,19.7705,0.8978,0.2239,0.2148,0.9802,1.0000,0.9524,0.1883,0.0005,0.0004,0.0018,0.5068,0.4894,0.7087,0.0842,0.2232,0.0966,high_score
2025-04-08,603129.SH,春风动力,摩托车,-0.0911,0.2593,1.0435,20.5156,0.3162,-0.0767,-0.1548,0.2143,0.1786,0.0357,-0.0513,-0.0053,0.0006,0.0013,0.4600,0.5200,0.9049,-0.1109,-0.0889,0.0659,high_score
2025-08-08,603156.SH,养元饮品,软饮料,0.1088,0.3725,1.2593,17.6912,0.0652,-0.1048,0.0205,0.4960,0.1111,0.8532,-0.2054,0.0009,-0.0002,0.0014,0.5000,0.5250,1.0013,-0.0117,-0.0890,0.1217,high_score
2025-04-29,603179.SH,新泉股份,汽车配件,1.3320,0.8049,1.4828,19.4648,0.0903,-0.1885,-0.2189,0.1389,0.0040,0.0040,-0.1224,-0.0038,0.0004,0.0010,0.4500,0.4758,0.8320,-0.0854,-0.2059,0.1131,missed
2024-11-01,603228.SH,景旺电子,元器件,1.4609,0.8125,1.7329,20.1871,0.1146,-0.0189,0.0095,0.7302,0.8095,0.2778,-0.0123,0.0104,0.0041,0.0022,0.5250,0.4924,2.5583,-0.2404,-0.2781,0.0933,missed
2024-12-09,603228.SH,景旺电子,元器件,1.0819,0.7818,1.2656,19.2138,0.0138,-0.0642,-0.0239,0.5833,0.7143,0.2341,-0.0400,-0.0023,0.0058,0.0028,0.4402,0.5076,1.4566,-0.0635,-0.4397,0.1437,missed
2025-01-06,603228.SH,景旺电子,元器件,-0.1904,0.1765,1.4248,20.3586,0.6193,0.0060,-0.1865,0.8056,0.8333,0.4881,0.0051,-0.0027,0.0023,0.0020,0.4348,0.4877,0.8592,0.1153,-0.1140,0.1706,high_score
2025-02-10,603228.SH,景旺电子,元器件,-0.1486,0.3939,1.3374,20.8379,0.9296,0.2337,0.3987,0.9762,0.9762,0.8770,0.1493,0.0083,0.0021,0.0042,0.5522,0.4909,1.0973,0.0712,0.1149,0.1528,high_score
2025-03-03,603228.SH,景旺电子,元器件,0.1562,0.3878,1.0038,20.6949,0.9296,0.3155,0.4177,0.9127,0.9167,0.8175,0.1862,0.0019,0.0030,0.0043,0.5076,0.5062,1.2755,-0.1383,0.1358,0.1363,high_score
2025-04-29,603228.SH,景旺电子,元器件,2.0498,0.9634,1.5488,20.0801,0.0414,-0.2484,0.0619,0.5635,0.0516,0.1587,-0.1340,-0.0047,-0.0012,0.0004,0.4707,0.4768,0.7890,-0.0985,-0.1608,0.0968,missed
2025-05-22,603228.SH,景旺电子,元器件,1.8492,0.9118,1.1859,20.4285,0.0565,-0.2643,0.1344,0.6508,0.1190,0.2381,-0.1570,0.0016,-0.0025,0.0005,0.4587,0.4489,0.8775,-0.0033,-0.1083,0.0811,missed
2020-12-31,603260.SH,合盛硅业,化工原料,0.7313,0.7590,4.9752,19.3608,0.7375,0.1837,0.1091,0.8492,0.8492,0.8214,0.1201,0.0011,0.0020,0.0018,0.5025,0.4944,1.1489,-0.1258,0.0493,0.1176,missed
2021-01-29,603260.SH,合盛硅业,化工原料,1.9720,0.9551,2.7004,19.6441,0.8807,0.3369,0.3644,0.9762,0.9762,0.9762,0.1898,0.0044,0.0020,0.0013,0.4955,0.4850,1.2289,0.2259,0.2332,0.1252,missed
2021-02-01,603260.SH,合盛硅业,化工原料,2.0757,0.8983,2.6872,19.3220,0.8381,0.2867,0.4329,0.9762,0.9762,0.9762,0.1652,0.0042,0.0025,0.0014,0.4955,0.4908,1.2536,0.2550,0.1479,0.1257,missed
2021-03-03,603260.SH,合盛硅业,化工原料,2.0539,0.8140,2.1204,19.3318,0.8624,0.2725,0.6810,0.9563,0.9563,0.9563,0.1408,0.0033,0.0032,0.0022,0.5068,0.5019,1.4188,-0.0060,0.1216,0.1248,missed
2021-06-10,603260.SH,合盛硅业,化工原料,1.8218,0.9600,1.1368,19.7584,0.8827,0.3116,0.7116,1.0000,0.9563,1.0000,0.1823,0.0084,0.0027,0.0026,0.5682,0.5136,1.5393,-0.0591,0.1556,0.0860,missed
2024-11-29,603444.SH,吉比特,互联网,1.7826,0.9630,1.2452,19.5441,0.3434,0.1628,0.1069,0.6429,0.8294,0.5833,0.0987,0.0112,0.0093,0.0033,0.5778,0.5519,1.8211,-0.2124,-0.5320,0.1025,missed
2024-12-04,603444.SH,吉比特,互联网,1.8983,0.9286,1.2974,19.1633,0.1358,0.0578,0.0968,0.5675,0.7659,0.5476,0.0360,0.0063,0.0091,0.0038,0.4778,0.5352,1.8233,-0.2193,-0.6584,0.1193,missed
2025-01-08,603444.SH,吉比特,互联网,1.3760,0.9545,1.6612,18.8559,0.2198,-0.0875,0.2968,0.6270,0.7698,0.5714,-0.0741,-0.0100,0.0025,0.0033,0.4111,0.4981,1.3006,0.1051,-0.2327,0.1934,missed
2025-02-11,603444.SH,吉比特,互联网,0.5645,0.6154,1.0885,19.6489,0.8329,0.0741,0.1913,0.9683,0.9683,0.9048,0.0714,0.0124,0.0033,0.0047,0.6000,0.5074,0.5925,-0.1692,-0.1298,0.2004,missed
2025-03-31,603444.SH,吉比特,互联网,0.2691,0.4250,1.0663,19.7172,0.6771,0.0141,0.0568,0.8056,1.0000,0.6508,0.0147,-0.0024,0.0007,0.0033,0.3722,0.4630,1.0431,0.0380,-0.0046,0.0976,high_score
2025-04-01,603444.SH,吉比特,互联网,0.2585,0.2791,1.0099,19.3939,0.6231,0.0053,0.0171,0.8571,1.0000,0.6825,0.0056,-0.0026,0.0007,0.0028,0.3667,0.4611,0.9612,0.0517,-0.0136,0.0955,high_score
2020-12-04,603486.SH,科沃斯,家用电器,2.1187,0.8276,1.3525,18.9568,0.9799,0.5754,1.3481,0.9325,0.9325,0.9325,0.3424,-0.0012,0.0025,0.0029,0.4583,0.5083,1.6059,-0.0081,0.4040,0.1434,missed
2025-01-10,603486.SH,科沃斯,家用电器,1.0198,0.7297,1.1782,18.8854,0.3957,-0.0542,0.0801,0.5516,0.5556,0.4484,-0.0365,-0.0011,0.0006,0.0007,0.4333,0.4819,0.9258,-0.1242,-0.0807,0.0660,missed
2025-02-05,603486.SH,科沃斯,家用电器,0.7411,0.6977,1.0658,19.6841,0.1508,-0.1472,0.0835,0.5159,0.5119,0.4048,-0.1141,0.0005,0.0003,0.0011,0.4833,0.4833,1.2108,-0.1098,-0.1578,0.0612,missed
2020-12-02,603565.SH,中谷物流,水运,1.3802,0.7925,1.2532,17.9131,,,,,,,,0.0093,0.0020,0.0029,0.5100,0.4467,3.1130,-0.2042,,0.1290,missed
2021-03-05,603596.SH,伯特利,汽车配件,1.4849,0.8636,1.2580,17.9135,0.2054,-0.1243,-0.0729,0.3135,0.2183,0.2381,-0.0691,-0.0015,0.0008,0.0012,0.4550,0.4675,1.0930,-0.0003,-0.1667,0.0911,missed
2021-04-30,603596.SH,伯特利,汽车配件,1.8325,0.9111,1.4735,18.4545,0.2381,-0.1145,-0.1924,0.2143,0.0397,0.0079,-0.0826,0.0033,-0.0002,0.0007,0.4875,0.4625,0.9023,0.0222,-0.0888,0.0836,missed
2021-05-21,603596.SH,伯特利,汽车配件,1.7285,0.9200,1.6008,18.6192,0.1849,-0.1664,-0.2295,0.2619,0.1111,0.0992,-0.1427,-0.0027,-0.0009,0.0000,0.4125,0.4475,1.3010,-0.0056,-0.0997,0.0686,missed
2021-06-29,603596.SH,伯特利,汽车配件,1.8265,0.8750,1.0088,18.7366,0.8340,0.2418,0.0477,0.3770,0.2063,0.2183,0.1819,0.0028,0.0026,0.0015,0.4925,0.4958,1.2095,-0.0837,0.0794,0.0590,missed
2021-02-08,603606.SH,东方电缆,电气设备,2.4990,0.9474,1.0011,19.6187,0.6804,0.0993,-0.0013,0.7341,0.5675,0.6310,0.0727,0.0006,0.0032,0.0024,0.4934,0.5056,1.5247,-0.0916,-0.1244,0.1365,missed
2021-03-25,603606.SH,东方电缆,电气设备,2.5898,1.0000,1.2490,18.8439,0.2549,-0.1219,-0.0920,0.5159,0.4603,0.4603,-0.0882,-0.0034,-0.0009,0.0016,0.4765,0.4840,0.8110,0.0065,-0.0538,0.1327,missed
2021-04-30,603606.SH,东方电缆,电气设备,2.2118,0.9630,1.1738,18.9310,0.1779,-0.1542,0.0627,0.5833,0.0476,0.1825,-0.1444,0.0017,-0.0007,0.0015,0.4851,0.4837,0.8111,-0.0562,-0.1109,0.0799,missed
2021-05-27,603606.SH,东方电缆,电气设备,2.3163,0.9512,2.0284,18.4876,0.1427,-0.1191,-0.0840,0.2341,0.0317,0.0556,-0.1338,0.0025,0.0011,0.0016,0.4974,0.4955,1.1305,-0.1988,-0.1931,0.0592,missed
2021-06-18,603606.SH,东方电缆,电气设备,2.2568,0.9600,2.0090,18.6805,0.1006,-0.1684,-0.1279,0.1468,0.0119,0.0516,-0.1670,0.0044,0.0028,0.0018,0.5103,0.4918,1.2579,-0.1280,-0.3469,0.0721,missed
2021-07-20,603606.SH,东方电缆,电气设备,0.5905,0.3913,1.0645,19.1122,0.5049,-0.0150,-0.1163,0.5079,0.2262,0.2302,-0.0155,0.0058,0.0047,0.0022,0.5167,0.5094,1.5144,-0.0048,-0.3571,0.1305,high_score
2021-08-26,603606.SH,东方电缆,电气设备,0.9030,0.6596,1.3680,19.5936,0.7790,0.2362,0.1004,0.8155,0.3710,0.2639,0.2172,0.0066,0.0065,0.0041,0.5225,0.5267,1.8784,-0.0912,-0.2263,0.2181,missed
2021-09-01,603606.SH,东方电缆,电气设备,1.0286,0.6406,1.4950,19.6355,0.7901,0.2373,0.1530,0.7302,0.3571,0.2262,0.2481,0.0029,0.0064,0.0046,0.4939,0.5260,1.7742,-0.1178,-0.2057,0.2290,missed
2021-10-26,603606.SH,东方电缆,电气设备,1.0581,0.7625,1.3799,20.5884,0.9508,0.5172,0.5697,0.9921,0.5476,0.8849,0.2846,0.0042,0.0043,0.0049,0.5187,0.5117,0.9964,0.1098,0.2701,0.2195,missed
2020-12-16,603659.SH,璞泰来,化工原料,1.6101,0.8333,1.1539,19.5705,0.3199,-0.0601,0.0223,0.6349,0.9325,0.0159,-0.0408,-0.0002,0.0014,0.0031,0.4426,0.4793,1.6112,-0.0338,-0.1631,0.1250,missed
2021-01-27,603659.SH,璞泰来,化工原料,2.7285,0.9596,1.4378,19.7313,0.3040,-0.0485,-0.0606,0.5595,0.8532,0.0198,-0.0271,0.0067,0.0031,0.0018,0.5318,0.5021,1.1789,-0.2111,-0.2341,0.1243,missed
2021-02-26,603659.SH,璞泰来,化工原料,3.0194,0.9848,1.8920,19.5064,0.2113,-0.1200,-0.1027,0.2540,0.3651,0.0040,-0.0701,0.0017,0.0025,0.0021,0.4636,0.4956,1.4091,-0.2270,-0.2390,0.1253,missed
2021-03-03,603659.SH,璞泰来,化工原料,3.0164,0.9651,1.8445,18.5016,0.2794,-0.0906,-0.0914,0.2619,0.4484,0.0079,-0.0523,0.0033,0.0032,0.0022,0.5068,0.5019,1.4188,-0.1785,-0.2415,0.1248,missed
2021-04-01,603659.SH,璞泰来,化工原料,1.5503,0.8929,1.2645,19.0500,0.1662,-0.1497,-0.1220,0.3175,0.5317,0.0913,-0.0970,-0.0015,0.0023,0.0020,0.4659,0.4962,1.2491,0.0868,-0.2770,0.1114,missed
2020-12-17,603688.SH,石英股份,矿物制品,0.8258,0.7059,1.1456,18.5108,0.4548,-0.0106,-0.0707,0.3671,0.3671,0.1587,-0.0094,0.0016,0.0007,0.0005,0.5167,0.4722,1.7187,0.1127,-0.0336,0.0134,missed
2021-01-21,603688.SH,石英股份,矿物制品,1.3834,0.9500,1.4604,18.1879,0.2664,-0.0345,-0.0858,0.1310,0.1825,0.1151,-0.0259,0.0013,0.0016,0.0007,0.5000,0.5111,1.1962,-0.1496,-0.1172,0.0199,missed
2021-02-19,603688.SH,石英股份,矿物制品,1.1289,0.8070,2.1231,17.8613,0.4588,-0.0042,-0.1844,0.0516,0.0516,0.0516,-0.0031,-0.0031,-0.0001,-0.0007,0.5167,0.5167,1.5202,-0.0096,0.0279,0.0326,missed
2021-03-02,603688.SH,石英股份,矿物制品,1.0163,0.6571,2.1266,18.3471,0.3248,-0.0751,-0.2440,0.1071,0.1071,0.1071,-0.0559,0.0004,0.0011,0.0001,0.5000,0.5111,1.3854,-0.0342,-0.1222,0.0371,missed
2021-04-07,603688.SH,石英股份,矿物制品,1.0364,0.7200,2.3362,17.8144,0.1041,-0.2413,-0.1856,0.1230,0.0159,0.1071,-0.2037,0.0013,0.0000,0.0003,0.5500,0.5000,1.2442,0.0849,-0.2156,0.0716,missed
2021-05-31,603688.SH,石英股份,矿物制品,1.6281,0.8333,2.1719,18.9363,0.5846,0.0343,-0.0434,0.3849,0.1667,0.3770,0.0360,-0.0035,-0.0007,0.0002,0.5167,0.5222,0.8525,0.1571,0.1210,0.0883,missed
2021-06-24,603688.SH,石英股份,矿物制品,2.2093,0.9355,1.6915,18.5564,0.8563,0.3158,-0.0372,0.7222,0.4524,0.5754,0.3209,0.0043,0.0005,0.0001,0.5167,0.5500,1.3279,0.2195,0.3135,0.0764,missed
2021-07-01,603688.SH,石英股份,矿物制品,1.4966,0.8545,1.4968,18.5139,0.8689,0.3068,-0.0191,0.7500,0.4841,0.6310,0.3157,0.0019,0.0007,0.0004,0.5167,0.5389,1.4178,0.0983,0.3022,0.0794,missed
2021-08-23,603688.SH,石英股份,矿物制品,1.5160,0.7273,1.2985,19.5986,0.9738,0.9402,0.9111,0.9960,0.9960,0.9881,0.5558,0.0049,0.0076,0.0030,0.5833,0.5722,1.9422,0.0084,0.4059,0.1717,missed
2021-09-08,603688.SH,石英股份,矿物制品,1.8179,0.9231,1.5828,19.5363,0.9697,0.9507,1.4027,0.9881,0.9881,0.9881,0.4820,0.0074,0.0088,0.0040,0.6000,0.5833,1.5513,0.0614,0.3309,0.2246,missed
2021-10-28,603688.SH,石英股份,矿物制品,2.3412,0.9506,1.4241,19.7460,0.9781,0.7197,1.9268,1.0000,1.0000,1.0000,0.2902,0.0036,0.0057,0.0045,0.5500,0.5889,0.7776,0.2041,0.3704,0.2784,missed
2021-11-15,603688.SH,石英股份,矿物制品,1.5502,0.7667,1.5193,20.0794,0.9891,0.6405,2.3978,0.9762,0.9762,0.9762,0.2460,0.0066,0.0042,0.0058,0.6333,0.5778,0.7006,0.1519,0.4003,0.2691,missed
2021-12-21,603688.SH,石英股份,矿物制品,1.5401,0.8462,1.0200,19.1132,0.9689,0.4587,1.6199,0.9365,0.9365,0.9365,0.2283,-0.0003,0.0036,0.0060,0.3667,0.5000,1.3867,0.0156,0.2450,0.2104,missed
2022-01-12,603688.SH,石英股份,矿物制品,1.5066,0.9583,1.4870,19.5771,0.9015,0.1981,1.1693,0.8373,0.8373,0.8373,0.1187,-0.0058,0.0022,0.0037,0.3667,0.4722,0.8742,0.0527,0.0970,0.1992,missed
2022-02-14,603688.SH,石英股份,矿物制品,1.5966,0.9643,1.5551,19.3951,0.2335,-0.1627,0.5043,0.7381,0.7381,0.7381,-0.1015,-0.0029,-0.0016,0.0018,0.3667,0.3833,0.5674,0.0107,-0.0434,0.1263,missed
2022-03-28,603688.SH,石英股份,矿物制品,1.2028,0.7903,1.0899,18.2720,0.6300,-0.1017,0.4577,0.7817,0.7817,0.7817,-0.0751,-0.0067,-0.0032,0.0007,0.3000,0.3944,1.0328,0.0738,0.0876,0.0339,missed
2022-04-08,603688.SH,石英股份,矿物制品,1.5893,0.9000,1.2791,18.9526,0.7885,-0.0120,0.5575,0.7103,0.7103,0.7103,-0.0084,-0.0033,-0.0026,0.0010,0.3833,0.4000,0.9756,0.0974,0.1422,0.0078,missed
2022-10-28,603699.SH,纽威股份,机械基件,3.2806,0.9947,1.0264,17.4901,0.5675,-0.0883,0.0488,0.1032,0.4762,0.1151,-0.0879,0.0005,-0.0014,0.0043,0.5000,0.4944,1.0012,0.0104,0.0147,0.1681,missed
2024-12-27,603699.SH,纽威股份,机械基件,0.2899,0.4348,1.0021,17.9204,0.6570,0.1438,0.3456,0.8492,0.6984,0.8492,0.1188,0.0068,0.0080,0.0051,0.5167,0.4889,1.1121,-0.2068,-0.3730,0.2200,high_score
2025-01-03,603699.SH,纽威股份,机械基件,0.2477,0.4390,1.1688,18.0669,0.6156,-0.0299,0.2671,0.7540,0.5397,0.7857,-0.0272,0.0055,0.0057,0.0056,0.4333,0.4667,1.2237,-0.2358,-0.4331,0.2326,high_score
2025-02-11,603699.SH,纽威股份,机械基件,-0.8803,0.1026,1.0705,18.9928,0.8970,0.1455,0.5716,0.9921,0.9921,0.9921,0.1287,0.0298,0.0115,0.0097,0.6167,0.5056,2.1522,-0.4738,-0.9616,0.3900,high_score
2025-04-30,603699.SH,纽威股份,机械基件,-0.2898,0.1538,1.3368,19.2427,0.4918,-0.0241,0.1860,0.9048,0.0397,0.5119,-0.0193,0.0002,0.0034,0.0076,0.5000,0.4611,0.7023,-0.0442,-0.1810,0.8997,high_score
2025-05-15,603699.SH,纽威股份,机械基件,0.0893,0.3810,1.2086,17.9719,0.6048,-0.0018,0.1709,0.9583,0.1250,0.5575,-0.0015,0.0033,0.0014,0.0058,0.4667,0.4667,0.7360,0.0768,-0.0280,0.7985,high_score
2025-07-31,603699.SH,纽威股份,机械基件,-0.5004,0.0784,1.2047,18.3694,0.6010,0.0666,0.0130,0.8016,0.1587,0.8968,0.0742,0.0054,0.0006,0.0008,0.5333,0.5111,1.2569,-0.1755,0.0516,0.0711,high_score
2021-11-10,603728.SH,鸣志电器,电气设备,3.1433,1.0000,1.2804,17.4650,0.4447,-0.0274,-0.0560,0.5992,0.3810,0.3135,-0.0198,0.0069,0.0033,0.0052,0.5532,0.5100,0.8659,-0.0522,-0.2010,0.1956,missed
2022-04-20,603728.SH,鸣志电器,电气设备,3.2035,0.8542,1.6492,18.1023,0.1215,-0.3417,-0.1395,0.0794,0.0397,0.0397,-0.2725,-0.0087,-0.0046,-0.0021,0.3489,0.4194,0.9353,0.0397,-0.0785,0.0055,missed
2022-05-26,603728.SH,鸣志电器,电气设备,3.2721,0.9500,2.3364,17.1136,0.1173,-0.2816,-0.4072,0.0675,0.0675,0.0675,-0.2210,0.0112,-0.0022,-0.0025,0.6023,0.4538,0.9076,-0.1664,-0.1387,0.0003,missed
2022-06-06,603728.SH,鸣志电器,电气设备,3.1856,0.9375,1.9424,17.9662,0.3262,-0.1386,-0.4075,0.1587,0.1111,0.1548,-0.1043,0.0120,0.0000,-0.0017,0.6409,0.4811,1.0732,-0.0785,-0.1092,0.0020,missed
2022-10-31,603728.SH,鸣志电器,电气设备,3.3106,0.9961,1.1839,19.4111,0.2565,-0.1774,1.0952,0.7619,0.5516,0.7381,-0.0675,-0.0030,-0.0026,0.0019,0.4567,0.4500,0.7261,-0.2161,-0.0198,0.1233,missed
2024-07-22,603766.SH,隆鑫通用,摩托车,1.3092,0.8077,1.1252,18.1803,0.4376,-0.0728,0.2150,0.6746,0.4167,0.6786,-0.0643,-0.0039,-0.0003,0.0031,0.4500,0.4733,0.7440,-0.0432,-0.0395,0.1732,missed
2024-08-13,603766.SH,隆鑫通用,摩托车,1.2050,0.6061,1.1034,18.3641,0.3266,-0.1758,0.3457,0.6667,0.5159,0.6706,-0.1694,0.0042,-0.0013,0.0039,0.5000,0.4533,0.8387,-0.1108,-0.0843,0.1151,missed
2024-09-02,603766.SH,隆鑫通用,摩托车,1.5177,0.8525,1.1645,18.9444,0.7415,-0.0465,0.2779,0.8413,0.7421,0.7976,-0.0397,0.0016,0.0000,0.0029,0.5000,0.4633,1.2878,0.0050,-0.0234,0.0711,missed
2025-01-06,603799.SH,华友钴业,小金属,0.1571,0.4118,1.3670,20.5484,0.6244,0.0068,0.2145,0.4940,0.6548,0.3651,0.0056,-0.0050,0.0002,0.0013,0.3750,0.4719,0.5399,-0.0363,0.0115,0.0971,high_score
2025-04-08,603799.SH,华友钴业,小金属,1.5270,0.7778,1.3860,21.3964,0.7804,0.0429,-0.0337,0.4643,0.5159,0.3849,0.0389,-0.0065,-0.0002,-0.0005,0.3625,0.4708,1.4956,-0.1232,0.0615,0.0149,missed
2025-05-13,603799.SH,华友钴业,小金属,-0.2889,0.2609,1.0282,20.5929,0.9009,0.1374,-0.0595,0.8889,0.3929,0.7937,0.1206,0.0026,-0.0000,-0.0010,0.5250,0.4729,0.7557,0.0930,0.1485,0.0213,high_score
2020-12-07,603806.SH,福斯特,塑料,1.3780,0.6667,1.5627,19.3539,0.6863,0.0643,0.6967,0.8254,0.8254,0.7460,0.0436,0.0016,0.0009,0.0039,0.5000,0.4750,1.1605,-0.0328,0.0365,0.1182,missed
2021-01-15,603806.SH,福斯特,塑料,1.3822,0.9000,1.0070,19.8574,0.6382,0.1007,0.4023,0.9246,0.9246,0.9087,0.0778,0.0072,0.0034,0.0031,0.6500,0.5250,1.1771,-0.1006,-0.0962,0.0725,missed
2021-03-23,603806.SH,福斯特,塑料,0.7241,0.6111,1.0768,19.5270,0.3540,-0.0846,0.1417,0.7302,0.7302,0.7143,-0.0580,-0.0101,0.0018,0.0022,0.3500,0.5167,0.9382,0.0256,-0.1642,0.2253,missed
2021-02-19,603893.SH,瑞芯微,半导体,1.9703,0.9649,1.2010,18.3986,0.0114,-0.2570,-0.2672,0.2421,0.2460,0.1786,-0.1723,-0.0021,0.0009,0.0012,0.4955,0.5097,1.2281,0.0035,-0.3042,0.1573,missed
2021-03-29,603893.SH,瑞芯微,半导体,2.2537,0.8636,1.1836,17.8544,0.2099,-0.1273,-0.1625,0.2222,0.2262,0.1270,-0.0909,-0.0076,-0.0021,-0.0000,0.4076,0.4737,0.6486,0.0894,0.0127,0.0840,missed
2024-04-02,603893.SH,瑞芯微,半导体,0.3989,0.5000,1.3113,18.2840,0.0748,-0.2091,-0.1841,0.0437,0.0873,0.0437,-0.1554,-0.0031,-0.0021,-0.0008,0.4367,0.4370,1.4367,-0.0228,-0.0732,0.0109,high_score
2024-05-09,603893.SH,瑞芯微,半导体,0.0388,0.2647,2.2179,18.8753,0.6984,0.2572,-0.1677,0.3095,1.0000,0.2579,0.1797,0.0034,0.0031,-0.0012,0.5065,0.5017,0.7799,0.1476,0.0748,0.0172,high_score
2024-06-03,603893.SH,瑞芯微,半导体,-0.1289,0.3860,1.8858,19.2663,0.6169,0.0409,-0.1337,0.3413,0.9643,0.2460,0.0348,-0.0004,-0.0008,-0.0011,0.4417,0.4484,1.0249,-0.0079,0.0986,0.0317,high_score
2024-07-02,603893.SH,瑞芯微,半导体,-0.6996,0.1087,2.0721,18.9246,0.8687,0.1159,-0.0894,0.3492,0.8929,0.2421,0.0999,-0.0006,-0.0001,-0.0009,0.4667,0.4571,1.7254,0.0124,0.1354,0.0402,high_score
2024-08-29,603893.SH,瑞芯微,半导体,-0.5771,0.0556,1.7885,19.0201,0.6003,-0.0929,-0.0423,0.1210,0.6389,0.0714,-0.0915,-0.0072,-0.0012,-0.0008,0.3607,0.4539,0.8550,-0.0302,-0.0099,0.0543,high_score
2024-09-19,603893.SH,瑞芯微,半导体,-0.4532,0.2174,1.8248,18.8016,0.4156,-0.1074,-0.0190,0.1111,0.6071,0.0635,-0.1109,-0.0037,-0.0018,-0.0010,0.4127,0.4481,0.6251,0.0078,0.0065,0.0482,high_score
2024-12-13,603893.SH,瑞芯微,半导体,-0.6526,0.1915,1.1565,20.9495,0.9333,0.8254,0.5585,0.9841,0.9841,0.9762,0.4758,0.0019,0.0090,0.0033,0.4830,0.5028,0.9656,0.0512,0.2007,0.1352,high_score
2024-02-21,603920.SH,世运电路,元器件,1.3171,0.8182,1.2271,18.5088,0.1610,-0.2200,-0.1169,0.0341,0.0341,0.0341,-0.1734,-0.0026,-0.0032,-0.0006,0.4267,0.4052,1.1001,-0.0657,-0.0340,0.0327,missed
2024-04-19,603920.SH,世运电路,元器件,1.8201,0.7273,1.1142,18.7409,0.3714,-0.0121,0.0355,0.1546,0.9277,0.0120,-0.0065,-0.0056,0.0004,0.0001,0.3742,0.4666,1.2656,-0.0473,-0.0108,0.0270,missed
2024-05-16,603920.SH,世运电路,元器件,1.8449,0.9333,1.0205,19.3529,0.9203,0.3709,0.0022,0.8072,0.9197,0.0402,0.2367,0.0033,0.0035,-0.0003,0.5174,0.5090,0.9060,0.0147,0.1529,0.0544,missed
2025-04-10,603920.SH,世运电路,元器件,3.0291,0.9545,1.2333,20.7821,0.0678,-0.1709,-0.0138,0.5238,0.5516,0.4325,-0.0815,-0.0096,-0.0003,0.0010,0.4043,0.4822,0.9905,-0.0331,-0.1330,0.1060,missed
2025-05-28,603920.SH,世运电路,元器件,3.1004,0.9545,1.5270,19.8551,0.0715,-0.2581,-0.1254,0.4802,0.3175,0.4008,-0.1769,-0.0000,-0.0026,0.0009,0.4348,0.4482,0.9059,0.0061,-0.0972,0.0719,missed
2025-08-08,603920.SH,世运电路,元器件,2.7348,0.9608,1.0414,20.6360,0.8570,0.2135,-0.1079,0.7738,0.4762,0.7222,0.1646,0.0043,0.0033,0.0011,0.4728,0.4880,1.4281,-0.0094,-0.0114,0.0872,missed
2020-12-29,603979.SH,金诚信,铜,0.4960,0.6393,1.0129,18.2351,0.5877,0.0652,0.0082,0.6052,0.6052,0.5714,0.0628,-0.0040,0.0030,0.0018,0.4500,0.5208,1.8976,0.0340,-0.1162,0.0890,missed
2025-04-14,603979.SH,金诚信,铜,1.8491,0.8571,1.1818,20.1925,0.2246,-0.0635,-0.1376,0.0476,0.0476,0.0278,-0.0498,-0.0048,-0.0005,-0.0005,0.4188,0.4792,1.5078,-0.0782,-0.0240,0.0178,missed
2025-04-07,603986.SH,兆易创新,半导体,0.2246,0.2603,1.1936,21.7204,0.7629,0.0117,0.1192,0.7381,0.7381,0.7381,0.0072,-0.0096,-0.0002,0.0000,0.3622,0.4524,1.0415,-0.0466,0.0431,0.1018,high_score
2025-05-28,603986.SH,兆易创新,半导体,-0.4063,0.2121,1.7507,20.9760,0.2422,-0.1513,0.3639,0.6944,0.0079,0.6270,-0.1264,-0.0020,-0.0023,0.0006,0.4275,0.4267,0.8822,0.0485,-0.0074,0.0626,high_score
2025-06-30,603986.SH,兆易创新,半导体,0.4390,0.5200,1.0500,21.3023,0.7930,0.0826,0.1003,0.8214,0.1468,0.7937,0.0751,0.0022,0.0001,-0.0000,0.5693,0.4932,0.8506,0.0854,0.1000,0.0297,missed
2025-07-24,603986.SH,兆易创新,半导体,1.0524,0.8846,1.5855,21.4222,0.3664,0.0467,-0.1345,0.6468,0.0714,0.6190,0.0481,0.0012,0.0002,0.0003,0.5300,0.5008,1.2400,-0.0652,0.0446,0.0192,missed
2025-08-04,603986.SH,兆易创新,半导体,1.0897,0.7206,1.9465,21.3663,0.1506,-0.0447,-0.1173,0.6468,0.0992,0.6230,-0.0498,0.0027,0.0003,-0.0001,0.5400,0.4999,1.2224,-0.0702,-0.0561,0.0176,missed
2025-01-02,603993.SH,洛阳钼业,小金属,-0.1680,0.3247,1.1636,20.9304,0.0867,-0.1702,-0.2623,0.2183,0.0238,0.1389,-0.1864,-0.0053,-0.0005,0.0013,0.3688,0.4615,0.5719,-0.0225,-0.1205,0.0992,high_score
2025-02-19,603993.SH,洛阳钼业,小金属,0.5342,0.5455,1.4961,20.4853,0.3681,-0.0595,-0.0373,0.2123,0.0794,0.1349,-0.0777,0.0001,-0.0007,0.0020,0.4625,0.4656,0.9309,-0.0124,-0.0102,0.0572,missed
2025-03-05,603993.SH,洛阳钼业,小金属,0.4130,0.6316,1.4057,20.6211,0.3116,-0.0856,-0.0782,0.1389,0.0595,0.0635,-0.1194,0.0013,-0.0009,0.0021,0.4562,0.4458,1.2263,-0.0774,-0.0241,0.0356,missed
2025-04-18,603993.SH,洛阳钼业,小金属,0.0768,0.2857,2.5002,20.3656,0.4605,-0.0261,-0.1933,0.0615,0.0317,0.0317,-0.0241,-0.0051,-0.0007,-0.0003,0.4094,0.4531,1.1688,-0.0472,0.0232,0.0157,high_score
2025-05-19,603993.SH,洛阳钼业,小金属,-0.0456,0.3396,2.1552,20.2604,0.7158,0.0360,-0.0362,0.3353,0.0833,0.0595,0.0324,0.0030,0.0004,-0.0004,0.5469,0.4865,0.7542,0.0208,0.0177,0.0248,high_score
2025-06-27,603993.SH,洛阳钼业,小金属,-0.3080,0.4000,1.1072,21.9270,0.8156,0.0765,0.2046,0.8948,0.2579,0.6151,0.0749,0.0032,0.0007,0.0006,0.5250,0.5052,1.1925,0.0796,0.0444,0.0304,high_score
2025-07-09,603993.SH,洛阳钼业,小金属,-0.5147,0.0968,1.3747,21.9996,0.8795,0.2249,0.1449,0.8333,0.2500,0.5476,0.2574,0.0012,0.0021,0.0009,0.4844,0.5062,1.2121,0.0190,0.0971,0.0338,high_score
2025-08-05,603993.SH,洛阳钼业,小金属,-1.0129,0.0175,1.1535,21.1889,0.9247,0.2885,0.2624,1.0000,0.3651,0.9841,0.3289,0.0075,0.0038,0.0020,0.5469,0.5156,1.8575,-0.0596,0.0379,0.0664,high_score
2021-04-23,605117.SH,德业股份,电气设备,3.0424,0.9861,3.0862,17.0200,,,,,,,,0.0039,-0.0009,0.0016,0.5118,0.4826,0.7879,,,0.0915,missed
2021-05-11,605117.SH,德业股份,电气设备,3.0170,1.0000,3.4310,17.8695,,,,,,,,0.0009,-0.0011,0.0011,0.4714,0.4761,0.8647,,,0.0735,missed
2021-06-10,605117.SH,德业股份,电气设备,1.5565,0.8800,2.2837,19.0647,,,,,,,,0.0072,0.0027,0.0020,0.5385,0.4920,1.2431,0.0225,,0.0654,missed
2021-12-22,605117.SH,德业股份,电气设备,1.3913,0.8846,1.2660,19.2400,0.8931,0.2701,0.9526,0.7048,0.7048,0.6687,0.1121,-0.0024,0.0020,0.0038,0.4577,0.4970,1.2837,-0.0829,0.1761,0.1311,missed
2022-04-01,605117.SH,德业股份,电气设备,0.9999,0.5952,1.2005,19.3826,0.4437,-0.1682,-0.0594,0.4569,0.4569,0.2931,-0.0848,-0.0044,-0.0034,-0.0008,0.4205,0.4364,1.0499,-0.1614,0.0406,0.0209,missed
2023-12-12,605117.SH,德业股份,电气设备,0.6174,0.5152,1.1112,19.5891,0.0114,-0.2880,-0.5838,0.0040,0.0040,0.0040,-0.2653,-0.0036,-0.0017,-0.0018,0.3904,0.4184,1.0600,-0.1420,-0.1885,0.0071,missed
2025-06-19,605117.SH,德业股份,电气设备,-0.2145,0.2609,1.5908,20.6827,0.0025,-0.4624,-0.4237,0.0040,0.0040,0.0357,-0.3444,-0.0020,-0.0021,-0.0008,0.4404,0.4652,0.9793,-0.4038,-0.3346,0.0209,high_score
2025-07-08,605117.SH,德业股份,电气设备,0.0535,0.2963,1.3010,21.0684,0.0038,-0.3300,-0.3881,0.0675,0.0675,0.1667,-0.2806,0.0030,0.0018,0.0003,0.5372,0.5035,1.1320,-0.4086,-0.4398,0.0195,high_score
2025-08-13,605117.SH,德业股份,电气设备,-0.1011,0.2245,1.9050,21.5986,0.0038,-0.3781,-0.3904,0.1706,0.1706,0.2857,-0.3226,0.0037,0.0019,0.0004,0.5309,0.4940,1.6336,-0.0521,-0.4884,0.0392,high_score
2025-08-14,605358.SH,立昂微,半导体,1.5748,0.9412,1.2291,19.8185,0.4517,0.0377,-0.0340,0.6329,,0.8294,0.0613,0.0034,0.0010,0.0000,0.5545,0.5159,1.2680,0.0005,-0.0184,0.0198,missed
2021-05-31,605499.SH,东鹏饮料,软饮料,1.6610,0.8542,1.1155,16.7285,,,,,,,,0.0151,0.0063,0.0032,0.5000,0.5667,2.5514,,,0.0557,missed
2024-06-28,688002.SH,睿创微纳,通信设备,0.4313,0.5439,1.2295,19.1221,0.0391,-0.2990,-0.3719,0.0079,0.0079,0.0079,-0.2196,-0.0008,-0.0004,0.0013,0.4818,0.4576,0.7699,-0.0349,-0.2738,0.1142,missed
2024-08-30,688002.SH,睿创微纳,通信设备,1.5229,0.8632,1.5185,18.6699,0.3216,-0.1469,-0.3359,0.0437,0.0437,0.0357,-0.1339,-0.0025,-0.0014,-0.0007,0.4432,0.4553,0.9034,0.0010,-0.0502,0.0362,missed
2024-09-03,688002.SH,睿创微纳,通信设备,1.7674,0.8293,1.5557,18.0632,0.2648,-0.1775,-0.3757,0.0397,0.0397,0.0317,-0.1628,-0.0017,-0.0014,-0.0013,0.4477,0.4523,0.8904,-0.0198,-0.0816,0.0344,missed
2025-04-22,688002.SH,睿创微纳,通信设备,-0.6862,0.1875,1.0202,19.5044,0.6976,0.0399,0.0530,0.7817,0.4683,0.7222,0.0312,-0.0049,-0.0013,-0.0004,0.4636,0.4917,0.7317,-0.0254,0.1328,0.0500,high_score
2025-08-05,688002.SH,睿创微纳,通信设备,-0.6758,0.0702,1.2499,19.6209,0.6826,0.0959,0.1943,0.9048,0.8175,0.9048,0.1031,0.0044,0.0026,0.0010,0.5205,0.5121,1.2394,-0.1433,-0.0834,0.0854,high_score
2025-01-24,688008.SH,澜起科技,半导体,-0.3120,0.2667,1.1220,21.3746,0.7236,0.0355,0.2116,0.9365,0.9444,0.9008,0.0233,-0.0021,0.0013,0.0036,0.4227,0.4774,1.0538,-0.0686,-0.0346,0.1668,high_score
2025-05-06,688008.SH,澜起科技,半导体,-0.9840,0.1000,1.0929,21.3844,0.8469,0.1372,0.1949,0.9603,0.0595,0.7341,0.1002,0.0015,0.0012,0.0014,0.5145,0.4733,0.7655,0.0102,0.0898,0.0900,high_score
2025-08-08,688008.SH,澜起科技,半导体,-0.3643,0.2353,1.8369,21.4103,0.8055,0.1689,0.2462,0.9960,0.3214,0.9960,0.1788,0.0018,0.0005,0.0000,0.5236,0.5044,1.2242,0.0645,0.1439,0.0183,high_score
2025-08-14,688012.SH,中微公司,半导体,-0.9689,0.0588,1.4969,21.6818,0.6123,0.0884,-0.0637,0.6587,0.8690,0.4881,0.1160,0.0034,0.0010,0.0000,0.5545,0.5159,1.2680,0.0087,0.0322,0.0198,high_score
2024-07-23,688017.SH,绿的谐波,机械基件,0.1336,0.4000,1.0004,19.0636,0.0164,-0.4076,-0.4296,0.0040,0.4762,0.0040,-0.2950,-0.0033,-0.0035,-0.0010,0.4167,0.3944,1.0300,-0.0800,-0.2181,0.0689,high_score
2024-08-30,688017.SH,绿的谐波,机械基件,-0.1980,0.2000,1.0094,19.2825,0.0113,-0.4160,-0.5001,0.0278,0.3373,0.0278,-0.2963,0.0004,-0.0023,-0.0015,0.4500,0.4056,1.4023,-0.1501,-0.2842,-0.0046,high_score
2025-05-29,688017.SH,绿的谐波,机械基件,0.7684,0.6585,1.0101,20.0020,0.0464,-0.2321,0.0841,0.5675,0.9325,0.2143,-0.1564,-0.0015,-0.0008,0.0060,0.5167,0.4944,0.7809,-0.1357,-0.1714,0.5584,missed
2025-08-14,688017.SH,绿的谐波,机械基件,1.6360,0.9706,1.3697,20.7126,0.3827,0.0237,-0.1895,0.7143,0.9484,0.4762,0.0208,0.0064,0.0028,0.0003,0.5333,0.5278,1.8155,-0.0551,-0.1332,0.0786,missed
2024-01-30,688018.SH,乐鑫科技,半导体,3.2138,0.9054,1.0463,18.8229,0.1850,-0.2476,-0.2734,0.0119,0.1627,0.0119,-0.2492,-0.0110,-0.0049,-0.0025,0.3240,0.3955,0.8703,0.0229,0.0120,0.0405,missed
2024-02-01,688018.SH,乐鑫科技,半导体,3.1069,1.0000,1.1277,18.9259,0.2535,-0.2439,-0.2615,0.0198,0.1627,0.0159,-0.2271,-0.0104,-0.0054,-0.0026,0.3481,0.3923,0.8850,0.0470,0.0379,0.0382,missed
2024-03-28,688018.SH,乐鑫科技,半导体,3.1343,0.9468,2.6548,18.7989,0.2712,-0.0629,-0.1000,0.0873,0.0119,0.0873,-0.0464,-0.0028,-0.0015,-0.0008,0.4279,0.4515,1.5588,0.0236,0.0421,0.0129,missed
2024-04-10,688018.SH,乐鑫科技,半导体,3.4428,0.8333,2.1435,18.2026,0.3232,-0.0486,-0.1276,0.1151,0.0159,0.1190,-0.0333,-0.0059,-0.0018,-0.0015,0.3997,0.4493,1.2279,0.0877,0.0707,0.0092,missed
2024-05-09,688018.SH,乐鑫科技,半导体,1.7386,0.8529,2.4159,18.2621,0.8112,0.3462,-0.0264,0.5397,0.1071,0.6111,0.2440,0.0034,0.0031,-0.0012,0.5065,0.5017,0.7799,0.1384,0.1638,0.0172,missed
2024-06-05,688018.SH,乐鑫科技,半导体,0.3873,0.6389,2.1236,17.9791,0.0518,-0.2160,-0.2954,0.0476,0.1349,0.6667,-0.1559,0.0010,-0.0004,-0.0011,0.4741,0.4597,1.0592,-0.3173,-0.1831,0.0324,missed
2024-12-05,688018.SH,乐鑫科技,半导体,-0.3243,0.2000,1.1818,19.4926,0.8101,0.4590,0.8511,0.9722,0.9722,0.9563,0.2270,-0.0009,0.0081,0.0032,0.4477,0.4938,1.3130,0.1073,-0.0852,0.1136,high_score
2025-01-02,688019.SH,安集科技,半导体,0.0311,0.4545,1.1745,19.6320,0.2977,-0.0997,0.0976,0.3651,0.4921,0.3730,-0.0738,-0.0015,0.0002,0.0035,0.4439,0.4589,0.8444,-0.0975,-0.0904,0.1748,high_score
2025-08-21,688019.SH,安集科技,半导体,-0.7036,0.2000,1.1813,20.3175,0.0514,-0.0940,-0.0270,0.6706,0.7778,0.9802,-0.0776,0.0052,0.0026,0.0001,0.5612,0.5454,1.3963,-0.1034,-0.2456,0.0252,high_score
2024-01-31,688027.SH,国盾量子,通信设备,0.8837,0.7377,2.0925,18.3074,0.0355,-0.3735,-0.3975,0.0040,,0.0040,-0.3661,-0.0070,-0.0029,-0.0022,0.3571,0.4127,0.8493,-0.1634,-0.2062,0.0346,missed
2024-02-06,688027.SH,国盾量子,通信设备,1.3941,0.7200,2.5064,18.3906,0.0177,-0.4173,-0.3898,0.0079,,0.0079,-0.3358,-0.0011,-0.0022,-0.0011,0.4381,0.4127,0.8920,-0.2684,-0.2901,0.0351,missed
2024-03-04,688027.SH,国盾量子,通信设备,0.6139,0.5789,1.7576,18.4320,0.0748,-0.1858,-0.1827,0.1151,,0.1071,-0.1217,0.0099,0.0025,0.0009,0.5560,0.4679,1.3600,-0.0995,-0.3411,0.0472,missed
2025-04-30,688027.SH,国盾量子,通信设备,1.0811,0.7000,1.5329,19.1316,0.2635,-0.0781,0.0236,0.5397,,0.0278,-0.0599,-0.0034,-0.0013,-0.0005,0.4909,0.4864,0.7116,-0.0006,0.0167,0.0445,missed
2025-05-23,688027.SH,国盾量子,通信设备,2.1914,1.0000,1.9696,20.1092,0.1694,-0.1774,-0.1702,0.5278,,0.0833,-0.1547,0.0019,-0.0024,-0.0006,0.4705,0.4530,0.9436,-0.0220,-0.0331,0.0355,missed
2025-06-17,688027.SH,国盾量子,通信设备,1.6863,0.9091,1.2566,20.3445,0.6048,-0.0298,-0.0843,0.8095,,0.6230,-0.0278,0.0029,-0.0006,0.0002,0.5341,0.4818,1.1936,0.1196,0.0241,0.0245,missed
2025-07-10,688027.SH,国盾量子,通信设备,1.8009,0.7647,1.0311,19.8363,0.5734,0.0703,0.0247,0.6389,,0.4802,0.0875,0.0031,0.0027,0.0010,0.5364,0.5106,1.2574,-0.0913,-0.1044,0.0394,missed
2025-08-21,688027.SH,国盾量子,通信设备,2.2017,0.9429,1.0958,20.0154,0.6487,0.1781,-0.0033,0.8690,,0.6865,0.2281,0.0072,0.0052,0.0017,0.5568,0.5470,1.3399,-0.0715,-0.2377,0.1265,missed
2022-09-23,688036.SH,传音控股,通信设备,0.4528,0.5405,1.5715,19.1190,0.0210,-0.3657,-0.4234,0.0040,0.0040,0.0040,-0.2384,-0.0048,-0.0011,-0.0006,0.3875,0.4342,0.9295,-0.1252,-0.2907,0.0744,missed
2022-10-17,688036.SH,传音控股,通信设备,0.4422,0.4483,1.1033,18.9241,0.1719,-0.1582,-0.3327,0.0714,0.0714,0.0714,-0.0971,-0.0023,-0.0002,0.0005,0.4345,0.4673,0.7627,0.0103,-0.1307,0.0682,high_score
2020-12-25,688037.SH,芯源微,半导体,0.2997,0.5946,2.0082,18.1233,0.0286,-0.2460,-0.3884,0.0916,0.0916,0.0558,-0.1843,0.0005,0.0020,0.0010,0.4994,0.4904,1.2500,-0.1731,-0.4567,0.1115,missed
2021-03-01,688037.SH,芯源微,半导体,1.4314,0.8421,1.4178,17.4848,0.3660,-0.0523,-0.2083,0.0675,0.0675,0.0556,-0.0297,-0.0034,0.0006,0.0012,0.4682,0.5043,1.0587,-0.0169,-0.0775,0.1579,missed
2021-04-02,688037.SH,芯源微,半导体,1.2455,0.8333,1.0596,18.0904,0.1127,-0.2031,-0.2337,0.0556,0.0357,0.0556,-0.1304,-0.0012,-0.0009,0.0009,0.4788,0.4833,0.6608,-0.0613,-0.1286,0.0725,missed
2022-07-25,688037.SH,芯源微,半导体,2.6035,0.8974,1.0926,19.3004,0.8995,0.5880,0.0752,0.3770,0.3294,0.0754,0.3232,-0.0011,0.0031,-0.0013,0.4442,0.5127,1.3198,0.0242,0.4047,0.0264,missed
2025-05-30,688037.SH,芯源微,半导体,-1.2124,0.0769,1.3869,19.2011,0.7704,0.0522,-0.0894,0.5261,0.9116,0.5301,0.0394,-0.0018,-0.0013,0.0004,0.4302,0.4384,0.8574,-0.0343,0.1446,0.0589,high_score
2025-08-21,688037.SH,芯源微,半导体,-1.1750,0.0571,1.1235,20.1610,0.8795,0.3620,0.3896,0.9960,0.9960,0.9960,0.2840,0.0052,0.0026,0.0001,0.5612,0.5454,1.3963,-0.0142,0.2103,0.0252,high_score
2024-04-08,688041.SH,海光信息,半导体,-1.1456,0.1000,1.0280,20.4892,0.5387,0.0184,0.3721,0.5635,0.5476,0.4683,0.0121,-0.0031,-0.0020,-0.0012,0.4449,0.4393,1.3358,-0.0253,0.1455,0.0098,high_score
2024-06-13,688041.SH,海光信息,半导体,-1.9664,0.0294,1.2622,20.9746,0.3009,-0.0974,-0.1250,0.5675,0.0714,0.4246,-0.0853,0.0045,0.0001,-0.0007,0.5204,0.4573,1.1657,-0.0813,-0.0909,0.0343,high_score
2024-07-18,688041.SH,海光信息,半导体,-1.7013,0.0105,1.0435,21.1833,0.6847,-0.0019,0.1380,0.7500,0.1984,0.6706,-0.0016,-0.0001,0.0024,0.0006,0.4861,0.5022,1.5456,0.0112,-0.1494,0.0502,high_score
2025-08-07,688041.SH,海光信息,半导体,-1.7313,0.0714,1.5569,21.9258,0.1355,-0.0528,0.0116,0.5413,0.2727,0.3430,-0.0883,0.0035,0.0005,0.0002,0.5691,0.5044,1.2177,-0.0611,-0.0768,0.0181,high_score
2024-07-30,688052.SH,纳芯微,半导体,2.0191,0.8605,1.0292,18.4288,0.7238,-0.0516,-0.2020,0.1667,,0.1944,-0.0255,0.0019,0.0003,0.0008,0.5019,0.4701,1.1212,-0.1086,-0.0587,0.0540,missed
2024-08-29,688052.SH,纳芯微,半导体,3.0954,0.9861,1.1510,18.3710,0.8424,-0.0066,-0.1530,0.1032,,0.1230,-0.0033,-0.0072,-0.0012,-0.0008,0.3607,0.4539,0.8550,-0.0378,0.0764,0.0543,missed
2024-09-06,688052.SH,纳芯微,半导体,3.1387,0.9028,1.0062,17.9925,0.4030,-0.1460,-0.1602,0.0556,,0.0675,-0.0763,-0.0047,-0.0023,-0.0010,0.3998,0.4481,0.7281,-0.0535,-0.0092,0.0525,missed
2021-03-26,688065.SH,凯赛生物,化工原料,0.5074,0.5882,1.2395,16.8724,0.3197,-0.0651,-0.2194,0.0927,0.0927,0.0728,-0.0727,-0.0022,0.0019,0.0016,0.4682,0.4932,1.3725,0.0048,-0.1571,0.1128,missed
2021-04-30,688065.SH,凯赛生物,化工原料,1.5660,0.8222,1.0108,17.4573,0.4734,-0.0210,-0.1235,0.0714,0.1914,0.0343,-0.0257,0.0009,0.0009,0.0018,0.5136,0.4970,0.7152,-0.0134,-0.0453,0.0947,missed
2022-07-15,688111.SH,金山办公,软件服务,-1.5687,0.0294,1.5168,19.5622,0.3952,-0.0573,-0.3118,0.0278,0.0278,0.0317,-0.0373,-0.0035,-0.0002,-0.0020,0.4241,0.4918,1.3549,-0.0772,-0.0163,0.0207,high_score
2022-08-24,688111.SH,金山办公,软件服务,-1.4037,0.0200,1.3393,20.2401,0.0687,-0.1801,-0.1772,0.0198,0.0198,0.0159,-0.1314,-0.0022,0.0001,-0.0016,0.4074,0.4764,1.0199,-0.0065,-0.1679,0.0539,high_score
2022-09-23,688111.SH,金山办公,软件服务,-1.4341,0.0270,1.3326,20.2755,0.9001,0.0973,0.1629,0.5714,0.4802,0.5238,0.0708,-0.0019,-0.0017,-0.0009,0.4426,0.4327,0.8786,0.3540,0.2074,0.0451,high_score
2025-08-20,688120.SH,华海清科,半导体,1.4459,0.7778,1.5322,20.8608,0.0100,-0.2378,-0.3356,0.1389,0.3254,0.6548,-0.2063,0.0063,0.0026,0.0001,0.5956,0.5454,1.3616,-0.1158,-0.3888,0.0239,missed
2025-04-30,688122.SH,西部超导,小金属,-0.1551,0.2000,1.0320,19.6095,0.8043,0.0958,-0.0473,0.7817,0.6230,0.6508,0.0817,-0.0029,-0.0003,-0.0008,0.4750,0.4635,0.8694,0.0073,0.1205,0.0174,high_score
2023-08-25,688166.SH,博瑞医药,化学制药,2.3468,0.8974,1.0005,18.4986,0.1549,-0.2074,-0.2480,0.0198,0.0635,0.0040,-0.3028,-0.0047,-0.0021,-0.0011,0.3625,0.4458,1.2316,-0.0434,-0.0830,0.0158,missed
2024-09-20,688166.SH,博瑞医药,化学制药,1.2041,0.6667,1.2368,18.5414,0.0227,-0.3311,-0.1866,0.1032,0.2262,0.1032,-0.2013,-0.0019,-0.0012,0.0002,0.4325,0.4408,0.9463,-0.0295,-0.2582,0.0289,missed
2024-10-29,688166.SH,博瑞医药,化学制药,0.8195,0.7200,2.3198,20.0968,0.1461,0.0278,-0.0137,0.4246,0.6270,0.4206,0.0130,0.0091,0.0030,0.0011,0.5400,0.4792,2.0529,-0.0119,-0.1354,0.0331,missed
2024-11-04,688166.SH,博瑞医药,化学制药,-0.1888,0.3051,2.4280,19.1243,0.3652,0.1123,-0.1513,0.3452,0.5317,0.3810,0.0553,-0.0011,0.0026,0.0005,0.4600,0.4800,2.3085,-0.1201,-0.0235,0.0369,high_score
2024-12-30,688166.SH,博瑞医药,化学制药,0.5010,0.5962,1.3434,19.0449,0.1809,-0.1017,-0.1312,0.5496,0.6409,0.5714,-0.0520,-0.0021,-0.0004,0.0016,0.4275,0.4658,0.8199,0.0007,-0.0614,0.0763,missed
2025-04-25,688172.SH,燕东微,半导体,2.8565,0.9200,1.0707,17.6822,0.3576,-0.0437,-0.0392,0.5000,0.5040,0.5040,-0.0272,-0.0009,0.0005,0.0010,0.4573,0.4618,0.6985,-0.0309,-0.0514,0.0944,missed
2025-05-06,688172.SH,燕东微,半导体,3.0585,0.9900,1.0016,18.0116,0.4479,-0.0206,0.0314,0.5595,,0.6071,-0.0132,0.0015,0.0012,0.0014,0.5145,0.4733,0.7655,-0.0427,-0.0679,0.0900,missed
2025-06-10,688172.SH,燕东微,半导体,3.0522,1.0000,1.1356,17.8103,0.1957,-0.1545,-0.2296,0.3849,,0.4048,-0.1599,-0.0022,-0.0018,0.0001,0.4277,0.4453,0.7380,-0.0322,-0.0353,0.0462,missed
2025-07-31,688172.SH,燕东微,半导体,3.1036,0.9216,1.1801,18.5661,0.4153,0.0162,-0.0566,0.5873,,0.6270,0.0223,0.0021,-0.0002,0.0000,0.5155,0.4920,1.2310,-0.0289,0.0394,0.0177,missed
2025-08-04,688172.SH,燕东微,半导体,3.1734,0.9853,1.5108,17.8225,0.3664,0.0178,-0.0733,0.5774,,0.2500,0.0263,0.0027,0.0003,-0.0001,0.5400,0.4999,1.2224,-0.0356,0.0064,0.0176,missed
2024-01-30,688183.SH,生益电子,元器件,3.2138,0.9054,3.3820,17.2408,0.1305,-0.2757,-0.2953,0.0040,0.0040,0.0040,-0.2714,-0.0111,-0.0042,-0.0019,0.3000,0.3945,1.0003,-0.0783,-0.0433,0.0479,missed
2024-02-26,688183.SH,生益电子,元器件,3.2821,0.9250,3.0320,17.7951,0.0114,-0.3122,-0.2014,0.0556,0.0556,0.0556,-0.2148,0.0014,-0.0021,0.0000,0.4989,0.4259,1.1464,-0.1229,-0.1782,0.0289,missed
2024-03-07,688183.SH,生益电子,元器件,3.1719,0.9048,3.2312,17.4795,0.0101,-0.3174,-0.2721,0.0516,0.0516,0.0516,-0.1949,0.0106,-0.0003,-0.0001,0.5944,0.4515,1.3371,-0.1616,-0.2765,0.0223,missed
2024-04-09,688183.SH,生益电子,元器件,2.5811,1.0000,3.2152,17.9837,0.0710,-0.1879,-0.2213,0.1071,,0.1071,-0.0879,-0.0021,-0.0002,-0.0003,0.4300,0.4559,1.5967,-0.0507,-0.1544,0.0217,missed
2024-05-14,688183.SH,生益电子,元器件,1.7978,0.8235,2.8100,17.4384,0.9506,0.6447,-0.1489,0.2659,,0.2698,0.3075,0.0040,0.0055,-0.0002,0.5337,0.5267,0.9070,0.0624,0.2885,0.0502,missed
2024-09-20,688183.SH,生益电子,元器件,0.7677,0.4762,1.7672,18.7323,0.3980,-0.1294,0.7822,0.7222,,0.7262,-0.0740,-0.0020,-0.0013,-0.0002,0.4261,0.4373,1.3560,-0.1390,-0.0702,0.0902,high_score
2024-12-31,688183.SH,生益电子,元器件,-0.7781,0.1000,1.1784,19.2428,0.9598,0.3386,1.0216,0.9603,,0.9603,0.1487,0.0014,0.0011,0.0031,0.4957,0.4899,0.8907,0.1352,0.2980,0.1724,high_score
2025-02-28,688183.SH,生益电子,元器件,1.6086,0.8871,1.8675,20.1649,0.1369,-0.1189,0.5115,0.6508,,0.6310,-0.0540,0.0032,0.0029,0.0042,0.5261,0.5025,1.2565,-0.3088,-0.2952,0.1369,missed
2025-03-11,688183.SH,生益电子,元器件,1.6572,0.8667,2.2200,20.1977,0.0088,-0.2406,0.6714,0.6429,,0.6230,-0.1101,0.0021,0.0027,0.0044,0.5065,0.5014,1.3745,-0.2614,-0.4005,0.1312,missed
2025-04-15,688183.SH,生益电子,元器件,0.6121,0.4211,2.9561,19.0781,0.0013,-0.3784,-0.0891,0.4762,,0.4484,-0.1714,-0.0088,0.0002,0.0014,0.4098,0.4917,0.9188,-0.0121,-0.3660,0.1039,high_score
2025-05-06,688183.SH,生益电子,元器件,0.4366,0.4400,2.1162,20.4726,0.1393,-0.1044,-0.1599,0.6032,,0.5238,-0.0484,-0.0024,0.0002,0.0010,0.5065,0.4938,0.7987,0.0683,-0.0908,0.0953,high_score
2025-06-05,688183.SH,生益电子,元器件,0.7390,0.7000,1.1066,20.9509,0.9799,0.2920,0.1306,0.9008,,0.7937,0.1432,0.0009,-0.0014,0.0008,0.4630,0.4572,0.9018,0.2715,0.3893,0.0638,missed
2025-07-15,688183.SH,生益电子,元器件,0.0492,0.2500,1.3129,21.0359,0.9937,0.9929,0.2432,0.9524,0.8356,0.9524,0.5268,0.0060,0.0034,0.0017,0.5413,0.5014,1.3267,-0.0164,0.7490,0.0527,high_score
2022-05-20,688192.SH,迪哲医药-U,生物制药,1.8615,0.9189,1.2168,16.8917,0.1307,-0.2626,,0.1524,,0.1905,-0.2751,-0.0024,-0.0025,-0.0024,0.4579,0.4465,0.8231,0.0180,-0.1157,0.0267,missed
2022-06-17,688192.SH,迪哲医药-U,生物制药,0.1221,0.4615,1.0174,16.9712,0.1195,-0.1518,-0.3847,0.2460,,0.3105,-0.1402,0.0039,-0.0012,-0.0020,0.6000,0.4781,1.1635,-0.0435,-0.0601,0.0256,high_score
2024-06-11,688213.SH,思特威-W,半导体,-0.3884,0.2222,1.1723,19.1710,0.4905,-0.0224,-0.1007,0.4762,,0.4444,-0.0169,0.0035,0.0000,-0.0005,0.4972,0.4576,1.1168,0.0513,-0.0120,0.0334,high_score
2024-07-04,688213.SH,思特威-W,半导体,-0.4300,0.2222,1.0878,18.1849,0.5448,-0.0597,-0.1581,0.3135,,0.2540,-0.0438,-0.0011,0.0002,-0.0008,0.4565,0.4645,1.7654,-0.0159,-0.0568,0.0413,high_score
2024-09-11,688213.SH,思特威-W,半导体,-0.5607,0.0750,1.0518,17.9088,0.5894,-0.0940,-0.1482,0.1349,0.0745,0.0714,-0.0972,-0.0037,-0.0025,-0.0012,0.4142,0.4452,0.6666,-0.0369,0.0559,0.0506,high_score
2024-06-04,688220.SH,翱捷科技-U,半导体,2.2032,0.9744,1.9280,18.2965,0.0341,-0.2349,-0.4273,0.0595,,0.0675,-0.2168,-0.0001,-0.0007,-0.0012,0.4472,0.4524,1.0405,-0.0822,-0.1869,0.0320,missed
2024-07-30,688220.SH,翱捷科技-U,半导体,3.2056,0.9767,1.4374,17.8120,0.4855,-0.1320,-0.3163,0.0278,,0.0476,-0.1196,0.0019,0.0003,0.0008,0.5019,0.4701,1.1212,-0.0509,-0.1391,0.0540,missed
2024-08-13,688220.SH,翱捷科技-U,半导体,3.1725,0.8788,1.5640,17.3094,0.4035,-0.1544,-0.3029,0.0079,,0.0079,-0.1322,-0.0036,0.0004,0.0005,0.4343,0.4812,0.9477,-0.0359,-0.1667,0.0513,missed
2024-09-06,688220.SH,翱捷科技-U,半导体,3.1387,0.9028,1.3771,17.6098,0.1222,-0.2543,-0.3615,0.0040,,0.0159,-0.2249,-0.0047,-0.0023,-0.0010,0.3998,0.4481,0.7281,-0.0077,-0.1175,0.0525,missed
2024-11-26,688220.SH,翱捷科技-U,半导体,3.0428,0.9429,1.8814,18.4567,0.5182,0.2029,-0.0343,0.2976,,0.4286,0.1131,0.0002,0.0074,0.0033,0.4824,0.4884,2.5645,-0.1092,-0.2658,0.0940,missed
2024-12-03,688220.SH,翱捷科技-U,半导体,3.0283,0.9167,1.8400,18.7662,0.5057,0.2200,0.0796,0.4325,,0.5516,0.1235,0.0008,0.0076,0.0034,0.4751,0.4914,1.4540,-0.0518,-0.2668,0.1076,missed
2025-08-12,688234.SH,天岳先进,半导体,0.7519,0.7647,1.5800,19.9835,0.3588,0.0270,0.0956,0.7817,0.9032,0.7778,0.0317,0.0035,0.0009,0.0004,0.5673,0.5120,1.2415,0.0230,-0.0205,0.0189,missed
2024-07-04,688235.SH,百济神州-U,生物制药,0.3597,0.5556,1.1806,18.1829,0.4565,-0.0939,-0.1594,0.0556,,0.3333,-0.0921,-0.0064,-0.0026,-0.0024,0.3211,0.3991,0.8390,0.0153,0.0536,0.0302,missed
2022-01-28,688248.SH,南网科技,电气设备,2.2776,0.8000,2.1591,17.7484,,,,,,,,-0.0052,-0.0018,0.0014,0.4171,0.4572,0.7489,-0.0398,,0.0963,missed
2022-02-16,688248.SH,南网科技,电气设备,2.5713,0.9231,2.3502,17.3762,,,,,,,,-0.0042,-0.0024,0.0003,0.4349,0.4563,0.7413,-0.0684,,0.0834,missed
2022-03-29,688248.SH,南网科技,电气设备,3.1679,1.0000,1.7812,17.3239,0.1568,-0.2900,,0.0469,0.0469,0.0469,-0.1850,-0.0078,-0.0035,-0.0009,0.3659,0.4359,1.0374,0.0209,-0.0842,0.0259,missed
2022-04-13,688248.SH,南网科技,电气设备,3.1635,0.9600,3.1833,17.0599,0.2169,-0.2851,,0.0137,0.0137,0.0137,-0.1749,-0.0069,-0.0040,-0.0018,0.3841,0.4257,1.0290,0.0052,-0.0497,0.0113,missed
2022-05-05,688248.SH,南网科技,电气设备,0.6386,0.5429,3.3868,16.9996,0.1360,-0.3013,,0.0698,0.0698,0.0698,-0.1950,-0.0067,-0.0040,-0.0026,0.4000,0.4288,0.7924,-0.0458,-0.0720,-0.0018,missed
2022-06-28,688248.SH,南网科技,电气设备,0.2618,0.4750,1.0762,17.7894,0.9602,0.3827,-0.0878,0.9268,0.3252,0.8943,0.2150,0.0103,0.0035,-0.0000,0.5940,0.5181,1.5621,0.0123,0.1887,0.0197,high_score
2022-07-06,688248.SH,南网科技,电气设备,0.4966,0.5484,1.0513,17.3014,0.9536,0.4133,0.0747,0.8605,0.2868,0.8140,0.2334,0.0059,0.0041,0.0001,0.5409,0.5291,1.7032,-0.0806,0.1703,0.0301,missed
2025-04-30,688248.SH,南网科技,电气设备,0.5503,0.4462,1.0210,17.6608,0.4003,-0.0440,-0.1504,0.3294,0.0476,0.1270,-0.0497,-0.0044,-0.0009,-0.0009,0.4862,0.4794,0.8077,0.0170,0.0254,0.0542,high_score
2022-07-26,688256.SH,寒武纪,半导体,-0.0843,0.2500,3.0589,18.0924,0.7037,0.2249,-0.2716,0.1706,,0.2024,0.1751,-0.0024,0.0021,-0.0014,0.4279,0.5069,1.2936,-0.0385,0.1102,0.0279,high_score
2022-08-22,688256.SH,寒武纪,半导体,0.6983,0.5000,2.0128,18.2434,0.7067,0.1530,-0.2408,0.1825,,0.3333,0.1082,0.0045,0.0029,-0.0006,0.5093,0.4959,1.1142,-0.0983,-0.0194,0.0575,high_score
2022-09-30,688256.SH,寒武纪,半导体,-0.4303,0.1250,2.2293,18.7218,0.8399,0.0165,0.0489,0.2758,,0.3968,0.0091,-0.0044,-0.0020,-0.0007,0.4065,0.4306,0.7055,0.0187,0.1366,0.0831,high_score
2022-10-27,688256.SH,寒武纪,半导体,0.1455,0.2453,1.4794,19.4405,0.8729,0.0929,0.3875,0.5238,,0.6190,0.0464,-0.0010,-0.0007,0.0009,0.4620,0.4532,0.7155,0.0456,0.1488,0.0775,high_score
2022-11-28,688256.SH,寒武纪,半导体,0.5673,0.3654,1.4119,18.3848,0.8292,0.0826,0.0063,0.2817,,0.5079,0.0462,0.0006,-0.0006,-0.0003,0.4402,0.4504,1.4245,-0.0641,0.1398,0.0467,high_score
2022-12-02,688256.SH,寒武纪,半导体,0.4134,0.4091,1.2115,18.5452,0.4250,-0.0196,0.0296,0.5456,,0.6349,-0.0116,-0.0012,-0.0001,0.0000,0.4152,0.4634,1.4151,0.0014,0.0146,0.0445,high_score
2023-10-30,688256.SH,寒武纪,半导体,-0.0294,0.2812,1.3322,20.8292,0.0242,-0.3179,-0.5604,0.4206,,0.4167,-0.1680,0.0018,-0.0005,-0.0011,0.5000,0.4641,0.9797,-0.1913,-0.2838,0.0155,high_score
2023-11-03,688256.SH,寒武纪,半导体,-0.2454,0.3673,1.4219,20.8597,0.0127,-0.3518,-0.4842,0.4127,,0.4127,-0.1807,0.0032,-0.0005,-0.0005,0.5115,0.4575,0.9421,-0.1819,-0.3183,0.0157,high_score
2024-01-12,688256.SH,寒武纪,半导体,-0.1115,0.2941,2.0567,20.2027,0.0837,-0.1878,-0.3576,0.2500,,0.2579,-0.0973,-0.0072,-0.0015,-0.0017,0.3625,0.4346,0.8353,-0.0771,-0.0908,0.0436,high_score
2024-02-08,688256.SH,寒武纪,半导体,-0.1027,0.3115,3.1075,20.6088,0.1546,-0.2383,-0.2722,0.1825,,0.1865,-0.1341,-0.0040,-0.0041,-0.0014,0.4138,0.4039,0.9978,0.0460,-0.0097,0.0330,high_score
2024-03-15,688256.SH,寒武纪,半导体,-1.3753,0.0435,2.1776,21.0976,0.8238,0.1563,0.2057,0.6627,,0.7063,0.0758,0.0057,-0.0016,-0.0006,0.5443,0.4453,1.6658,0.3698,0.2700,0.0178,high_score
2024-04-19,688256.SH,寒武纪,半导体,-0.8119,0.0909,3.9078,20.7344,0.7148,0.1519,0.3040,0.3135,,0.4008,0.0637,-0.0068,-0.0013,-0.0009,0.3618,0.4486,0.9396,-0.1098,0.2440,0.0089,high_score
2024-05-22,688256.SH,寒武纪,半导体,-1.4026,0.0238,2.3098,20.9070,0.9759,0.4846,0.1424,0.8254,,0.9206,0.2136,0.0028,0.0006,-0.0015,0.5056,0.4735,0.8843,0.2833,0.4642,0.0290,high_score
2024-06-17,688256.SH,寒武纪,半导体,-1.6504,0.0263,2.5926,21.5170,0.9431,0.2306,0.4229,0.9405,,0.9960,0.1149,0.0046,0.0005,-0.0005,0.5167,0.4657,1.2373,0.0134,0.2099,0.0353,high_score
2024-07-18,688256.SH,寒武纪,半导体,-0.8116,0.0737,1.6654,21.9636,0.9962,0.7962,1.0691,1.0000,,1.0000,0.4140,-0.0001,0.0024,0.0006,0.4861,0.5022,1.5456,0.1879,0.6486,0.0502,high_score
2024-08-09,688256.SH,寒武纪,半导体,-1.1023,0.0811,1.7696,21.6913,0.9937,0.3595,1.2273,0.9563,,0.9563,0.1918,-0.0019,0.0008,0.0010,0.4546,0.4870,0.9514,0.2785,0.3233,0.0512,high_score
2024-12-20,688256.SH,寒武纪,半导体,-1.1819,0.0909,1.1305,22.5190,0.9987,2.2362,2.3303,1.0000,,1.0000,0.8384,0.0056,0.0103,0.0040,0.5166,0.5216,0.8511,0.2536,1.4798,0.1559,high_score
2025-02-05,688256.SH,寒武纪,半导体,-1.7498,0.0116,1.4688,22.6900,0.9661,0.4017,1.2326,0.8889,,0.8889,0.1977,-0.0012,0.0017,0.0032,0.4355,0.4762,1.0373,-0.1279,0.3059,0.1672,high_score
2025-03-25,688256.SH,寒武纪,半导体,-1.5175,0.0263,1.0481,22.0758,0.3618,-0.0497,2.0754,0.8294,,0.7778,-0.0238,-0.0038,0.0000,0.0051,0.3856,0.4446,1.4106,-0.1073,-0.0323,0.1220,high_score
2025-04-10,688256.SH,寒武纪,半导体,-0.9953,0.0909,1.3056,22.4670,0.0841,-0.1603,0.6116,0.7421,,0.7143,-0.0799,-0.0057,0.0010,0.0012,0.4318,0.4715,0.9037,-0.1069,-0.1968,0.0999,high_score
2025-07-16,688256.SH,寒武纪,半导体,0.7839,0.7561,1.1958,22.2253,0.0602,-0.1430,-0.1640,0.5278,,0.4444,-0.1416,0.0006,-0.0006,0.0003,0.5100,0.4759,1.1596,-0.0168,-0.0984,0.0226,missed
2025-08-07,688256.SH,寒武纪,半导体,0.2440,0.3571,1.7106,22.6581,0.4291,0.0278,0.1019,0.8770,,0.7381,0.0246,0.0035,0.0005,0.0002,0.5691,0.5044,1.2177,0.2707,0.0038,0.0181,high_score
2024-07-30,688266.SH,泽璟制药-U,生物制药,0.3719,0.5349,1.0454,17.7204,0.5637,-0.1099,0.1470,0.5913,,0.6984,-0.0990,-0.0011,-0.0032,-0.0010,0.4816,0.4035,0.9002,-0.0093,0.0739,0.0296,missed
2025-07-16,688295.SH,中复神鹰,化纤,0.8761,0.8293,1.5980,17.8512,0.3275,0.0045,0.1216,0.5218,,0.6032,0.0047,0.0011,0.0009,-0.0003,0.4500,0.4750,1.0323,0.0352,-0.0459,0.0087,missed
2025-08-08,688295.SH,中复神鹰,化纤,0.6190,0.5294,1.6539,17.6912,0.3375,0.0145,0.2005,0.9286,,0.9643,0.0156,0.0035,0.0007,0.0002,0.5188,0.4625,1.3682,0.0307,-0.0255,0.0120,missed
2020-12-30,688301.SH,奕瑞科技,医疗保健,3.0484,0.9508,1.4287,17.8227,0.7518,0.1742,,0.3824,0.3824,0.3676,0.1282,0.0026,0.0021,0.0011,0.5353,0.5314,0.8419,-0.2039,0.0391,0.0631,missed
2021-01-11,688301.SH,奕瑞科技,医疗保健,3.1304,0.9474,1.5579,18.4727,0.4929,-0.0061,,0.1733,0.1733,0.1467,-0.0043,0.0045,0.0014,0.0013,0.5467,0.5146,0.9559,-0.2995,-0.1148,0.0723,missed
2021-02-10,688301.SH,奕瑞科技,医疗保健,2.0566,1.0000,1.5811,17.7353,0.2102,-0.1435,,0.4433,0.4433,0.4330,-0.0908,0.0069,0.0043,0.0026,0.5528,0.5458,1.4670,-0.0170,-0.4676,0.1042,missed
2021-03-23,688301.SH,奕瑞科技,医疗保健,1.8054,0.9444,2.0999,18.1574,0.2962,-0.1118,0.0597,0.3967,0.3967,0.2975,-0.0621,-0.0100,-0.0015,0.0007,0.4417,0.4907,0.9902,0.1977,0.0053,0.1157,missed
2021-04-07,688301.SH,奕瑞科技,医疗保健,1.7446,0.8400,1.7977,17.8431,0.7229,0.0760,0.1984,0.6641,0.0687,0.6260,0.0401,0.0028,-0.0003,0.0006,0.5667,0.5071,0.8307,0.0395,0.1364,0.1001,missed
2022-11-23,688318.SH,财富趋势,软件服务,1.1222,0.6275,1.3700,17.8516,0.3194,-0.1066,-0.1815,0.1190,0.2302,0.2262,-0.0929,0.0033,0.0017,0.0014,0.4981,0.4784,2.1657,-0.0901,-0.2054,0.0498,missed
2022-12-20,688318.SH,财富趋势,软件服务,1.1655,0.6486,1.2998,17.1176,0.5794,0.0143,-0.1404,0.0635,0.1667,0.1746,0.0134,-0.0035,0.0018,0.0001,0.3685,0.4630,1.0782,0.0123,-0.0808,0.0700,missed
2024-01-15,688318.SH,财富趋势,软件服务,0.8219,0.7188,1.0413,18.9037,0.0266,-0.2379,0.2881,0.1548,0.5198,0.4325,-0.1927,-0.0075,-0.0013,-0.0012,0.3389,0.4370,0.9050,-0.0331,-0.1579,0.0447,missed
2024-02-19,688318.SH,财富趋势,软件服务,0.1309,0.3721,1.5911,19.4723,0.1343,-0.2348,-0.2676,0.1349,0.3889,0.3135,-0.1556,-0.0027,-0.0038,-0.0018,0.4556,0.4086,1.0142,0.0082,-0.0177,0.0299,high_score
2024-03-29,688318.SH,财富趋势,软件服务,0.8049,0.6395,1.5915,19.0225,0.1800,-0.1102,-0.2157,0.1468,0.0278,0.1825,-0.0660,-0.0030,-0.0007,-0.0008,0.4019,0.4506,1.6477,-0.0562,-0.0428,0.0161,missed
2024-04-17,688318.SH,财富趋势,软件服务,1.8184,0.7241,1.0421,19.0338,0.1825,-0.0978,-0.3124,0.1111,0.0238,0.0754,-0.0567,-0.0060,-0.0004,-0.0010,0.3741,0.4654,1.3350,-0.0371,-0.0532,0.0163,missed
2024-05-29,688322.SH,奥比中光-UW,元器件,2.1388,0.8387,1.7589,17.6007,0.0924,-0.1336,-0.2565,0.0516,,0.0754,-0.0780,-0.0002,0.0016,-0.0003,0.4739,0.4793,1.0076,-0.0907,-0.2202,0.0676,missed
2024-06-25,688322.SH,奥比中光-UW,元器件,2.3641,1.0000,1.3440,17.9886,0.1618,-0.1924,-0.2473,0.0556,,0.0813,-0.1211,-0.0002,0.0001,0.0001,0.4728,0.4771,1.0855,-0.0077,-0.2029,0.0766,missed
2024-07-26,688322.SH,奥比中光-UW,元器件,3.2035,1.0000,1.5594,17.2729,0.3102,-0.1731,-0.1346,0.0357,,0.0476,-0.1373,-0.0016,0.0001,0.0014,0.4087,0.4641,1.3667,-0.0600,-0.1868,0.1014,missed
2024-08-13,688322.SH,奥比中光-UW,元器件,3.1725,0.8788,1.3132,17.3876,0.5939,-0.0983,-0.0505,0.0556,,0.0675,-0.0717,-0.0057,-0.0007,0.0011,0.4239,0.4620,1.0913,0.0503,-0.0526,0.0935,missed
2024-09-23,688322.SH,奥比中光-UW,元器件,3.0950,0.9605,1.7450,17.7320,0.2141,-0.1690,-0.2741,0.0119,,0.0159,-0.1447,-0.0013,-0.0010,0.0001,0.4413,0.4424,1.3915,-0.1007,-0.1246,0.0897,missed
2024-10-16,688322.SH,奥比中光-UW,元器件,1.2062,0.7222,1.2291,18.7690,0.4811,0.0810,0.1838,0.4683,,0.5159,0.0475,0.0105,0.0020,0.0024,0.5326,0.4717,1.7524,-0.0176,-0.0317,0.0858,missed
2024-11-01,688322.SH,奥比中光-UW,元器件,1.3271,0.7656,1.3335,18.9066,0.5264,0.1404,0.0758,0.6746,,0.7262,0.0805,0.0104,0.0041,0.0022,0.5250,0.4924,2.5583,0.0172,-0.1189,0.0933,missed
2024-12-02,688322.SH,奥比中光-UW,元器件,-0.7959,0.2174,1.5279,19.5344,0.6792,0.3545,0.1812,0.8333,,0.9206,0.1681,0.0020,0.0060,0.0028,0.4924,0.5120,1.6799,-0.0075,-0.0305,0.1370,high_score
2025-01-07,688322.SH,奥比中光-UW,元器件,-1.5462,0.0645,1.0628,19.6562,0.9862,0.5554,0.6653,0.9722,,0.9722,0.2689,-0.0002,0.0022,0.0022,0.4685,0.4877,0.8578,0.1698,0.4399,0.1703,high_score
2024-08-30,688336.SH,三生国健,生物制药,0.4966,0.4947,2.7943,17.4683,0.1311,-0.2299,-0.2760,0.0198,0.0198,0.0198,-0.1768,-0.0027,-0.0019,-0.0013,0.4237,0.4254,0.9747,-0.0122,-0.1161,0.0166,high_score
2024-09-27,688336.SH,三生国健,生物制药,2.0138,0.8800,1.9030,17.6974,0.3237,-0.0047,-0.1557,0.2202,0.2123,0.2143,-0.0032,0.0071,0.0017,-0.0003,0.5526,0.4816,1.0060,0.0008,-0.0958,0.0167,missed
2024-10-29,688336.SH,三生国健,生物制药,2.6876,1.0000,1.4627,18.3139,0.7418,0.2954,0.0128,0.8413,0.5238,0.6508,0.1598,0.0119,0.0035,0.0005,0.5579,0.4772,2.4134,0.1501,0.0958,0.0361,missed
2024-11-27,688336.SH,三生国健,生物制药,2.9032,1.0000,1.3202,17.8994,0.8101,0.4533,0.0235,0.6369,0.4702,0.5020,0.2645,0.0005,0.0042,0.0010,0.4895,0.5079,1.2796,-0.0232,0.2052,0.0649,missed
2024-12-03,688336.SH,三生国健,生物制药,3.0283,0.9167,1.1280,17.9235,0.7132,0.3546,0.0432,0.6349,0.4683,0.4921,0.2068,-0.0006,0.0040,0.0011,0.4684,0.5026,0.9408,-0.0667,0.1193,0.0698,missed
2025-01-03,688336.SH,三生国健,生物制药,2.4983,0.9756,1.8315,17.8124,0.2902,-0.1079,0.0756,0.3016,0.2619,0.2619,-0.1041,-0.0049,-0.0024,0.0009,0.3844,0.4422,0.6984,0.0090,0.0407,0.0764,missed
2025-02-17,688336.SH,三生国健,生物制药,1.9402,0.9189,1.8819,17.8789,0.3392,-0.0844,0.2397,0.5417,0.4980,0.4782,-0.1010,0.0054,-0.0010,0.0013,0.5605,0.4489,0.8122,0.0106,-0.0231,0.0404,missed
2025-03-26,688336.SH,三生国健,生物制药,1.9123,0.9057,1.1900,18.7666,0.9384,0.2552,0.6061,0.9484,0.0040,0.8373,0.2371,-0.0007,0.0006,0.0021,0.4026,0.4602,1.4813,0.0764,0.2156,0.0241,missed
2025-04-03,688336.SH,三生国健,生物制药,1.1817,0.6889,1.2092,18.7709,0.9498,0.2773,0.0953,0.9544,0.0119,0.9206,0.2358,0.0012,0.0016,-0.0007,0.4237,0.4701,1.3179,-0.0208,0.1689,0.0302,missed
2025-05-16,688336.SH,三生国健,生物制药,0.7220,0.6727,1.1529,17.7301,0.9636,0.2238,0.1205,0.8829,0.0516,0.7540,0.1534,-0.0001,0.0003,-0.0003,0.4316,0.4614,1.1926,-0.0369,0.2134,0.0657,missed
2025-01-06,688347.SH,华虹公司,半导体,0.0880,0.3529,1.7479,19.5656,0.7776,0.0654,0.1425,0.7500,0.7738,0.7302,0.0417,-0.0042,0.0016,0.0028,0.3982,0.4625,0.8600,-0.0896,-0.0084,0.1742,high_score
2025-02-14,688347.SH,华虹公司,半导体,-0.2051,0.3171,1.5401,20.5092,0.1922,-0.1455,0.4728,0.8214,0.8214,0.8175,-0.1155,0.0054,0.0000,0.0043,0.5155,0.4580,0.9697,0.0009,-0.1367,0.1595,high_score
2025-03-28,688347.SH,华虹公司,半导体,-0.5080,0.1250,1.2794,20.1885,0.2563,-0.0741,0.5675,0.6786,1.0000,0.6786,-0.0502,-0.0024,0.0002,0.0047,0.3981,0.4460,1.3003,-0.0739,-0.0739,0.1113,high_score
2025-04-07,688347.SH,华虹公司,半导体,-0.0454,0.1918,1.6497,20.7178,0.4893,-0.0651,-0.1081,0.5397,0.9802,0.5397,-0.0437,-0.0096,-0.0002,0.0000,0.3622,0.4524,1.0415,-0.0709,-0.0338,0.1018,high_score
2025-05-28,688347.SH,华虹公司,半导体,0.1571,0.4848,1.8308,19.1738,0.2359,-0.1564,0.0258,0.5873,0.8929,0.5873,-0.1248,-0.0020,-0.0023,0.0006,0.4275,0.4267,0.8822,-0.0499,-0.0124,0.0626,high_score
2025-06-12,688347.SH,华虹公司,半导体,0.1875,0.4400,1.6263,19.7747,0.2923,-0.1038,-0.0452,0.6052,0.8730,0.6151,-0.0792,-0.0024,-0.0015,0.0001,0.4205,0.4501,0.7223,0.0682,-0.0009,0.0425,high_score
2025-07-29,688347.SH,华虹公司,半导体,0.3384,0.3333,1.2929,20.5696,0.7478,0.1727,0.3134,0.9960,1.0000,1.0000,0.1644,0.0015,0.0004,0.0008,0.5282,0.5068,1.2407,0.0766,0.1555,0.0184,high_score
2025-08-11,688347.SH,华虹公司,半导体,0.6494,0.6545,1.5193,21.1967,0.9310,0.3787,0.2115,0.9802,0.9802,0.9802,0.3277,0.0024,0.0006,0.0000,0.5482,0.5092,1.2322,0.1119,0.3482,0.0186,missed
2025-03-31,688361.SH,中科飞测,半导体,-1.0939,0.0500,1.0310,20.0909,0.1445,-0.1155,0.5724,0.6230,0.5159,0.6230,-0.0734,-0.0019,-0.0001,0.0044,0.4051,0.4409,1.2550,-0.1298,-0.0929,0.1077,high_score
2025-04-30,688361.SH,中科飞测,半导体,-0.2730,0.1769,1.4853,19.2754,0.1418,-0.1231,0.1559,0.5437,,0.5357,-0.0806,0.0004,0.0011,0.0014,0.4882,0.4703,0.7418,-0.0672,-0.1672,0.0911,high_score
2025-05-30,688361.SH,中科飞测,半导体,1.5792,0.8462,1.7983,19.3733,0.0301,-0.2636,-0.2985,0.4405,,0.3968,-0.1887,-0.0018,-0.0013,0.0004,0.4302,0.4384,0.8574,-0.0610,-0.1712,0.0589,missed
2025-06-17,688361.SH,中科飞测,半导体,1.0400,0.6515,1.2295,18.9053,0.1430,-0.1940,-0.2324,0.4563,,0.4444,-0.1411,-0.0018,-0.0020,-0.0001,0.4468,0.4438,0.7343,0.0047,-0.0664,0.0377,missed
2025-07-15,688361.SH,中科飞测,半导体,1.0421,0.7188,1.1987,19.1130,0.2585,-0.0173,-0.0624,0.5000,,0.4683,-0.0145,0.0010,-0.0006,0.0007,0.5218,0.4747,1.1420,0.0540,0.0245,0.0234,missed
2025-08-08,688361.SH,中科飞测,半导体,0.0915,0.3529,1.5113,19.4994,0.5784,0.0740,-0.1103,0.4960,,0.4563,0.0593,0.0018,0.0005,0.0000,0.5236,0.5044,1.2242,-0.0428,0.0490,0.0183,high_score
2025-04-23,688375.SH,国博电子,元器件,1.5714,0.8571,1.7902,17.7604,0.7829,0.0796,-0.1480,0.4365,0.9722,0.3889,0.0650,-0.0049,-0.0004,0.0008,0.4641,0.4851,0.8026,0.0309,0.1275,0.1006,missed
2025-05-06,688375.SH,国博电子,元器件,1.2540,0.8800,1.6518,18.0531,0.8030,0.1060,-0.0585,0.5198,0.9841,0.4841,0.0926,-0.0024,0.0002,0.0010,0.5065,0.4938,0.7987,-0.0134,0.1196,0.0953,missed
2025-06-06,688375.SH,国博电子,元器件,-0.2472,0.1290,1.0730,18.4801,0.6211,0.0018,0.1072,0.7381,0.9286,0.7540,0.0014,-0.0001,-0.0014,0.0008,0.4359,0.4576,0.8949,-0.0284,0.0957,0.0623,high_score
2024-09-23,688385.SH,复旦微电,半导体,1.7006,0.8684,1.1123,18.3865,0.1373,-0.2062,-0.2195,0.0040,0.1389,0.0040,-0.1780,-0.0032,-0.0023,-0.0007,0.4191,0.4378,0.6190,-0.0508,-0.0713,0.0466,missed
2025-04-07,688387.SH,信科移动-U,通信设备,1.1469,0.6438,1.4877,19.1097,0.1719,-0.1483,-0.2527,0.0238,,0.1032,-0.1519,-0.0096,-0.0018,-0.0003,0.3977,0.4742,0.9817,-0.0384,-0.0242,0.0669,missed
2025-05-22,688387.SH,信科移动-U,通信设备,1.5533,0.8529,1.8047,17.5597,0.2848,-0.1152,-0.1518,0.4444,,0.5675,-0.1329,0.0022,-0.0022,-0.0006,0.4773,0.4591,0.9174,-0.0165,0.0210,0.0367,missed
2025-06-05,688387.SH,信科移动-U,通信设备,1.0267,0.8000,1.7772,17.7264,0.2748,-0.1179,-0.1409,0.5417,,0.6032,-0.1489,0.0022,-0.0009,-0.0000,0.5023,0.4750,1.1047,-0.0200,-0.0465,0.0295,missed
2025-07-07,688387.SH,信科移动-U,通信设备,1.0482,0.6341,1.6007,17.5988,0.5194,0.0783,-0.0125,0.3909,,0.4762,0.1325,0.0014,0.0034,0.0009,0.5000,0.5212,1.2326,-0.0504,-0.1441,0.0335,missed
2025-08-04,688387.SH,信科移动-U,通信设备,-0.5229,0.1618,2.6189,17.9680,0.3877,0.0233,-0.0577,0.5833,,0.6270,0.0469,0.0054,0.0028,0.0009,0.5273,0.5159,1.2442,-0.0784,-0.1705,0.0831,high_score
2025-02-18,688472.SH,阿特斯,电气设备,1.3754,0.8070,1.0217,19.8452,0.0126,-0.2243,0.0049,0.1925,0.1925,0.0952,-0.2051,0.0031,-0.0005,0.0023,0.5096,0.4606,1.0079,-0.1617,-0.1953,0.1008,missed
2022-12-30,688475.SH,萤石网络,IT设备,2.0382,0.9153,1.0097,19.8434,,,,,,,,-0.0013,0.0016,-0.0004,0.4389,0.4921,0.9762,,,0.0157,missed
2023-08-04,688506.SH,百利天恒,化学制药,0.6517,0.4722,1.1692,17.4902,0.5192,-0.0064,0.0900,0.6786,,0.7571,-0.0032,-0.0025,-0.0011,-0.0009,0.4800,0.4542,0.8525,0.0212,0.0705,0.0232,high_score
2023-09-19,688506.SH,百利天恒,化学制药,-0.5225,0.2500,1.0099,17.6448,0.9796,0.2951,0.3727,0.9651,,1.0000,0.1810,0.0046,0.0002,-0.0001,0.5325,0.4817,1.0743,0.0025,0.2883,0.0165,high_score
2024-09-25,688506.SH,百利天恒,化学制药,-0.6977,0.0959,1.0578,19.3721,0.0617,-0.2212,0.1509,0.5873,,0.0079,-0.1683,0.0000,-0.0005,0.0004,0.4700,0.4508,0.9360,-0.1642,-0.1870,0.0262,high_score
2024-12-26,688506.SH,百利天恒,化学制药,-0.0158,0.2581,1.0021,18.6747,0.6759,0.2198,0.0251,0.6825,,0.5000,0.1185,-0.0007,0.0024,0.0013,0.4475,0.4783,0.8393,-0.1462,0.0960,0.0776,high_score
2024-10-23,688520.SH,神州细胞,生物制药,0.6831,0.4857,1.0639,18.8603,0.1990,0.0264,-0.1205,0.3810,,,0.0156,0.0126,0.0027,0.0009,0.5526,0.4649,1.9762,0.0025,-0.1134,0.0305,high_score
2022-12-30,688525.SH,佰维存储,半导体,1.1408,0.7458,3.1258,19.7334,,,,,,,,-0.0036,0.0001,-0.0010,0.4275,0.4704,0.8789,,,0.0295,missed
2023-01-05,688525.SH,佰维存储,半导体,0.9914,0.7317,2.9490,19.0485,,,,,,,,-0.0031,0.0013,-0.0004,0.4341,0.4816,0.8432,,,0.0312,missed
2023-02-23,688525.SH,佰维存储,半导体,1.0570,0.7534,2.0144,18.1769,,,,,,,,0.0000,0.0005,-0.0005,0.4615,0.4849,1.4348,-0.0766,,0.0398,missed
2023-03-01,688525.SH,佰维存储,半导体,1.0948,0.8793,1.7973,18.2701,,,,,,,,0.0002,0.0007,0.0001,0.4646,0.4946,1.5600,-0.0731,,0.0410,missed
2024-02-07,688525.SH,佰维存储,半导体,-0.7889,0.0930,1.4244,19.9478,0.0013,-0.5858,-0.5619,0.1032,0.1746,0.1349,-0.2574,-0.0053,-0.0047,-0.0019,0.4118,0.3959,0.9668,-0.2324,-0.3297,0.0340,high_score
2025-04-18,688525.SH,佰维存储,半导体,0.1307,0.3214,1.2507,20.1128,0.6437,0.0221,-0.1057,0.5357,,0.0040,0.0128,-0.0024,0.0011,0.0008,0.4439,0.4703,0.7166,-0.1533,-0.0254,0.0979,high_score
2025-05-27,688525.SH,佰维存储,半导体,-0.4718,0.1622,2.0796,19.5848,0.1154,-0.2310,-0.0243,0.2758,,0.0040,-0.1619,-0.0017,-0.0023,0.0006,0.4409,0.4267,0.8921,-0.0292,-0.0843,0.0653,high_score
2025-06-12,688525.SH,佰维存储,半导体,-0.5570,0.1200,2.5925,19.8753,0.1217,-0.1770,0.0127,0.4167,,0.0714,-0.1368,-0.0024,-0.0015,0.0001,0.4205,0.4501,0.7223,-0.0141,-0.0740,0.0425,high_score
2025-07-21,688525.SH,佰维存储,半导体,-0.4047,0.1923,3.2037,19.8587,0.4354,0.0462,0.0884,0.6587,,0.1786,0.0458,0.0012,-0.0004,0.0002,0.5218,0.4859,1.2109,-0.0291,0.0812,0.0204,high_score
2025-08-08,688525.SH,佰维存储,半导体,-0.6171,0.0980,4.2199,20.1600,0.3764,0.0236,-0.0035,0.5516,0.3913,0.1508,0.0266,0.0018,0.0005,0.0000,0.5236,0.5044,1.2242,-0.0934,-0.0014,0.0183,high_score
2024-02-21,688568.SH,中科星图,软件服务,1.3368,0.8485,1.0816,18.8707,0.1369,-0.2357,-0.1427,0.0317,0.0317,0.0317,-0.1894,-0.0018,-0.0040,-0.0016,0.4722,0.4043,1.0523,-0.0322,-0.0085,0.0267,missed
2024-03-07,688568.SH,中科星图,软件服务,0.7394,0.5000,1.0756,18.5161,0.3967,-0.0484,-0.0593,0.1746,0.1786,0.0754,-0.0342,0.0094,-0.0013,-0.0012,0.5852,0.4432,1.3806,-0.0582,0.0487,0.0182,high_score
2025-05-30,688568.SH,中科星图,软件服务,2.0368,0.9744,1.0549,20.6185,0.0025,-0.4132,-0.4374,0.2421,0.5040,0.5397,-0.2679,-0.0029,-0.0028,0.0004,0.4172,0.4482,0.9025,-0.2796,-0.2390,0.0849,missed
2025-06-03,688568.SH,中科星图,软件服务,0.3785,0.5735,1.1688,19.8263,0.0025,-0.4182,-0.4322,0.2460,0.5556,0.5675,-0.2727,-0.0041,-0.0029,0.0002,0.3948,0.4431,0.9040,-0.2826,-0.2368,0.0826,missed
2023-08-18,688578.SH,艾力斯,化学制药,3.1202,0.9706,1.5872,17.3860,0.1076,-0.2080,-0.0004,0.4345,0.0317,0.3095,-0.2345,-0.0032,-0.0025,-0.0011,0.4375,0.4367,1.0776,-0.1215,-0.0621,0.0184,missed
2023-09-07,688578.SH,艾力斯,化学制药,2.0359,0.8750,1.1931,18.8964,0.9130,0.1159,0.1443,0.9087,0.3095,0.7659,0.1103,-0.0010,-0.0014,-0.0009,0.4075,0.4533,1.2831,0.2972,0.2032,0.0150,missed
2024-09-23,688578.SH,艾力斯,化学制药,0.1950,0.3421,1.3549,18.7868,0.0139,-0.3776,-0.1291,0.2817,0.0040,0.0159,-0.3179,-0.0019,-0.0009,0.0002,0.4275,0.4433,0.9423,-0.1069,-0.3213,0.0279,high_score
2024-07-18,688582.SH,芯动联科,元器件,0.3446,0.4105,1.1725,17.9347,0.5485,-0.0525,-0.1401,0.1190,0.0635,0.1270,-0.0387,0.0010,0.0021,0.0013,0.4391,0.4913,1.3912,-0.0838,-0.2023,0.0971,high_score
2024-09-25,688582.SH,芯动联科,元器件,0.4191,0.5616,1.0034,18.2734,0.9849,0.2524,-0.0410,0.4802,0.3770,0.4246,0.2050,0.0004,-0.0008,0.0001,0.4598,0.4457,1.4630,0.0059,0.2953,0.0883,missed
2020-12-02,688599.SH,天合光能,电气设备,-1.0190,0.1321,1.4441,19.9024,0.9410,0.3401,,0.9831,0.9831,0.9831,0.2464,0.0013,0.0015,0.0031,0.5014,0.4789,1.2477,0.2836,0.2565,0.1160,high_score
2021-01-19,688599.SH,天合光能,电气设备,-0.8780,0.2000,2.0667,19.4804,0.8319,0.3270,0.2390,0.7881,0.7881,0.7881,0.1940,0.0020,0.0035,0.0030,0.4977,0.5068,1.5647,-0.1754,0.0976,0.1207,high_score
2021-02-25,688599.SH,天合光能,电气设备,0.4965,0.6327,3.1132,19.1485,0.2851,-0.0806,0.2128,0.6590,0.6590,0.6416,-0.0449,-0.0031,0.0023,0.0022,0.4595,0.4947,1.2190,-0.0414,-0.2177,0.1440,missed
2021-03-16,688599.SH,天合光能,电气设备,1.1262,0.7931,3.1783,18.7046,0.2119,-0.1404,0.1867,0.5914,0.5914,0.5484,-0.0831,-0.0053,0.0011,0.0020,0.4646,0.5034,0.8806,-0.0003,-0.1993,0.1412,missed
2021-04-28,688599.SH,天合光能,电气设备,0.4173,0.3662,2.9245,18.2370,0.0630,-0.2586,0.0398,0.4444,0.0069,0.2569,-0.1968,0.0022,-0.0011,0.0016,0.4955,0.4809,0.7966,-0.0774,-0.1887,0.0841,high_score
2021-05-27,688599.SH,天合光能,电气设备,-0.8295,0.1463,2.8981,18.5035,0.0965,-0.1595,-0.2262,0.3846,0.0491,0.1603,-0.1468,0.0025,0.0011,0.0016,0.4974,0.4955,1.1305,-0.1171,-0.2335,0.0592,high_score
2021-06-09,688599.SH,天合光能,电气设备,-0.6492,0.1739,3.2826,18.6731,0.1858,-0.0943,-0.1643,0.4115,0.0576,0.3169,-0.0814,0.0049,0.0024,0.0019,0.5103,0.4910,1.2373,-0.0206,-0.2423,0.0641,high_score
2024-02-29,688608.SH,恒玄科技,半导体,2.1440,0.9737,1.1747,19.3548,0.0596,-0.2140,-0.0105,0.0397,0.1508,0.0278,-0.1437,0.0047,-0.0018,-0.0000,0.5314,0.4361,1.3001,-0.1545,-0.0870,0.0245,missed
2024-03-05,688608.SH,恒玄科技,半导体,2.2662,0.8710,1.4498,18.9108,0.0735,-0.1985,-0.0871,0.0992,0.1984,0.0714,-0.1311,0.0070,-0.0016,-0.0006,0.5492,0.4382,1.4152,-0.1458,-0.0818,0.0226,missed
2024-04-02,688608.SH,恒玄科技,半导体,1.6491,0.9286,1.9800,18.9401,0.0228,-0.2736,-0.0393,0.0913,0.0913,0.0794,-0.1670,-0.0031,-0.0021,-0.0008,0.4367,0.4370,1.4367,0.0423,-0.1376,0.0109,missed
2024-05-09,688608.SH,恒玄科技,半导体,1.2353,0.7647,2.1985,17.9645,0.4994,0.1651,-0.0291,0.5575,0.5357,0.4960,0.1022,0.0034,0.0031,-0.0012,0.5065,0.5017,0.7799,0.1268,-0.0172,0.0172,missed
2024-06-12,688608.SH,恒玄科技,半导体,0.3998,0.5143,1.6184,19.0123,0.9229,0.2209,0.0054,0.8016,0.7619,0.7619,0.1643,0.0035,-0.0001,-0.0007,0.4954,0.4537,1.1391,-0.0416,0.2354,0.0338,missed
2024-07-03,688608.SH,恒玄科技,半导体,-0.2850,0.2917,1.7610,18.8912,0.9760,0.2813,-0.0693,0.9563,0.9286,0.9563,0.2218,0.0002,0.0004,-0.0008,0.4843,0.4682,1.7487,0.0742,0.2712,0.0408,high_score
2024-08-27,688608.SH,恒玄科技,半导体,1.3296,0.7742,1.6005,18.6827,0.9760,0.1338,0.3104,0.8611,0.8571,0.8492,0.1166,-0.0055,-0.0014,-0.0011,0.3759,0.4481,0.8845,0.0115,0.2245,0.0545,missed
2024-09-11,688608.SH,恒玄科技,半导体,1.9646,0.9000,1.6335,18.4344,0.8955,0.0259,0.2456,0.7361,0.6984,0.6587,0.0225,-0.0037,-0.0025,-0.0012,0.4142,0.4452,0.6666,-0.0414,0.1758,0.0506,missed
2022-04-26,688617.SH,惠泰医疗,医疗保健,1.6222,1.0000,1.1454,17.6511,0.3084,-0.3246,-0.5707,0.0079,0.0079,0.0079,-0.1789,-0.0040,-0.0032,-0.0011,0.4250,0.4574,1.1029,-0.2429,-0.1332,0.1570,missed
2022-05-05,688617.SH,惠泰医疗,医疗保健,0.4133,0.4571,1.0226,17.0860,0.3653,-0.2011,-0.4162,0.0278,0.0278,0.0278,-0.1085,-0.0031,-0.0013,-0.0008,0.4444,0.4843,0.9925,-0.1634,-0.1118,0.1276,high_score
2022-08-24,688617.SH,惠泰医疗,医疗保健,1.2243,0.7800,1.2801,17.8911,0.0568,-0.1975,-0.2165,0.0317,0.0317,0.0317,-0.1488,-0.0038,-0.0004,-0.0009,0.3868,0.4771,0.7450,-0.1158,-0.1638,0.0593,missed
2024-05-30,688629.SH,华丰科技,元器件,-0.3199,0.2000,1.5953,19.0005,0.9177,0.2502,0.0967,0.9089,0.9400,0.9044,0.0836,-0.0007,0.0010,-0.0002,0.4674,0.4753,1.0184,0.0276,0.1991,0.0686,high_score
2024-06-24,688629.SH,华丰科技,元器件,1.0817,0.6905,1.2195,18.7006,0.0657,-0.2873,0.0191,0.5394,0.8299,0.5145,-0.1064,0.0016,-0.0001,0.0004,0.5109,0.4768,1.0821,-0.3815,-0.2838,0.0760,missed
2024-08-07,688629.SH,华丰科技,元器件,-0.2087,0.2571,1.2134,18.4492,0.7945,-0.0259,0.6421,0.7063,0.7738,0.6786,-0.0110,-0.0044,-0.0004,0.0025,0.4185,0.4601,1.1937,0.0812,0.0026,0.0971,high_score
2024-09-13,688629.SH,华丰科技,元器件,2.0955,0.9200,1.6363,18.5081,0.1373,-0.2513,-0.3608,0.0714,0.5238,0.0794,-0.1315,-0.0016,-0.0014,-0.0006,0.4196,0.4351,1.2266,-0.3215,-0.1814,0.0909,missed
2024-10-11,688629.SH,华丰科技,元器件,-0.3667,0.1000,1.1218,19.8286,0.1171,-0.0408,0.1035,0.5437,0.6706,0.5794,-0.0173,0.0084,0.0018,0.0021,0.5043,0.4710,1.6737,-0.0420,-0.1326,0.0883,high_score
2024-12-09,688629.SH,华丰科技,元器件,-0.0025,0.4909,1.4841,19.2507,0.8717,0.5583,0.2560,0.9087,0.9087,0.9087,0.1914,-0.0023,0.0058,0.0028,0.4402,0.5076,1.4566,-0.1140,0.1827,0.1437,high_score
2025-01-06,688629.SH,华丰科技,元器件,-0.3269,0.1471,2.1488,19.2169,0.9171,0.2318,0.1815,0.7540,0.7619,0.7659,0.0944,-0.0027,0.0023,0.0020,0.4348,0.4877,0.8592,-0.0580,0.1117,0.1706,high_score
2025-04-10,688629.SH,华丰科技,元器件,-0.0577,0.1818,1.2738,20.6963,0.9686,0.3692,0.5310,0.8492,0.8492,0.8452,0.1512,-0.0096,-0.0003,0.0010,0.4043,0.4822,0.9905,-0.0964,0.4071,0.1060,high_score
2025-05-28,688629.SH,华丰科技,元器件,0.7542,0.6061,1.1766,19.3038,0.0339,-0.3092,0.5420,0.7758,,0.7540,-0.1756,-0.0000,-0.0026,0.0009,0.4348,0.4482,0.9059,-0.1078,-0.1484,0.0719,missed
2025-06-11,688629.SH,华丰科技,元器件,1.2095,0.9184,1.3061,19.1391,0.1016,-0.2008,0.4535,0.7579,,0.7341,-0.1242,-0.0003,-0.0015,0.0007,0.4435,0.4591,0.8819,-0.1173,-0.0978,0.0578,missed
2025-07-07,688629.SH,华丰科技,元器件,0.8941,0.6098,1.2186,19.5414,0.8519,0.2142,0.6446,0.7619,,0.7540,0.1518,0.0033,0.0038,0.0016,0.5022,0.5054,1.1105,-0.0712,-0.0469,0.0448,missed
2025-08-12,688629.SH,华丰科技,元器件,-0.0400,0.1765,1.1285,21.1755,0.6386,0.1093,0.2306,0.9286,,0.9127,0.0813,0.0046,0.0039,0.0014,0.4880,0.4978,1.4013,0.0559,-0.1627,0.0918,high_score
2022-05-27,688676.SH,金盘科技,电气设备,0.2085,0.5161,1.2839,17.0902,0.0720,-0.3235,-0.4994,0.1171,0.0675,0.0754,-0.1843,0.0121,-0.0025,-0.0025,0.6034,0.4443,0.9354,-0.1020,-0.1629,0.0006,missed
2025-02-05,688676.SH,金盘科技,电气设备,0.5349,0.5814,1.1335,20.7404,0.3957,-0.0819,-0.1196,0.2500,0.2460,0.2302,-0.0409,-0.0033,-0.0014,0.0016,0.4213,0.4507,0.9415,-0.1095,0.0055,0.1154,missed
2025-03-25,688676.SH,金盘科技,电气设备,0.7978,0.5789,1.1658,19.9898,0.8530,0.1283,0.4304,0.5754,0.6032,0.4484,0.0573,0.0004,0.0002,0.0026,0.4904,0.4738,1.5015,-0.0258,0.1233,0.0745,missed
2025-04-22,688676.SH,金盘科技,电气设备,2.1677,1.0000,2.2077,19.4642,0.0389,-0.2371,-0.1009,0.0595,0.0119,0.0159,-0.1184,-0.0057,-0.0012,-0.0008,0.4489,0.4730,0.8784,-0.1829,-0.1523,0.0577,missed
2025-05-16,688676.SH,金盘科技,电气设备,1.4474,0.8545,1.8784,19.2174,0.0627,-0.2096,-0.1091,0.2540,0.0952,0.1190,-0.1258,0.0019,-0.0010,-0.0010,0.5085,0.4837,0.7664,-0.0112,-0.1342,0.0499,missed
2025-06-16,688676.SH,金盘科技,电气设备,1.9958,0.7708,1.8944,19.7141,0.0339,-0.2926,0.0019,0.2698,0.1310,0.2738,-0.2189,-0.0011,-0.0020,-0.0009,0.4436,0.4624,0.9590,0.0101,-0.1696,0.0245,missed
2025-07-30,688676.SH,金盘科技,电气设备,0.8390,0.7250,1.3672,19.6932,0.7428,0.1461,0.0751,0.6528,0.4683,0.6270,0.1330,0.0028,0.0014,0.0005,0.4777,0.4858,1.6317,0.0722,0.0623,0.0319,missed
2024-04-03,688702.SH,盛科通信-U,半导体,0.6675,0.6111,1.4527,17.7143,0.0253,-0.2658,-0.3452,0.0833,,0.0985,-0.1261,-0.0029,-0.0018,-0.0008,0.4421,0.4407,1.3871,-0.0907,-0.1448,0.0103,missed
2025-03-25,688702.SH,盛科通信-U,半导体,0.3763,0.4211,1.0595,18.6429,0.0025,-0.3140,0.9308,0.6587,,0.6508,-0.1669,-0.0038,0.0000,0.0051,0.3856,0.4446,1.4106,-0.1065,-0.2966,0.1220,high_score
2025-04-29,688702.SH,盛科通信-U,半导体,1.5188,0.8537,1.1458,17.8868,0.0351,-0.2601,0.1004,0.5873,,0.5833,-0.1727,-0.0002,0.0005,0.0009,0.4800,0.4600,0.7227,-0.0013,-0.2686,0.0923,missed
2025-05-29,688702.SH,盛科通信-U,半导体,2.5793,0.9024,2.0439,17.9568,0.1054,-0.1696,-0.0969,0.4921,,0.4921,-0.1429,-0.0007,-0.0011,0.0006,0.4592,0.4428,0.8704,-0.0424,-0.0896,0.0608,missed
2025-06-24,688702.SH,盛科通信-U,半导体,2.5771,1.0000,1.7891,18.1083,0.2585,-0.1080,-0.3881,0.4087,,0.4087,-0.0894,0.0002,-0.0005,-0.0002,0.5180,0.4804,0.7787,-0.0161,-0.0571,0.0319,missed
2025-07-07,688702.SH,盛科通信-U,半导体,2.5583,0.9512,2.0371,17.9190,0.1468,-0.0431,-0.2420,0.3730,,0.3730,-0.0367,-0.0013,0.0011,0.0007,0.4918,0.4902,0.9985,-0.0548,-0.0971,0.0281,missed
2025-08-08,688702.SH,盛科通信-U,半导体,1.4642,0.7647,3.6572,18.6194,0.6688,0.1000,-0.1266,0.5833,,0.5873,0.0976,0.0018,0.0005,0.0000,0.5236,0.5044,1.2242,0.0441,0.0750,0.0183,missed
2024-08-30,688709.SH,成都华微,半导体,0.6476,0.5474,1.1330,18.4061,0.1223,-0.2367,-0.3489,0.0294,0.0294,0.0221,-0.2160,-0.0040,-0.0007,-0.0003,0.4071,0.4638,0.8364,-0.0914,-0.1865,0.0542,missed
2024-09-25,688709.SH,成都华微,半导体,1.1490,0.7808,1.2338,17.9238,0.0378,-0.2526,-0.3180,0.0855,0.0855,0.0855,-0.2442,-0.0003,-0.0014,-0.0005,0.4636,0.4478,0.6206,-0.0534,-0.1589,0.0454,missed
2024-12-31,688778.SH,厦钨新能,电气设备,2.2855,0.9800,1.2388,18.4851,0.8907,0.1159,0.4998,0.8492,0.8492,0.8492,0.0565,-0.0025,-0.0012,0.0023,0.4170,0.4624,0.6932,-0.0580,0.1908,0.1311,missed
2025-01-03,688778.SH,厦钨新能,电气设备,3.0052,1.0000,1.3635,18.8634,0.9259,0.1935,0.3969,0.8373,0.8373,0.8373,0.0973,-0.0043,-0.0006,0.0018,0.3979,0.4574,0.6936,-0.0878,0.2346,0.1291,missed
2025-04-07,688778.SH,厦钨新能,电气设备,2.5135,0.9452,1.2130,19.2181,0.5609,-0.0501,0.1448,0.6032,0.6032,0.5992,-0.0363,-0.0079,-0.0017,-0.0010,0.4032,0.4603,1.2161,-0.0637,0.0619,0.0648,missed
2025-05-09,688778.SH,厦钨新能,电气设备,0.8734,0.7250,1.2199,18.1895,0.6939,0.0232,-0.0571,0.7540,0.8929,0.7103,0.0178,0.0037,-0.0010,-0.0011,0.5532,0.4830,0.7934,0.1062,0.0977,0.0527,missed
2024-01-16,688981.SH,中芯国际,半导体,0.5260,0.4918,1.1196,20.4841,0.0583,-0.1902,-0.0614,0.1865,0.0159,0.1429,-0.2461,-0.0052,-0.0005,-0.0014,0.4029,0.4494,0.8270,-0.0437,-0.1508,0.0441,high_score
2024-02-26,688981.SH,中芯国际,半导体,1.2197,0.6250,1.0815,20.9216,0.2167,-0.1585,-0.0620,0.1349,0.0516,0.0794,-0.1804,0.0002,-0.0026,-0.0005,0.4862,0.4287,1.1965,-0.0078,0.0065,0.0273,missed
2024-04-16,688981.SH,中芯国际,半导体,0.1240,0.4839,1.2176,20.4572,0.1850,-0.1349,-0.2454,0.0079,0.9643,0.0079,-0.1303,-0.0070,-0.0018,-0.0014,0.3805,0.4462,1.0387,0.0109,-0.0186,0.0089,high_score
2024-05-20,688981.SH,中芯国际,半导体,0.2265,0.3571,1.3726,20.2629,0.1241,-0.0502,-0.2031,0.0873,0.9563,0.0873,-0.0615,0.0014,0.0006,-0.0014,0.4778,0.4735,0.8603,-0.0047,-0.0756,0.0274,high_score
2024-06-04,688981.SH,中芯国际,半导体,-0.9012,0.1026,1.1357,20.8070,0.3413,-0.0510,-0.1588,0.2619,1.0000,0.2698,-0.0633,-0.0001,-0.0007,-0.0012,0.4472,0.4524,1.0405,0.0715,-0.0030,0.0320,high_score
